##### run-C PMQ+Qf : K_f=200 K_t=1024 K_i=1024 K_pool=500 (full width, B=1) #####
2026-08-01 09:29:54.761143: I tensorflow/core/util/port.cc:153] oneDNN custom operations are on. You may see slightly different numerical results due to floating-point round-off errors from different computation orders. To turn them off, set the environment variable `TF_ENABLE_ONEDNN_OPTS=0`.
2026-08-01 09:29:57.780632: I tensorflow/core/platform/cpu_feature_guard.cc:210] This TensorFlow binary is optimized to use available CPU instructions in performance-critical operations.
To enable the following instructions: AVX2 AVX512F AVX512_VNNI FMA, in other operations, rebuild TensorFlow with the appropriate compiler flags.
[[36m2026-08-01 09:30:13,013[0m][[34msrc.utils.utils[0m][[32mINFO[0m] - [rank: 0] Enforcing tags! <cfg.extras.enforce_tags=True>[0m
[[36m2026-08-01 09:30:13,024[0m][[34msrc.utils.utils[0m][[32mINFO[0m] - [rank: 0] Printing config tree with Rich! <cfg.extras.print_config=True>[0m
CONFIG
├── data_loading
│   └── features_config:                                                        
│         features:                                                             
│         - name: sequence_data                                                 
│           num_placeholder_tokens: 0                                           
│           semantic_ids: ???                                                   
│           is_item_ids: true                                                   
│           type:                                                               
│             _target_: torch.__dict__.get                                      
│             _args_:                                                           
│             - int32                                                           
│         - name: behavior_data                                                 
│           num_placeholder_tokens: 0                                           
│           is_item_ids: true                                                   
│           type:                                                               
│             _target_: torch.__dict__.get                                      
│             _args_:                                                           
│             - int32                                                           
│         - name: user_id                                                       
│           is_item_ids: true                                                   
│           type:                                                               
│             _target_: torch.__dict__.get                                      
│             _args_:                                                           
│             - int32                                                           
│       dataset_config:                                                         
│         dataset:                                                              
│           _target_: src.data.loading.components.interfaces.SemanticIDDatasetCo
│           user_id_field: user_id                                              
│           min_sequence_length: 1                                              
│           iterate_per_row: true                                               
│           keep_user_id: true                                                  
│           features_to_consider:                                               
│           - sequence_data                                                     
│           - behavior_data                                                     
│           - user_id                                                           
│           num_placeholder_tokens_map:                                         
│             sequence_data: 0                                                  
│             behavior_data: 0                                                  
│           semantic_id_map: {}                                                 
│           data_iterator:                                                      
│             _target_: src.data.loading.components.iterators.TFRecordIterator  
│           preprocessing_functions:                                            
│           - _target_: src.data.loading.components.pre_processing.filter_featur
│             _partial_: true                                                   
│           - _target_: src.data.loading.components.pre_processing.convert_to_de
│             _partial_: true                                                   
│           - _target_: src.data.loading.components.pre_processing.convert_field
│             _partial_: true                                                   
│           - _target_: src.data.loading.components.pre_processing.map_sparse_id
│             _partial_: true                                                   
│             features_to_apply:                                                
│             - sequence_data                                                   
│             num_hierarchies: 3                                                
│       train_dataloader_config:                                                
│         dataloader:                                                           
│           _target_: src.data.loading.components.interfaces.SequenceDataloaderC
│           dataset_class:                                                      
│             _target_: src.data.loading.components.dataloading.UnboundedSequenc
│             _partial_: true                                                   
│           data_folder: /scratch/yw8866/rec-tmall/tfrecords_mb_userdrop/trainin
│           should_shuffle_rows: true                                           
│           labels:                                                             
│             sequence_data:                                                    
│               transform:                                                      
│                 _target_: src.data.loading.components.label_function.NextKToke
│                 next_k: 4                                                     
│           batch_size_per_device: 32                                           
│           num_workers: 16                                                     
│           timeout: 60                                                         
│           assign_files_by_size: false                                         
│           oov_token: null                                                     
│           masking_token: -1                                                   
│           sequence_length: 160                                                
│           padding_token: -1                                                   
│           drop_last: true                                                     
│           persistent_workers: true                                            
│           pin_memory: true                                                    
│           collate_fn:                                                         
│             _target_: src.data.loading.components.collate_functions.collate_wi
│             _partial_: true                                                   
│             sequence_length: 160                                              
│             padding_token: -1                                                 
│             sequence_field_name: sequence_data                                
│             behavior_field_name: behavior_data                                
│             sid_hierarchy: 3                                                  
│             max_batch_size: 1024                                              
│           dataset_config:                                                     
│             _target_: src.data.loading.components.interfaces.SemanticIDDataset
│             user_id_field: user_id                                            
│             min_sequence_length: 1                                            
│             iterate_per_row: true                                             
│             keep_user_id: true                                                
│             features_to_consider:                                             
│             - sequence_data                                                   
│             - behavior_data                                                   
│             - user_id                                                         
│             num_placeholder_tokens_map:                                       
│               sequence_data: 0                                                
│               behavior_data: 0                                                
│             semantic_id_map:                                                  
│               sequence_data:                                                  
│                 _target_: torch.load                                          
│                 _args_:                                                       
│                 - _target_: src.utils.file_utils.open_local_or_remote         
│                   file_path: /scratch/yw8866/logs/inference/runs/2026-05-06/20
│                   mode: rb                                                    
│             data_iterator:                                                    
│               _target_: src.data.loading.components.iterators.TFRecordIterator
│             preprocessing_functions:                                          
│             - _target_: src.data.loading.components.pre_processing.filter_feat
│               _partial_: true                                                 
│             - _target_: src.data.loading.components.pre_processing.convert_to_
│               _partial_: true                                                 
│             - _target_: src.data.loading.components.pre_processing.convert_fie
│               _partial_: true                                                 
│             - _target_: src.data.loading.components.pre_processing.map_sparse_
│               _partial_: true                                                 
│               features_to_apply:                                              
│               - sequence_data                                                 
│               num_hierarchies: 3                                              
│           assign_all_files_per_worker: true                                   
│       val_dataloader_config:                                                  
│         dataloader:                                                           
│           _target_: src.data.loading.components.interfaces.SequenceDataloaderC
│           dataset_class:                                                      
│             _target_: src.data.loading.components.dataloading.UnboundedSequenc
│             _partial_: true                                                   
│           data_folder: /scratch/yw8866/rec-tmall/tfrecords_mb_userdrop/evaluat
│           should_shuffle_rows: false                                          
│           labels:                                                             
│             sequence_data:                                                    
│               transform:                                                      
│                 _target_: src.data.loading.components.label_function.NextKToke
│                 next_k: 4                                                     
│           batch_size_per_device: 64                                           
│           num_workers: 8                                                      
│           timeout: 60                                                         
│           assign_files_by_size: true                                          
│           oov_token: null                                                     
│           masking_token: -1                                                   
│           sequence_length: 160                                                
│           padding_token: -1                                                   
│           drop_last: false                                                    
│           persistent_workers: true                                            
│           pin_memory: true                                                    
│           collate_fn:                                                         
│             _target_: src.data.loading.components.collate_functions.collate_wi
│             _partial_: true                                                   
│             sequence_length: 160                                              
│             padding_token: -1                                                 
│             sequence_field_name: sequence_data                                
│             behavior_field_name: behavior_data                                
│             sid_hierarchy: 3                                                  
│           dataset_config:                                                     
│             _target_: src.data.loading.components.interfaces.SemanticIDDataset
│             user_id_field: user_id                                            
│             min_sequence_length: 1                                            
│             iterate_per_row: true                                             
│             keep_user_id: true                                                
│             features_to_consider:                                             
│             - sequence_data                                                   
│             - behavior_data                                                   
│             - user_id                                                         
│             num_placeholder_tokens_map:                                       
│               sequence_data: 0                                                
│               behavior_data: 0                                                
│             semantic_id_map:                                                  
│               sequence_data:                                                  
│                 _target_: torch.load                                          
│                 _args_:                                                       
│                 - _target_: src.utils.file_utils.open_local_or_remote         
│                   file_path: /scratch/yw8866/logs/inference/runs/2026-05-06/20
│                   mode: rb                                                    
│             data_iterator:                                                    
│               _target_: src.data.loading.components.iterators.TFRecordIterator
│             preprocessing_functions:                                          
│             - _target_: src.data.loading.components.pre_processing.filter_feat
│               _partial_: true                                                 
│             - _target_: src.data.loading.components.pre_processing.convert_to_
│               _partial_: true                                                 
│             - _target_: src.data.loading.components.pre_processing.convert_fie
│               _partial_: true                                                 
│             - _target_: src.data.loading.components.pre_processing.map_sparse_
│               _partial_: true                                                 
│               features_to_apply:                                              
│               - sequence_data                                                 
│               num_hierarchies: 3                                              
│       test_dataloader_config:                                                 
│         dataloader:                                                           
│           _target_: src.data.loading.components.interfaces.SequenceDataloaderC
│           dataset_class:                                                      
│             _target_: src.data.loading.components.dataloading.UnboundedSequenc
│             _partial_: true                                                   
│           data_folder: /scratch/yw8866/rec-tmall/tfrecords_mb_userdrop/testing
│           should_shuffle_rows: false                                          
│           labels:                                                             
│             sequence_data:                                                    
│               transform:                                                      
│                 _target_: src.data.loading.components.label_function.NextKToke
│                 next_k: 4                                                     
│           batch_size_per_device: 1                                            
│           num_workers: 8                                                      
│           timeout: 60                                                         
│           assign_files_by_size: true                                          
│           oov_token: null                                                     
│           masking_token: -1                                                   
│           sequence_length: 160                                                
│           padding_token: -1                                                   
│           drop_last: false                                                    
│           persistent_workers: true                                            
│           pin_memory: true                                                    
│           collate_fn:                                                         
│             _target_: src.data.loading.components.collate_functions.collate_wi
│             _partial_: true                                                   
│             sequence_length: 160                                              
│             padding_token: -1                                                 
│             sequence_field_name: sequence_data                                
│             behavior_field_name: behavior_data                                
│             sid_hierarchy: 3                                                  
│           dataset_config:                                                     
│             _target_: src.data.loading.components.interfaces.SemanticIDDataset
│             user_id_field: user_id                                            
│             min_sequence_length: 1                                            
│             iterate_per_row: true                                             
│             keep_user_id: true                                                
│             features_to_consider:                                             
│             - sequence_data                                                   
│             - behavior_data                                                   
│             - user_id                                                         
│             num_placeholder_tokens_map:                                       
│               sequence_data: 0                                                
│               behavior_data: 0                                                
│             semantic_id_map:                                                  
│               sequence_data:                                                  
│                 _target_: torch.load                                          
│                 _args_:                                                       
│                 - _target_: src.utils.file_utils.open_local_or_remote         
│                   file_path: /scratch/yw8866/logs/inference/runs/2026-05-06/20
│                   mode: rb                                                    
│             data_iterator:                                                    
│               _target_: src.data.loading.components.iterators.TFRecordIterator
│             preprocessing_functions:                                          
│             - _target_: src.data.loading.components.pre_processing.filter_feat
│               _partial_: true                                                 
│             - _target_: src.data.loading.components.pre_processing.convert_to_
│               _partial_: true                                                 
│             - _target_: src.data.loading.components.pre_processing.convert_fie
│               _partial_: true                                                 
│             - _target_: src.data.loading.components.pre_processing.map_sparse_
│               _partial_: true                                                 
│               features_to_apply:                                              
│               - sequence_data                                                 
│               num_hierarchies: 3                                              
│       datamodule:                                                             
│         _target_: src.data.loading.datamodules.sequence_datamodule.SequenceDat
│         train_dataloader_config:                                              
│           _target_: src.data.loading.components.interfaces.SequenceDataloaderC
│           dataset_class:                                                      
│             _target_: src.data.loading.components.dataloading.UnboundedSequenc
│             _partial_: true                                                   
│           data_folder: /scratch/yw8866/rec-tmall/tfrecords_mb_userdrop/trainin
│           should_shuffle_rows: true                                           
│           labels:                                                             
│             sequence_data:                                                    
│               transform:                                                      
│                 _target_: src.data.loading.components.label_function.NextKToke
│                 next_k: 4                                                     
│           batch_size_per_device: 32                                           
│           num_workers: 16                                                     
│           timeout: 60                                                         
│           assign_files_by_size: false                                         
│           oov_token: null                                                     
│           masking_token: -1                                                   
│           sequence_length: 160                                                
│           padding_token: -1                                                   
│           drop_last: true                                                     
│           persistent_workers: true                                            
│           pin_memory: true                                                    
│           collate_fn:                                                         
│             _target_: src.data.loading.components.collate_functions.collate_wi
│             _partial_: true                                                   
│             sequence_length: 160                                              
│             padding_token: -1                                                 
│             sequence_field_name: sequence_data                                
│             behavior_field_name: behavior_data                                
│             sid_hierarchy: 3                                                  
│             max_batch_size: 1024                                              
│           dataset_config:                                                     
│             _target_: src.data.loading.components.interfaces.SemanticIDDataset
│             user_id_field: user_id                                            
│             min_sequence_length: 1                                            
│             iterate_per_row: true                                             
│             keep_user_id: true                                                
│             features_to_consider:                                             
│             - sequence_data                                                   
│             - behavior_data                                                   
│             - user_id                                                         
│             num_placeholder_tokens_map:                                       
│               sequence_data: 0                                                
│               behavior_data: 0                                                
│             semantic_id_map:                                                  
│               sequence_data:                                                  
│                 _target_: torch.load                                          
│                 _args_:                                                       
│                 - _target_: src.utils.file_utils.open_local_or_remote         
│                   file_path: /scratch/yw8866/logs/inference/runs/2026-05-06/20
│                   mode: rb                                                    
│             data_iterator:                                                    
│               _target_: src.data.loading.components.iterators.TFRecordIterator
│             preprocessing_functions:                                          
│             - _target_: src.data.loading.components.pre_processing.filter_feat
│               _partial_: true                                                 
│             - _target_: src.data.loading.components.pre_processing.convert_to_
│               _partial_: true                                                 
│             - _target_: src.data.loading.components.pre_processing.convert_fie
│               _partial_: true                                                 
│             - _target_: src.data.loading.components.pre_processing.map_sparse_
│               _partial_: true                                                 
│               features_to_apply:                                              
│               - sequence_data                                                 
│               num_hierarchies: 3                                              
│           assign_all_files_per_worker: true                                   
│         val_dataloader_config:                                                
│           _target_: src.data.loading.components.interfaces.SequenceDataloaderC
│           dataset_class:                                                      
│             _target_: src.data.loading.components.dataloading.UnboundedSequenc
│             _partial_: true                                                   
│           data_folder: /scratch/yw8866/rec-tmall/tfrecords_mb_userdrop/evaluat
│           should_shuffle_rows: false                                          
│           labels:                                                             
│             sequence_data:                                                    
│               transform:                                                      
│                 _target_: src.data.loading.components.label_function.NextKToke
│                 next_k: 4                                                     
│           batch_size_per_device: 64                                           
│           num_workers: 8                                                      
│           timeout: 60                                                         
│           assign_files_by_size: true                                          
│           oov_token: null                                                     
│           masking_token: -1                                                   
│           sequence_length: 160                                                
│           padding_token: -1                                                   
│           drop_last: false                                                    
│           persistent_workers: true                                            
│           pin_memory: true                                                    
│           collate_fn:                                                         
│             _target_: src.data.loading.components.collate_functions.collate_wi
│             _partial_: true                                                   
│             sequence_length: 160                                              
│             padding_token: -1                                                 
│             sequence_field_name: sequence_data                                
│             behavior_field_name: behavior_data                                
│             sid_hierarchy: 3                                                  
│           dataset_config:                                                     
│             _target_: src.data.loading.components.interfaces.SemanticIDDataset
│             user_id_field: user_id                                            
│             min_sequence_length: 1                                            
│             iterate_per_row: true                                             
│             keep_user_id: true                                                
│             features_to_consider:                                             
│             - sequence_data                                                   
│             - behavior_data                                                   
│             - user_id                                                         
│             num_placeholder_tokens_map:                                       
│               sequence_data: 0                                                
│               behavior_data: 0                                                
│             semantic_id_map:                                                  
│               sequence_data:                                                  
│                 _target_: torch.load                                          
│                 _args_:                                                       
│                 - _target_: src.utils.file_utils.open_local_or_remote         
│                   file_path: /scratch/yw8866/logs/inference/runs/2026-05-06/20
│                   mode: rb                                                    
│             data_iterator:                                                    
│               _target_: src.data.loading.components.iterators.TFRecordIterator
│             preprocessing_functions:                                          
│             - _target_: src.data.loading.components.pre_processing.filter_feat
│               _partial_: true                                                 
│             - _target_: src.data.loading.components.pre_processing.convert_to_
│               _partial_: true                                                 
│             - _target_: src.data.loading.components.pre_processing.convert_fie
│               _partial_: true                                                 
│             - _target_: src.data.loading.components.pre_processing.map_sparse_
│               _partial_: true                                                 
│               features_to_apply:                                              
│               - sequence_data                                                 
│               num_hierarchies: 3                                              
│         test_dataloader_config:                                               
│           _target_: src.data.loading.components.interfaces.SequenceDataloaderC
│           dataset_class:                                                      
│             _target_: src.data.loading.components.dataloading.UnboundedSequenc
│             _partial_: true                                                   
│           data_folder: /scratch/yw8866/rec-tmall/tfrecords_mb_userdrop/testing
│           should_shuffle_rows: false                                          
│           labels:                                                             
│             sequence_data:                                                    
│               transform:                                                      
│                 _target_: src.data.loading.components.label_function.NextKToke
│                 next_k: 4                                                     
│           batch_size_per_device: 1                                            
│           num_workers: 8                                                      
│           timeout: 60                                                         
│           assign_files_by_size: true                                          
│           oov_token: null                                                     
│           masking_token: -1                                                   
│           sequence_length: 160                                                
│           padding_token: -1                                                   
│           drop_last: false                                                    
│           persistent_workers: true                                            
│           pin_memory: true                                                    
│           collate_fn:                                                         
│             _target_: src.data.loading.components.collate_functions.collate_wi
│             _partial_: true                                                   
│             sequence_length: 160                                              
│             padding_token: -1                                                 
│             sequence_field_name: sequence_data                                
│             behavior_field_name: behavior_data                                
│             sid_hierarchy: 3                                                  
│           dataset_config:                                                     
│             _target_: src.data.loading.components.interfaces.SemanticIDDataset
│             user_id_field: user_id                                            
│             min_sequence_length: 1                                            
│             iterate_per_row: true                                             
│             keep_user_id: true                                                
│             features_to_consider:                                             
│             - sequence_data                                                   
│             - behavior_data                                                   
│             - user_id                                                         
│             num_placeholder_tokens_map:                                       
│               sequence_data: 0                                                
│               behavior_data: 0                                                
│             semantic_id_map:                                                  
│               sequence_data:                                                  
│                 _target_: torch.load                                          
│                 _args_:                                                       
│                 - _target_: src.utils.file_utils.open_local_or_remote         
│                   file_path: /scratch/yw8866/logs/inference/runs/2026-05-06/20
│                   mode: rb                                                    
│             data_iterator:                                                    
│               _target_: src.data.loading.components.iterators.TFRecordIterator
│             preprocessing_functions:                                          
│             - _target_: src.data.loading.components.pre_processing.filter_feat
│               _partial_: true                                                 
│             - _target_: src.data.loading.components.pre_processing.convert_to_
│               _partial_: true                                                 
│             - _target_: src.data.loading.components.pre_processing.convert_fie
│               _partial_: true                                                 
│             - _target_: src.data.loading.components.pre_processing.map_sparse_
│               _partial_: true                                                 
│               features_to_apply:                                              
│               - sequence_data                                                 
│               num_hierarchies: 3                                              
│                                                                               
├── model
│   └── huggingface_model:                                                      
│         _target_: transformers.T5EncoderModel                                 
│         config:                                                               
│           _target_: transformers.T5Config                                     
│           vocab_size: 256                                                     
│           d_model: 128                                                        
│           num_heads: 6                                                        
│           dropout_rate: 0.15                                                  
│           d_ff: 1024                                                          
│           d_kv: 64                                                            
│           num_layers: 4                                                       
│       _target_: src.models.modules.semantic_id.mfd_generation_model.MFDMultiBe
│       use_modality_factorized: true                                           
│       mfd_top_k_shared: 200                                                   
│       mfd_top_k_text: 1024                                                    
│       mfd_top_k_image: 1024                                                   
│       mfd_pool_size: 500                                                      
│       mfd_tau: 1.0                                                            
│       mfd_catalog_constraint: true                                            
│       mfd_score_text: true                                                    
│       mfd_score_image: true                                                   
│       mfd_behavior_marginalized: true                                         
│       mfd_behavior_weight: 1.0                                                
│       mfd_audit_dump: false                                                   
│       mfd_audit_path: /scratch/yw8866/rec-tmall/mfd_audit_dump.pt             
│       mfd_audit_max_events: 200000                                            
│       mfd_audit_pv_cap: 100000                                                
│       feature_to_model_input_map:                                             
│         sequence_data: input_ids                                              
│         user_id: user_id                                                      
│       postprocessor: null                                                     
│       aggregator: null                                                        
│       loss_function:                                                          
│         _target_: torch.nn.CrossEntropyLoss                                   
│       optimizer:                                                              
│         _target_: torch.optim.Adam                                            
│         _partial_: true                                                       
│         lr: 0.001                                                             
│         weight_decay: 0.0001                                                  
│       scheduler: null                                                         
│       evaluator:                                                              
│         _target_: src.components.eval_metrics.MultiBehaviorSIDRetrievalEvaluat
│         buy_behavior_id: 3                                                    
│         probe_sid_distance: false                                             
│         top_k_list:                                                           
│         - 5                                                                   
│         - 10                                                                  
│         metrics:                                                              
│           ndcg:                                                               
│             _target_: src.components.eval_metrics.NDCG                        
│             _partial_: true                                                   
│           recall:                                                             
│             _target_: src.components.eval_metrics.Recall                      
│             _partial_: true                                                   
│       weight_tying: true                                                      
│       compile: false                                                          
│       decoder:                                                                
│         _target_: transformers.models.t5.modeling_t5.T5Stack                  
│         config:                                                               
│           _target_: transformers.models.t5.configuration_t5.T5Config          
│           vocab_size: 256                                                     
│           d_model: 128                                                        
│           num_heads: 6                                                        
│           dropout_rate: 0.15                                                  
│           d_ff: 1024                                                          
│           d_kv: 64                                                            
│           num_layers: 4                                                       
│           is_decoder: true                                                    
│           is_encoder_decoder: false                                           
│         embed_tokens:                                                         
│           _target_: torch.nn.Embedding                                        
│           num_embeddings: 256                                                 
│           embedding_dim: 128                                                  
│       num_hierarchies: 3                                                      
│       num_behaviors: 4                                                        
│       num_user_bins: null                                                     
│       codebooks:                                                              
│         _target_: torch.load                                                  
│         _args_:                                                               
│         - _target_: src.utils.file_utils.open_local_or_remote                 
│           file_path: /scratch/yw8866/logs/inference/runs/2026-05-06/2048_1024/
│           mode: rb                                                            
│       mlp_layers: 2                                                           
│       codebook_init_path: null                                                
│       codebook_sizes:                                                         
│       - 2048                                                                  
│       - 1024                                                                  
│       - 1024                                                                  
│       use_item_pe: false                                                      
│       item_pe_max_seq_len: 1024                                               
│       use_bmtv: false                                                         
│       bmtv_max_seq_len: 1024                                                  
│       focal_behavior: false                                                   
│       focal_gamma: 2.0                                                        
│       focal_alpha: null                                                       
│       behavior_weighted_sid: false                                            
│       sid_behavior_weights:                                                   
│       - 1.0                                                                   
│       - 3.0                                                                   
│       - 3.0                                                                   
│       - 8.0                                                                   
│       use_semantic_align: false                                               
│       semantic_align_weight: 1.0                                              
│       align_loss_type: mse                                                    
│       align_temperature: 0.07                                                 
│       use_semantic_rerank: false                                              
│       rerank_weight: 0.5                                                      
│       top_k_for_generation: 10                                                
│       use_pmq: true                                                           
│       use_query_f: true                                                       
│       decoder_slot_type_emb: true                                             
│                                                                               
├── callbacks
│   └── model_checkpoint:                                                       
│         _target_: lightning.pytorch.callbacks.ModelCheckpoint                 
│         dirpath: /scratch/yw8866/logs/train/runs/2026-08-01/09-30-12/checkpoin
│         filename: checkpoint_{epoch:03d}_{step:06d}                           
│         monitor: val/t2_recall_5                                              
│         verbose: true                                                         
│         save_last: null                                                       
│         save_top_k: 1                                                         
│         mode: max                                                             
│         auto_insert_metric_name: true                                         
│         save_weights_only: false                                              
│         every_n_train_steps: null                                             
│         train_time_interval: null                                             
│         every_n_epochs: null                                                  
│         save_on_train_epoch_end: false                                        
│       early_stopping:                                                         
│         _target_: lightning.pytorch.callbacks.EarlyStopping                   
│         monitor: val/t2_recall_5                                              
│         min_delta: 0.0                                                        
│         patience: 6                                                           
│         verbose: true                                                         
│         mode: max                                                             
│         strict: true                                                          
│         check_finite: true                                                    
│         stopping_threshold: null                                              
│         divergence_threshold: null                                            
│         check_on_train_epoch_end: false                                       
│       model_summary:                                                          
│         _target_: lightning.pytorch.callbacks.RichModelSummary                
│         max_depth: -1                                                         
│       restart_job:                                                            
│         _target_: src.utils.restart_job.RestartAndLoadCheckpointCallback      
│         metadata_dir: /scratch/yw8866/logs/train/runs/2026-08-01/09-30-12/meta
│                                                                               
├── logger
│   └── csv:                                                                    
│         _target_: lightning.pytorch.loggers.csv_logs.CSVLogger                
│         save_dir: /scratch/yw8866/logs/train/runs/2026-08-01/09-30-12         
│         name: csv/                                                            
│         prefix: ''                                                            
│       wandb:                                                                  
│         _target_: lightning.pytorch.loggers.wandb.WandbLogger                 
│         project: MMMBGRec                                                     
│         name: tiger-mb-2026-08-01_09-30-13                                    
│         save_dir: /scratch/yw8866/logs/train/runs/2026-08-01/09-30-12         
│                                                                               
├── trainer
│   └── _target_: lightning.pytorch.trainer.Trainer                             
│       default_root_dir: /scratch/yw8866/logs/train/runs/2026-08-01/09-30-12   
│       min_steps: 1                                                            
│       max_steps: 320000                                                       
│       max_epochs: 10                                                          
│       accelerator: gpu                                                        
│       devices: -1                                                             
│       num_nodes: 1                                                            
│       precision: 32-true                                                      
│       log_every_n_steps: 100                                                  
│       val_check_interval: 5000                                                
│       deterministic: false                                                    
│       accumulate_grad_batches: 4                                              
│       limit_val_batches: 500                                                  
│       profiler:                                                               
│         _target_: lightning.pytorch.profilers.PassThroughProfiler             
│       strategy: ddp                                                           
│       sync_batchnorm: true                                                    
│       num_sanity_val_steps: 0                                                 
│       min_epochs: 0                                                           
│       limit_test_batches: 3000                                                
│                                                                               
├── paths
│   └── root_dir: .                                                             
│       data_dir: /scratch/yw8866/rec-tmall/tfrecords_mb_userdrop               
│       log_dir: ./logs                                                         
│       output_dir: /scratch/yw8866/logs/train/runs/2026-08-01/09-30-12         
│       work_dir: /scratch/yw8866                                               
│       profile_dir: ./logs/train/runs/2026-08-01/09-30-12/profile_output       
│       metadata_dir: /scratch/yw8866/logs/train/runs/2026-08-01/09-30-12/metada
│                                                                               
├── extras
│   └── ignore_warnings: false                                                  
│       enforce_tags: true                                                      
│       print_config_warnings: true                                             
│       print_config: true                                                      
│                                                                               
├── task_name
│   └── train                                                                   
├── id
│   └── 2026-08-01/09-30-12                                                     
├── tags
│   └── ['tiger-mb-mfd']                                                        
├── train
│   └── False                                                                   
├── test
│   └── True                                                                    
├── ckpt_path
│   └── /scratch/yw8866/rec-tmall/_mfd_pmqqf_probe.ckpt                         
├── seed
│   └── 42                                                                      
├── data_dir
│   └── /scratch/yw8866/rec-tmall/tfrecords_mb_userdrop                         
├── semantic_id_path
│   └── /scratch/yw8866/logs/inference/runs/2026-05-06/2048_1024/pickle/semantic
├── num_hierarchies
│   └── 3                                                                       
├── stride_per_item
│   └── 4                                                                       
├── sequence_length
│   └── 160                                                                     
├── num_behaviors
│   └── 4                                                                       
├── codebook_init_path
│   └── None                                                                    
├── codebook_sizes
│   └── [2048, 1024, 1024]                                                      
├── use_item_pe
│   └── False                                                                   
├── item_pe_max_seq_len
│   └── 1024                                                                    
├── use_bmtv
│   └── False                                                                   
├── bmtv_max_seq_len
│   └── 1024                                                                    
├── focal_behavior
│   └── False                                                                   
├── focal_gamma
│   └── 2.0                                                                     
├── focal_alpha
│   └── None                                                                    
├── behavior_weighted_sid
│   └── False                                                                   
├── sid_behavior_weights
│   └── [1.0, 3.0, 3.0, 8.0]                                                    
├── use_semantic_align
│   └── False                                                                   
├── semantic_align_weight
│   └── 1.0                                                                     
├── align_loss_type
│   └── mse                                                                     
├── align_temperature
│   └── 0.07                                                                    
├── use_semantic_rerank
│   └── False                                                                   
├── rerank_weight
│   └── 0.5                                                                     
├── top_k_for_generation
│   └── 10                                                                      
├── mfd_top_k_shared
│   └── 200                                                                     
├── mfd_top_k_text
│   └── 1024                                                                    
├── mfd_top_k_image
│   └── 1024                                                                    
├── mfd_pool_size
│   └── 500                                                                     
├── mfd_tau
│   └── 1.0                                                                     
├── mfd_catalog_constraint
│   └── True                                                                    
├── mfd_score_text
│   └── True                                                                    
├── mfd_score_image
│   └── True                                                                    
├── mfd_behavior_marginalized
│   └── True                                                                    
├── mfd_behavior_weight
│   └── 1.0                                                                     
├── mfd_audit_dump
│   └── False                                                                   
├── mfd_audit_path
│   └── /scratch/yw8866/rec-tmall/mfd_audit_dump.pt                             
├── mfd_audit_max_events
│   └── 200000                                                                  
├── mfd_audit_pv_cap
│   └── 100000                                                                  
├── probe_sid_distance
│   └── False                                                                   
├── loss
│   └── loss_function:                                                          
│         _target_: torch.nn.CrossEntropyLoss                                   
│                                                                               
├── optim
│   └── optimizer:                                                              
│         _target_: torch.optim.Adam                                            
│         _partial_: true                                                       
│         lr: 0.001                                                             
│         weight_decay: 0.0001                                                  
│       scheduler: null                                                         
│                                                                               
└── eval
    └── evaluator:                                                              
          _target_: src.components.eval_metrics.MultiBehaviorSIDRetrievalEvaluat
          buy_behavior_id: 3                                                    
          probe_sid_distance: false                                             
          top_k_list:                                                           
          - 5                                                                   
          - 10                                                                  
          metrics:                                                              
            ndcg:                                                               
              _target_: src.components.eval_metrics.NDCG                        
              _partial_: true                                                   
            recall:                                                             
              _target_: src.components.eval_metrics.Recall                      
              _partial_: true                                                   
                                                                                
[[36m2026-08-01 09:30:13,323[0m][[34msrc.utils.restart_job[0m][[32mINFO[0m] - [rank: 0] Using metadata dir: /scratch/yw8866/logs/train/runs/2026-08-01/09-30-12/metadata[0m
[[36m2026-08-01 09:30:13,323[0m][[34msrc.utils.restart_job[0m][[32mINFO[0m] - [rank: 0] Starting job (attempt 1/4): /ext3/miniforge3/envs/py310/bin/python /scratch/yw8866/GRID/src/train.py experiment=tiger_mb_mfd_flat train=false test=true ckpt_path=/scratch/yw8866/rec-tmall/_mfd_pmqqf_probe.ckpt data_dir=/scratch/yw8866/rec-tmall/tfrecords_mb_userdrop semantic_id_path=/scratch/yw8866/logs/inference/runs/2026-05-06/2048_1024/pickle/semantic_ids.pt num_hierarchies=3 codebook_init_path=null codebook_sizes=[2048,1024,1024] mfd_behavior_marginalized=true mfd_behavior_weight=1.0 mfd_top_k_shared=200 mfd_top_k_text=1024 mfd_top_k_image=1024 mfd_pool_size=500 +model.use_pmq=true +model.use_query_f=true +model.decoder_slot_type_emb=true data_loading.test_dataloader_config.dataloader.batch_size_per_device=1 +trainer.limit_test_batches=3000 ++should_skip_retry=True[0m
[[36m2026-08-01 09:30:46,557[0m][[34msrc.utils.utils[0m][[32mINFO[0m] - [rank: 0] Enforcing tags! <cfg.extras.enforce_tags=True>[0m
[[36m2026-08-01 09:30:46,566[0m][[34msrc.utils.utils[0m][[32mINFO[0m] - [rank: 0] Printing config tree with Rich! <cfg.extras.print_config=True>[0m
CONFIG
├── data_loading
│   └── features_config:                                                        
│         features:                                                             
│         - name: sequence_data                                                 
│           num_placeholder_tokens: 0                                           
│           semantic_ids: ???                                                   
│           is_item_ids: true                                                   
│           type:                                                               
│             _target_: torch.__dict__.get                                      
│             _args_:                                                           
│             - int32                                                           
│         - name: behavior_data                                                 
│           num_placeholder_tokens: 0                                           
│           is_item_ids: true                                                   
│           type:                                                               
│             _target_: torch.__dict__.get                                      
│             _args_:                                                           
│             - int32                                                           
│         - name: user_id                                                       
│           is_item_ids: true                                                   
│           type:                                                               
│             _target_: torch.__dict__.get                                      
│             _args_:                                                           
│             - int32                                                           
│       dataset_config:                                                         
│         dataset:                                                              
│           _target_: src.data.loading.components.interfaces.SemanticIDDatasetCo
│           user_id_field: user_id                                              
│           min_sequence_length: 1                                              
│           iterate_per_row: true                                               
│           keep_user_id: true                                                  
│           features_to_consider:                                               
│           - sequence_data                                                     
│           - behavior_data                                                     
│           - user_id                                                           
│           num_placeholder_tokens_map:                                         
│             sequence_data: 0                                                  
│             behavior_data: 0                                                  
│           semantic_id_map: {}                                                 
│           data_iterator:                                                      
│             _target_: src.data.loading.components.iterators.TFRecordIterator  
│           preprocessing_functions:                                            
│           - _target_: src.data.loading.components.pre_processing.filter_featur
│             _partial_: true                                                   
│           - _target_: src.data.loading.components.pre_processing.convert_to_de
│             _partial_: true                                                   
│           - _target_: src.data.loading.components.pre_processing.convert_field
│             _partial_: true                                                   
│           - _target_: src.data.loading.components.pre_processing.map_sparse_id
│             _partial_: true                                                   
│             features_to_apply:                                                
│             - sequence_data                                                   
│             num_hierarchies: 3                                                
│       train_dataloader_config:                                                
│         dataloader:                                                           
│           _target_: src.data.loading.components.interfaces.SequenceDataloaderC
│           dataset_class:                                                      
│             _target_: src.data.loading.components.dataloading.UnboundedSequenc
│             _partial_: true                                                   
│           data_folder: /scratch/yw8866/rec-tmall/tfrecords_mb_userdrop/trainin
│           should_shuffle_rows: true                                           
│           labels:                                                             
│             sequence_data:                                                    
│               transform:                                                      
│                 _target_: src.data.loading.components.label_function.NextKToke
│                 next_k: 4                                                     
│           batch_size_per_device: 32                                           
│           num_workers: 16                                                     
│           timeout: 60                                                         
│           assign_files_by_size: false                                         
│           oov_token: null                                                     
│           masking_token: -1                                                   
│           sequence_length: 160                                                
│           padding_token: -1                                                   
│           drop_last: true                                                     
│           persistent_workers: true                                            
│           pin_memory: true                                                    
│           collate_fn:                                                         
│             _target_: src.data.loading.components.collate_functions.collate_wi
│             _partial_: true                                                   
│             sequence_length: 160                                              
│             padding_token: -1                                                 
│             sequence_field_name: sequence_data                                
│             behavior_field_name: behavior_data                                
│             sid_hierarchy: 3                                                  
│             max_batch_size: 1024                                              
│           dataset_config:                                                     
│             _target_: src.data.loading.components.interfaces.SemanticIDDataset
│             user_id_field: user_id                                            
│             min_sequence_length: 1                                            
│             iterate_per_row: true                                             
│             keep_user_id: true                                                
│             features_to_consider:                                             
│             - sequence_data                                                   
│             - behavior_data                                                   
│             - user_id                                                         
│             num_placeholder_tokens_map:                                       
│               sequence_data: 0                                                
│               behavior_data: 0                                                
│             semantic_id_map:                                                  
│               sequence_data:                                                  
│                 _target_: torch.load                                          
│                 _args_:                                                       
│                 - _target_: src.utils.file_utils.open_local_or_remote         
│                   file_path: /scratch/yw8866/logs/inference/runs/2026-05-06/20
│                   mode: rb                                                    
│             data_iterator:                                                    
│               _target_: src.data.loading.components.iterators.TFRecordIterator
│             preprocessing_functions:                                          
│             - _target_: src.data.loading.components.pre_processing.filter_feat
│               _partial_: true                                                 
│             - _target_: src.data.loading.components.pre_processing.convert_to_
│               _partial_: true                                                 
│             - _target_: src.data.loading.components.pre_processing.convert_fie
│               _partial_: true                                                 
│             - _target_: src.data.loading.components.pre_processing.map_sparse_
│               _partial_: true                                                 
│               features_to_apply:                                              
│               - sequence_data                                                 
│               num_hierarchies: 3                                              
│           assign_all_files_per_worker: true                                   
│       val_dataloader_config:                                                  
│         dataloader:                                                           
│           _target_: src.data.loading.components.interfaces.SequenceDataloaderC
│           dataset_class:                                                      
│             _target_: src.data.loading.components.dataloading.UnboundedSequenc
│             _partial_: true                                                   
│           data_folder: /scratch/yw8866/rec-tmall/tfrecords_mb_userdrop/evaluat
│           should_shuffle_rows: false                                          
│           labels:                                                             
│             sequence_data:                                                    
│               transform:                                                      
│                 _target_: src.data.loading.components.label_function.NextKToke
│                 next_k: 4                                                     
│           batch_size_per_device: 64                                           
│           num_workers: 8                                                      
│           timeout: 60                                                         
│           assign_files_by_size: true                                          
│           oov_token: null                                                     
│           masking_token: -1                                                   
│           sequence_length: 160                                                
│           padding_token: -1                                                   
│           drop_last: false                                                    
│           persistent_workers: true                                            
│           pin_memory: true                                                    
│           collate_fn:                                                         
│             _target_: src.data.loading.components.collate_functions.collate_wi
│             _partial_: true                                                   
│             sequence_length: 160                                              
│             padding_token: -1                                                 
│             sequence_field_name: sequence_data                                
│             behavior_field_name: behavior_data                                
│             sid_hierarchy: 3                                                  
│           dataset_config:                                                     
│             _target_: src.data.loading.components.interfaces.SemanticIDDataset
│             user_id_field: user_id                                            
│             min_sequence_length: 1                                            
│             iterate_per_row: true                                             
│             keep_user_id: true                                                
│             features_to_consider:                                             
│             - sequence_data                                                   
│             - behavior_data                                                   
│             - user_id                                                         
│             num_placeholder_tokens_map:                                       
│               sequence_data: 0                                                
│               behavior_data: 0                                                
│             semantic_id_map:                                                  
│               sequence_data:                                                  
│                 _target_: torch.load                                          
│                 _args_:                                                       
│                 - _target_: src.utils.file_utils.open_local_or_remote         
│                   file_path: /scratch/yw8866/logs/inference/runs/2026-05-06/20
│                   mode: rb                                                    
│             data_iterator:                                                    
│               _target_: src.data.loading.components.iterators.TFRecordIterator
│             preprocessing_functions:                                          
│             - _target_: src.data.loading.components.pre_processing.filter_feat
│               _partial_: true                                                 
│             - _target_: src.data.loading.components.pre_processing.convert_to_
│               _partial_: true                                                 
│             - _target_: src.data.loading.components.pre_processing.convert_fie
│               _partial_: true                                                 
│             - _target_: src.data.loading.components.pre_processing.map_sparse_
│               _partial_: true                                                 
│               features_to_apply:                                              
│               - sequence_data                                                 
│               num_hierarchies: 3                                              
│       test_dataloader_config:                                                 
│         dataloader:                                                           
│           _target_: src.data.loading.components.interfaces.SequenceDataloaderC
│           dataset_class:                                                      
│             _target_: src.data.loading.components.dataloading.UnboundedSequenc
│             _partial_: true                                                   
│           data_folder: /scratch/yw8866/rec-tmall/tfrecords_mb_userdrop/testing
│           should_shuffle_rows: false                                          
│           labels:                                                             
│             sequence_data:                                                    
│               transform:                                                      
│                 _target_: src.data.loading.components.label_function.NextKToke
│                 next_k: 4                                                     
│           batch_size_per_device: 1                                            
│           num_workers: 8                                                      
│           timeout: 60                                                         
│           assign_files_by_size: true                                          
│           oov_token: null                                                     
│           masking_token: -1                                                   
│           sequence_length: 160                                                
│           padding_token: -1                                                   
│           drop_last: false                                                    
│           persistent_workers: true                                            
│           pin_memory: true                                                    
│           collate_fn:                                                         
│             _target_: src.data.loading.components.collate_functions.collate_wi
│             _partial_: true                                                   
│             sequence_length: 160                                              
│             padding_token: -1                                                 
│             sequence_field_name: sequence_data                                
│             behavior_field_name: behavior_data                                
│             sid_hierarchy: 3                                                  
│           dataset_config:                                                     
│             _target_: src.data.loading.components.interfaces.SemanticIDDataset
│             user_id_field: user_id                                            
│             min_sequence_length: 1                                            
│             iterate_per_row: true                                             
│             keep_user_id: true                                                
│             features_to_consider:                                             
│             - sequence_data                                                   
│             - behavior_data                                                   
│             - user_id                                                         
│             num_placeholder_tokens_map:                                       
│               sequence_data: 0                                                
│               behavior_data: 0                                                
│             semantic_id_map:                                                  
│               sequence_data:                                                  
│                 _target_: torch.load                                          
│                 _args_:                                                       
│                 - _target_: src.utils.file_utils.open_local_or_remote         
│                   file_path: /scratch/yw8866/logs/inference/runs/2026-05-06/20
│                   mode: rb                                                    
│             data_iterator:                                                    
│               _target_: src.data.loading.components.iterators.TFRecordIterator
│             preprocessing_functions:                                          
│             - _target_: src.data.loading.components.pre_processing.filter_feat
│               _partial_: true                                                 
│             - _target_: src.data.loading.components.pre_processing.convert_to_
│               _partial_: true                                                 
│             - _target_: src.data.loading.components.pre_processing.convert_fie
│               _partial_: true                                                 
│             - _target_: src.data.loading.components.pre_processing.map_sparse_
│               _partial_: true                                                 
│               features_to_apply:                                              
│               - sequence_data                                                 
│               num_hierarchies: 3                                              
│       datamodule:                                                             
│         _target_: src.data.loading.datamodules.sequence_datamodule.SequenceDat
│         train_dataloader_config:                                              
│           _target_: src.data.loading.components.interfaces.SequenceDataloaderC
│           dataset_class:                                                      
│             _target_: src.data.loading.components.dataloading.UnboundedSequenc
│             _partial_: true                                                   
│           data_folder: /scratch/yw8866/rec-tmall/tfrecords_mb_userdrop/trainin
│           should_shuffle_rows: true                                           
│           labels:                                                             
│             sequence_data:                                                    
│               transform:                                                      
│                 _target_: src.data.loading.components.label_function.NextKToke
│                 next_k: 4                                                     
│           batch_size_per_device: 32                                           
│           num_workers: 16                                                     
│           timeout: 60                                                         
│           assign_files_by_size: false                                         
│           oov_token: null                                                     
│           masking_token: -1                                                   
│           sequence_length: 160                                                
│           padding_token: -1                                                   
│           drop_last: true                                                     
│           persistent_workers: true                                            
│           pin_memory: true                                                    
│           collate_fn:                                                         
│             _target_: src.data.loading.components.collate_functions.collate_wi
│             _partial_: true                                                   
│             sequence_length: 160                                              
│             padding_token: -1                                                 
│             sequence_field_name: sequence_data                                
│             behavior_field_name: behavior_data                                
│             sid_hierarchy: 3                                                  
│             max_batch_size: 1024                                              
│           dataset_config:                                                     
│             _target_: src.data.loading.components.interfaces.SemanticIDDataset
│             user_id_field: user_id                                            
│             min_sequence_length: 1                                            
│             iterate_per_row: true                                             
│             keep_user_id: true                                                
│             features_to_consider:                                             
│             - sequence_data                                                   
│             - behavior_data                                                   
│             - user_id                                                         
│             num_placeholder_tokens_map:                                       
│               sequence_data: 0                                                
│               behavior_data: 0                                                
│             semantic_id_map:                                                  
│               sequence_data:                                                  
│                 _target_: torch.load                                          
│                 _args_:                                                       
│                 - _target_: src.utils.file_utils.open_local_or_remote         
│                   file_path: /scratch/yw8866/logs/inference/runs/2026-05-06/20
│                   mode: rb                                                    
│             data_iterator:                                                    
│               _target_: src.data.loading.components.iterators.TFRecordIterator
│             preprocessing_functions:                                          
│             - _target_: src.data.loading.components.pre_processing.filter_feat
│               _partial_: true                                                 
│             - _target_: src.data.loading.components.pre_processing.convert_to_
│               _partial_: true                                                 
│             - _target_: src.data.loading.components.pre_processing.convert_fie
│               _partial_: true                                                 
│             - _target_: src.data.loading.components.pre_processing.map_sparse_
│               _partial_: true                                                 
│               features_to_apply:                                              
│               - sequence_data                                                 
│               num_hierarchies: 3                                              
│           assign_all_files_per_worker: true                                   
│         val_dataloader_config:                                                
│           _target_: src.data.loading.components.interfaces.SequenceDataloaderC
│           dataset_class:                                                      
│             _target_: src.data.loading.components.dataloading.UnboundedSequenc
│             _partial_: true                                                   
│           data_folder: /scratch/yw8866/rec-tmall/tfrecords_mb_userdrop/evaluat
│           should_shuffle_rows: false                                          
│           labels:                                                             
│             sequence_data:                                                    
│               transform:                                                      
│                 _target_: src.data.loading.components.label_function.NextKToke
│                 next_k: 4                                                     
│           batch_size_per_device: 64                                           
│           num_workers: 8                                                      
│           timeout: 60                                                         
│           assign_files_by_size: true                                          
│           oov_token: null                                                     
│           masking_token: -1                                                   
│           sequence_length: 160                                                
│           padding_token: -1                                                   
│           drop_last: false                                                    
│           persistent_workers: true                                            
│           pin_memory: true                                                    
│           collate_fn:                                                         
│             _target_: src.data.loading.components.collate_functions.collate_wi
│             _partial_: true                                                   
│             sequence_length: 160                                              
│             padding_token: -1                                                 
│             sequence_field_name: sequence_data                                
│             behavior_field_name: behavior_data                                
│             sid_hierarchy: 3                                                  
│           dataset_config:                                                     
│             _target_: src.data.loading.components.interfaces.SemanticIDDataset
│             user_id_field: user_id                                            
│             min_sequence_length: 1                                            
│             iterate_per_row: true                                             
│             keep_user_id: true                                                
│             features_to_consider:                                             
│             - sequence_data                                                   
│             - behavior_data                                                   
│             - user_id                                                         
│             num_placeholder_tokens_map:                                       
│               sequence_data: 0                                                
│               behavior_data: 0                                                
│             semantic_id_map:                                                  
│               sequence_data:                                                  
│                 _target_: torch.load                                          
│                 _args_:                                                       
│                 - _target_: src.utils.file_utils.open_local_or_remote         
│                   file_path: /scratch/yw8866/logs/inference/runs/2026-05-06/20
│                   mode: rb                                                    
│             data_iterator:                                                    
│               _target_: src.data.loading.components.iterators.TFRecordIterator
│             preprocessing_functions:                                          
│             - _target_: src.data.loading.components.pre_processing.filter_feat
│               _partial_: true                                                 
│             - _target_: src.data.loading.components.pre_processing.convert_to_
│               _partial_: true                                                 
│             - _target_: src.data.loading.components.pre_processing.convert_fie
│               _partial_: true                                                 
│             - _target_: src.data.loading.components.pre_processing.map_sparse_
│               _partial_: true                                                 
│               features_to_apply:                                              
│               - sequence_data                                                 
│               num_hierarchies: 3                                              
│         test_dataloader_config:                                               
│           _target_: src.data.loading.components.interfaces.SequenceDataloaderC
│           dataset_class:                                                      
│             _target_: src.data.loading.components.dataloading.UnboundedSequenc
│             _partial_: true                                                   
│           data_folder: /scratch/yw8866/rec-tmall/tfrecords_mb_userdrop/testing
│           should_shuffle_rows: false                                          
│           labels:                                                             
│             sequence_data:                                                    
│               transform:                                                      
│                 _target_: src.data.loading.components.label_function.NextKToke
│                 next_k: 4                                                     
│           batch_size_per_device: 1                                            
│           num_workers: 8                                                      
│           timeout: 60                                                         
│           assign_files_by_size: true                                          
│           oov_token: null                                                     
│           masking_token: -1                                                   
│           sequence_length: 160                                                
│           padding_token: -1                                                   
│           drop_last: false                                                    
│           persistent_workers: true                                            
│           pin_memory: true                                                    
│           collate_fn:                                                         
│             _target_: src.data.loading.components.collate_functions.collate_wi
│             _partial_: true                                                   
│             sequence_length: 160                                              
│             padding_token: -1                                                 
│             sequence_field_name: sequence_data                                
│             behavior_field_name: behavior_data                                
│             sid_hierarchy: 3                                                  
│           dataset_config:                                                     
│             _target_: src.data.loading.components.interfaces.SemanticIDDataset
│             user_id_field: user_id                                            
│             min_sequence_length: 1                                            
│             iterate_per_row: true                                             
│             keep_user_id: true                                                
│             features_to_consider:                                             
│             - sequence_data                                                   
│             - behavior_data                                                   
│             - user_id                                                         
│             num_placeholder_tokens_map:                                       
│               sequence_data: 0                                                
│               behavior_data: 0                                                
│             semantic_id_map:                                                  
│               sequence_data:                                                  
│                 _target_: torch.load                                          
│                 _args_:                                                       
│                 - _target_: src.utils.file_utils.open_local_or_remote         
│                   file_path: /scratch/yw8866/logs/inference/runs/2026-05-06/20
│                   mode: rb                                                    
│             data_iterator:                                                    
│               _target_: src.data.loading.components.iterators.TFRecordIterator
│             preprocessing_functions:                                          
│             - _target_: src.data.loading.components.pre_processing.filter_feat
│               _partial_: true                                                 
│             - _target_: src.data.loading.components.pre_processing.convert_to_
│               _partial_: true                                                 
│             - _target_: src.data.loading.components.pre_processing.convert_fie
│               _partial_: true                                                 
│             - _target_: src.data.loading.components.pre_processing.map_sparse_
│               _partial_: true                                                 
│               features_to_apply:                                              
│               - sequence_data                                                 
│               num_hierarchies: 3                                              
│                                                                               
├── model
│   └── huggingface_model:                                                      
│         _target_: transformers.T5EncoderModel                                 
│         config:                                                               
│           _target_: transformers.T5Config                                     
│           vocab_size: 256                                                     
│           d_model: 128                                                        
│           num_heads: 6                                                        
│           dropout_rate: 0.15                                                  
│           d_ff: 1024                                                          
│           d_kv: 64                                                            
│           num_layers: 4                                                       
│       _target_: src.models.modules.semantic_id.mfd_generation_model.MFDMultiBe
│       use_modality_factorized: true                                           
│       mfd_top_k_shared: 200                                                   
│       mfd_top_k_text: 1024                                                    
│       mfd_top_k_image: 1024                                                   
│       mfd_pool_size: 500                                                      
│       mfd_tau: 1.0                                                            
│       mfd_catalog_constraint: true                                            
│       mfd_score_text: true                                                    
│       mfd_score_image: true                                                   
│       mfd_behavior_marginalized: true                                         
│       mfd_behavior_weight: 1.0                                                
│       mfd_audit_dump: false                                                   
│       mfd_audit_path: /scratch/yw8866/rec-tmall/mfd_audit_dump.pt             
│       mfd_audit_max_events: 200000                                            
│       mfd_audit_pv_cap: 100000                                                
│       feature_to_model_input_map:                                             
│         sequence_data: input_ids                                              
│         user_id: user_id                                                      
│       postprocessor: null                                                     
│       aggregator: null                                                        
│       loss_function:                                                          
│         _target_: torch.nn.CrossEntropyLoss                                   
│       optimizer:                                                              
│         _target_: torch.optim.Adam                                            
│         _partial_: true                                                       
│         lr: 0.001                                                             
│         weight_decay: 0.0001                                                  
│       scheduler: null                                                         
│       evaluator:                                                              
│         _target_: src.components.eval_metrics.MultiBehaviorSIDRetrievalEvaluat
│         buy_behavior_id: 3                                                    
│         probe_sid_distance: false                                             
│         top_k_list:                                                           
│         - 5                                                                   
│         - 10                                                                  
│         metrics:                                                              
│           ndcg:                                                               
│             _target_: src.components.eval_metrics.NDCG                        
│             _partial_: true                                                   
│           recall:                                                             
│             _target_: src.components.eval_metrics.Recall                      
│             _partial_: true                                                   
│       weight_tying: true                                                      
│       compile: false                                                          
│       decoder:                                                                
│         _target_: transformers.models.t5.modeling_t5.T5Stack                  
│         config:                                                               
│           _target_: transformers.models.t5.configuration_t5.T5Config          
│           vocab_size: 256                                                     
│           d_model: 128                                                        
│           num_heads: 6                                                        
│           dropout_rate: 0.15                                                  
│           d_ff: 1024                                                          
│           d_kv: 64                                                            
│           num_layers: 4                                                       
│           is_decoder: true                                                    
│           is_encoder_decoder: false                                           
│         embed_tokens:                                                         
│           _target_: torch.nn.Embedding                                        
│           num_embeddings: 256                                                 
│           embedding_dim: 128                                                  
│       num_hierarchies: 3                                                      
│       num_behaviors: 4                                                        
│       num_user_bins: null                                                     
│       codebooks:                                                              
│         _target_: torch.load                                                  
│         _args_:                                                               
│         - _target_: src.utils.file_utils.open_local_or_remote                 
│           file_path: /scratch/yw8866/logs/inference/runs/2026-05-06/2048_1024/
│           mode: rb                                                            
│       mlp_layers: 2                                                           
│       codebook_init_path: null                                                
│       codebook_sizes:                                                         
│       - 2048                                                                  
│       - 1024                                                                  
│       - 1024                                                                  
│       use_item_pe: false                                                      
│       item_pe_max_seq_len: 1024                                               
│       use_bmtv: false                                                         
│       bmtv_max_seq_len: 1024                                                  
│       focal_behavior: false                                                   
│       focal_gamma: 2.0                                                        
│       focal_alpha: null                                                       
│       behavior_weighted_sid: false                                            
│       sid_behavior_weights:                                                   
│       - 1.0                                                                   
│       - 3.0                                                                   
│       - 3.0                                                                   
│       - 8.0                                                                   
│       use_semantic_align: false                                               
│       semantic_align_weight: 1.0                                              
│       align_loss_type: mse                                                    
│       align_temperature: 0.07                                                 
│       use_semantic_rerank: false                                              
│       rerank_weight: 0.5                                                      
│       top_k_for_generation: 10                                                
│       use_pmq: true                                                           
│       use_query_f: true                                                       
│       decoder_slot_type_emb: true                                             
│                                                                               
├── callbacks
│   └── model_checkpoint:                                                       
│         _target_: lightning.pytorch.callbacks.ModelCheckpoint                 
│         dirpath: /scratch/yw8866/logs/train/runs/2026-08-01/09-30-46/checkpoin
│         filename: checkpoint_{epoch:03d}_{step:06d}                           
│         monitor: val/t2_recall_5                                              
│         verbose: true                                                         
│         save_last: null                                                       
│         save_top_k: 1                                                         
│         mode: max                                                             
│         auto_insert_metric_name: true                                         
│         save_weights_only: false                                              
│         every_n_train_steps: null                                             
│         train_time_interval: null                                             
│         every_n_epochs: null                                                  
│         save_on_train_epoch_end: false                                        
│       early_stopping:                                                         
│         _target_: lightning.pytorch.callbacks.EarlyStopping                   
│         monitor: val/t2_recall_5                                              
│         min_delta: 0.0                                                        
│         patience: 6                                                           
│         verbose: true                                                         
│         mode: max                                                             
│         strict: true                                                          
│         check_finite: true                                                    
│         stopping_threshold: null                                              
│         divergence_threshold: null                                            
│         check_on_train_epoch_end: false                                       
│       model_summary:                                                          
│         _target_: lightning.pytorch.callbacks.RichModelSummary                
│         max_depth: -1                                                         
│       restart_job:                                                            
│         _target_: src.utils.restart_job.RestartAndLoadCheckpointCallback      
│         metadata_dir: /scratch/yw8866/logs/train/runs/2026-08-01/09-30-46/meta
│                                                                               
├── logger
│   └── csv:                                                                    
│         _target_: lightning.pytorch.loggers.csv_logs.CSVLogger                
│         save_dir: /scratch/yw8866/logs/train/runs/2026-08-01/09-30-46         
│         name: csv/                                                            
│         prefix: ''                                                            
│       wandb:                                                                  
│         _target_: lightning.pytorch.loggers.wandb.WandbLogger                 
│         project: MMMBGRec                                                     
│         name: tiger-mb-2026-08-01_09-30-46                                    
│         save_dir: /scratch/yw8866/logs/train/runs/2026-08-01/09-30-46         
│                                                                               
├── trainer
│   └── _target_: lightning.pytorch.trainer.Trainer                             
│       default_root_dir: /scratch/yw8866/logs/train/runs/2026-08-01/09-30-46   
│       min_steps: 1                                                            
│       max_steps: 320000                                                       
│       max_epochs: 10                                                          
│       accelerator: gpu                                                        
│       devices: -1                                                             
│       num_nodes: 1                                                            
│       precision: 32-true                                                      
│       log_every_n_steps: 100                                                  
│       val_check_interval: 5000                                                
│       deterministic: false                                                    
│       accumulate_grad_batches: 4                                              
│       limit_val_batches: 500                                                  
│       profiler:                                                               
│         _target_: lightning.pytorch.profilers.PassThroughProfiler             
│       strategy: ddp                                                           
│       sync_batchnorm: true                                                    
│       num_sanity_val_steps: 0                                                 
│       min_epochs: 0                                                           
│       limit_test_batches: 3000                                                
│                                                                               
├── paths
│   └── root_dir: .                                                             
│       data_dir: /scratch/yw8866/rec-tmall/tfrecords_mb_userdrop               
│       log_dir: ./logs                                                         
│       output_dir: /scratch/yw8866/logs/train/runs/2026-08-01/09-30-46         
│       work_dir: /scratch/yw8866                                               
│       profile_dir: ./logs/train/runs/2026-08-01/09-30-46/profile_output       
│       metadata_dir: /scratch/yw8866/logs/train/runs/2026-08-01/09-30-46/metada
│                                                                               
├── extras
│   └── ignore_warnings: false                                                  
│       enforce_tags: true                                                      
│       print_config_warnings: true                                             
│       print_config: true                                                      
│                                                                               
├── task_name
│   └── train                                                                   
├── id
│   └── 2026-08-01/09-30-46                                                     
├── tags
│   └── ['tiger-mb-mfd']                                                        
├── train
│   └── False                                                                   
├── test
│   └── True                                                                    
├── ckpt_path
│   └── /scratch/yw8866/rec-tmall/_mfd_pmqqf_probe.ckpt                         
├── seed
│   └── 42                                                                      
├── data_dir
│   └── /scratch/yw8866/rec-tmall/tfrecords_mb_userdrop                         
├── semantic_id_path
│   └── /scratch/yw8866/logs/inference/runs/2026-05-06/2048_1024/pickle/semantic
├── num_hierarchies
│   └── 3                                                                       
├── stride_per_item
│   └── 4                                                                       
├── sequence_length
│   └── 160                                                                     
├── num_behaviors
│   └── 4                                                                       
├── codebook_init_path
│   └── None                                                                    
├── codebook_sizes
│   └── [2048, 1024, 1024]                                                      
├── use_item_pe
│   └── False                                                                   
├── item_pe_max_seq_len
│   └── 1024                                                                    
├── use_bmtv
│   └── False                                                                   
├── bmtv_max_seq_len
│   └── 1024                                                                    
├── focal_behavior
│   └── False                                                                   
├── focal_gamma
│   └── 2.0                                                                     
├── focal_alpha
│   └── None                                                                    
├── behavior_weighted_sid
│   └── False                                                                   
├── sid_behavior_weights
│   └── [1.0, 3.0, 3.0, 8.0]                                                    
├── use_semantic_align
│   └── False                                                                   
├── semantic_align_weight
│   └── 1.0                                                                     
├── align_loss_type
│   └── mse                                                                     
├── align_temperature
│   └── 0.07                                                                    
├── use_semantic_rerank
│   └── False                                                                   
├── rerank_weight
│   └── 0.5                                                                     
├── top_k_for_generation
│   └── 10                                                                      
├── mfd_top_k_shared
│   └── 200                                                                     
├── mfd_top_k_text
│   └── 1024                                                                    
├── mfd_top_k_image
│   └── 1024                                                                    
├── mfd_pool_size
│   └── 500                                                                     
├── mfd_tau
│   └── 1.0                                                                     
├── mfd_catalog_constraint
│   └── True                                                                    
├── mfd_score_text
│   └── True                                                                    
├── mfd_score_image
│   └── True                                                                    
├── mfd_behavior_marginalized
│   └── True                                                                    
├── mfd_behavior_weight
│   └── 1.0                                                                     
├── mfd_audit_dump
│   └── False                                                                   
├── mfd_audit_path
│   └── /scratch/yw8866/rec-tmall/mfd_audit_dump.pt                             
├── mfd_audit_max_events
│   └── 200000                                                                  
├── mfd_audit_pv_cap
│   └── 100000                                                                  
├── probe_sid_distance
│   └── False                                                                   
├── loss
│   └── loss_function:                                                          
│         _target_: torch.nn.CrossEntropyLoss                                   
│                                                                               
├── optim
│   └── optimizer:                                                              
│         _target_: torch.optim.Adam                                            
│         _partial_: true                                                       
│         lr: 0.001                                                             
│         weight_decay: 0.0001                                                  
│       scheduler: null                                                         
│                                                                               
├── eval
│   └── evaluator:                                                              
│         _target_: src.components.eval_metrics.MultiBehaviorSIDRetrievalEvaluat
│         buy_behavior_id: 3                                                    
│         probe_sid_distance: false                                             
│         top_k_list:                                                           
│         - 5                                                                   
│         - 10                                                                  
│         metrics:                                                              
│           ndcg:                                                               
│             _target_: src.components.eval_metrics.NDCG                        
│             _partial_: true                                                   
│           recall:                                                             
│             _target_: src.components.eval_metrics.Recall                      
│             _partial_: true                                                   
│                                                                               
└── should_skip_retry
    └── True                                                                    
[[36m2026-08-01 09:30:46,861[0m][[34msrc.utils.restart_job[0m][[32mINFO[0m] - [rank: 0] should_skip_retry set to True. Skipping retry logic.[0m
[rank: 0] Seed set to 42
[[36m2026-08-01 09:30:46,927[0m][[34msrc.utils.launcher_utils[0m][[32mINFO[0m] - [rank: 0] Instantiating datamodule <src.data.loading.datamodules.sequence_datamodule.SequenceDataModule>[0m
[[36m2026-08-01 09:30:47,521[0m][[34msrc.utils.launcher_utils[0m][[32mINFO[0m] - [rank: 0] Instantiating model <src.models.modules.semantic_id.mfd_generation_model.MFDMultiBehaviorEncoderDecoder>[0m
[[36m2026-08-01 09:30:48,293[0m][[34msrc.utils.launcher_utils[0m][[32mINFO[0m] - [rank: 0] Instantiating callbacks...[0m
[[36m2026-08-01 09:30:48,294[0m][[34msrc.utils.instantiators[0m][[32mINFO[0m] - [rank: 0] Instantiating callback <lightning.pytorch.callbacks.ModelCheckpoint>[0m
[[36m2026-08-01 09:30:48,297[0m][[34msrc.utils.instantiators[0m][[32mINFO[0m] - [rank: 0] Instantiating callback <lightning.pytorch.callbacks.EarlyStopping>[0m
[[36m2026-08-01 09:30:48,299[0m][[34msrc.utils.instantiators[0m][[32mINFO[0m] - [rank: 0] Instantiating callback <lightning.pytorch.callbacks.RichModelSummary>[0m
[[36m2026-08-01 09:30:48,300[0m][[34msrc.utils.instantiators[0m][[32mINFO[0m] - [rank: 0] Instantiating callback <src.utils.restart_job.RestartAndLoadCheckpointCallback>[0m
[[36m2026-08-01 09:30:48,304[0m][[34msrc.utils.restart_job_utils[0m][[32mINFO[0m] - [rank: 0] Trying to load metadata from /scratch/yw8866/logs/train/runs/2026-08-01/09-30-46/metadata/restart_metadata.json[0m
[[36m2026-08-01 09:30:48,305[0m][[34msrc.utils.restart_job_utils[0m][[33mWARNING[0m] - [rank: 0] Metadata file not found at /scratch/yw8866/logs/train/runs/2026-08-01/09-30-46/metadata/restart_metadata.json. Creating empty metadata.[0m
[[36m2026-08-01 09:30:48,305[0m][[34msrc.utils.restart_job_utils[0m][[32mINFO[0m] - [rank: 0] Saving metadata to /scratch/yw8866/logs/train/runs/2026-08-01/09-30-46/metadata/restart_metadata.json. {'start_time': '2026-08-01T09:30:48.305134', 'restarts': [], 'current_run': 0, 'used_ports': [], 'world_size': 0, 'node_rank': 0, 'master_addr': '', 'original_args': ['/scratch/yw8866/GRID/src/train.py', 'experiment=tiger_mb_mfd_flat', 'train=false', 'test=true', 'ckpt_path=/scratch/yw8866/rec-tmall/_mfd_pmqqf_probe.ckpt', 'data_dir=/scratch/yw8866/rec-tmall/tfrecords_mb_userdrop', 'semantic_id_path=/scratch/yw8866/logs/inference/runs/2026-05-06/2048_1024/pickle/semantic_ids.pt', 'num_hierarchies=3', 'codebook_init_path=null', 'codebook_sizes=[2048,1024,1024]', 'mfd_behavior_marginalized=true', 'mfd_behavior_weight=1.0', 'mfd_top_k_shared=200', 'mfd_top_k_text=1024', 'mfd_top_k_image=1024', 'mfd_pool_size=500', '+model.use_pmq=true', '+model.use_query_f=true', '+model.decoder_slot_type_emb=true', 'data_loading.test_dataloader_config.dataloader.batch_size_per_device=1', '+trainer.limit_test_batches=3000', '++should_skip_retry=True']}[0m
[[36m2026-08-01 09:30:48,312[0m][[34msrc.utils.launcher_utils[0m][[32mINFO[0m] - [rank: 0] Instantiating loggers...[0m
[[36m2026-08-01 09:30:48,313[0m][[34msrc.utils.instantiators[0m][[32mINFO[0m] - [rank: 0] Instantiating logger <lightning.pytorch.loggers.csv_logs.CSVLogger>[0m
[[36m2026-08-01 09:30:48,314[0m][[34msrc.utils.instantiators[0m][[32mINFO[0m] - [rank: 0] Authenticating to W&B![0m
[[36m2026-08-01 09:30:48,547[0m][[34msrc.utils.instantiators[0m][[32mINFO[0m] - [rank: 0] Instantiating logger <lightning.pytorch.loggers.wandb.WandbLogger>[0m
[[36m2026-08-01 09:30:48,553[0m][[34msrc.utils.launcher_utils[0m][[32mINFO[0m] - [rank: 0] Instantiating trainer <lightning.pytorch.trainer.Trainer>[0m
[[36m2026-08-01 09:30:48,555[0m][[34msrc.utils.restart_job_utils[0m][[32mINFO[0m] - [rank: 0] Trying to load metadata from /scratch/yw8866/logs/train/runs/2026-08-01/09-30-46/metadata/restart_metadata.json[0m
[[36m2026-08-01 09:30:48,557[0m][[34msrc.utils.restart_job_utils[0m][[32mINFO[0m] - [rank: 0] Metadata loaded successfully from /scratch/yw8866/logs/train/runs/2026-08-01/09-30-46/metadata/restart_metadata.json[0m
[[36m2026-08-01 09:30:48,557[0m][[34msrc.utils.restart_job_utils[0m][[32mINFO[0m] - [rank: 0] Retrieved current_run: 0 from metadata /scratch/yw8866/logs/train/runs/2026-08-01/09-30-46/metadata/restart_metadata.json[0m
Trainer already configured with model summary callbacks: [<class 'lightning.pytorch.callbacks.rich_model_summary.RichModelSummary'>]. Skipping setting a default `ModelSummary` callback.
GPU available: True (cuda), used: True
TPU available: False, using: 0 TPU cores
HPU available: False, using: 0 HPUs
[[36m2026-08-01 09:30:48,750[0m][[34msrc.utils.launcher_utils[0m][[32mINFO[0m] - [rank: 0] Logging hyperparameters![0m
wandb: WARNING Disabling SSL verification.  Connections to this server are not verified and may be insecure!
wandb: Using wandb-core as the SDK backend.  Please refer to https://wandb.me/wandb-core for more information.
wandb: Currently logged in as: erichkingruc (erichkingruc-new-york-university). Use `wandb login --relogin` to force relogin
/ext3/miniforge3/envs/py310/lib/python3.10/site-packages/pydantic/main.py:314: UserWarning: Pydantic serializer warnings:
  Expected `list[str]` but got `tuple` - serialized value may not be as expected
  return self.__pydantic_serializer__.to_python(
wandb: Tracking run with wandb version 0.19.0
wandb: Run data is saved locally in /scratch/yw8866/logs/train/runs/2026-08-01/09-30-46/wandb/run-20260801_093054-0xmcyf0f
wandb: Run `wandb offline` to turn off syncing.
wandb: Syncing run tiger-mb-2026-08-01_09-30-46
wandb: ⭐️ View project at https://wandb.ai/erichkingruc-new-york-university/MMMBGRec
wandb: 🚀 View run at https://wandb.ai/erichkingruc-new-york-university/MMMBGRec/runs/0xmcyf0f
[[36m2026-08-01 09:30:56,931[0m][[34m__main__[0m][[32mINFO[0m] - [rank: 0] Starting testing![0m
Initializing distributed: GLOBAL_RANK: 0, MEMBER: 1/1
----------------------------------------------------------------------------------------------------
distributed_backend=nccl
All distributed processes registered. Starting with 1 processes
----------------------------------------------------------------------------------------------------

Restoring states from the checkpoint path at /scratch/yw8866/rec-tmall/_mfd_pmqqf_probe.ckpt
/ext3/miniforge3/envs/py310/lib/python3.10/site-packages/lightning/pytorch/callbacks/model_checkpoint.py:362: The dirpath has changed from '/scratch/yw8866/logs/train/mfd_pmq_qf/checkpoints' to '/scratch/yw8866/logs/train/runs/2026-08-01/09-30-46/checkpoints', therefore `best_model_score`, `kth_best_model_path`, `kth_value`, `last_model_path` and `best_k_models` won't be reloaded. Only `best_model_path` will be reloaded.
LOCAL_RANK: 0 - CUDA_VISIBLE_DEVICES: [0]
Loaded model weights from the checkpoint at /scratch/yw8866/rec-tmall/_mfd_pmqqf_probe.ckpt
SLURM auto-requeueing enabled. Setting signal handlers.
Testing: |          | 0/? [00:00<?, ?it/s]Testing:   0%|          | 0/3000 [00:00<?, ?it/s]Testing DataLoader 0:   0%|          | 0/3000 [00:00<?, ?it/s]Testing DataLoader 0:   0%|          | 1/3000 [00:02<2:19:39,  0.36it/s]Testing DataLoader 0:   0%|          | 2/3000 [00:03<1:16:28,  0.65it/s]Testing DataLoader 0:   0%|          | 3/3000 [00:03<55:23,  0.90it/s]  Testing DataLoader 0:   0%|          | 4/3000 [00:03<44:51,  1.11it/s]Testing DataLoader 0:   0%|          | 5/3000 [00:03<38:31,  1.30it/s]Testing DataLoader 0:   0%|          | 6/3000 [00:04<34:18,  1.45it/s]Testing DataLoader 0:   0%|          | 7/3000 [00:04<31:17,  1.59it/s]Testing DataLoader 0:   0%|          | 8/3000 [00:04<29:01,  1.72it/s]Testing DataLoader 0:   0%|          | 9/3000 [00:04<27:16,  1.83it/s]Testing DataLoader 0:   0%|          | 10/3000 [00:05<25:51,  1.93it/s]Testing DataLoader 0:   0%|          | 11/3000 [00:05<24:42,  2.02it/s]Testing DataLoader 0:   0%|          | 12/3000 [00:05<23:44,  2.10it/s]Testing DataLoader 0:   0%|          | 13/3000 [00:05<22:55,  2.17it/s]Testing DataLoader 0:   0%|          | 14/3000 [00:06<22:13,  2.24it/s]Testing DataLoader 0:   0%|          | 15/3000 [00:06<21:37,  2.30it/s]Testing DataLoader 0:   1%|          | 16/3000 [00:06<21:05,  2.36it/s]Testing DataLoader 0:   1%|          | 17/3000 [00:07<20:36,  2.41it/s]Testing DataLoader 0:   1%|          | 18/3000 [00:07<20:11,  2.46it/s]Testing DataLoader 0:   1%|          | 19/3000 [00:07<19:49,  2.51it/s]Testing DataLoader 0:   1%|          | 20/3000 [00:07<19:29,  2.55it/s]Testing DataLoader 0:   1%|          | 21/3000 [00:08<19:10,  2.59it/s]Testing DataLoader 0:   1%|          | 22/3000 [00:08<18:54,  2.63it/s]Testing DataLoader 0:   1%|          | 23/3000 [00:08<18:38,  2.66it/s]Testing DataLoader 0:   1%|          | 24/3000 [00:08<18:24,  2.69it/s]Testing DataLoader 0:   1%|          | 25/3000 [00:09<18:11,  2.72it/s]Testing DataLoader 0:   1%|          | 26/3000 [00:09<17:59,  2.75it/s]Testing DataLoader 0:   1%|          | 27/3000 [00:09<17:48,  2.78it/s]Testing DataLoader 0:   1%|          | 28/3000 [00:09<17:38,  2.81it/s]Testing DataLoader 0:   1%|          | 29/3000 [00:10<17:28,  2.83it/s]Testing DataLoader 0:   1%|          | 30/3000 [00:10<17:19,  2.86it/s]Testing DataLoader 0:   1%|          | 31/3000 [00:10<17:11,  2.88it/s]Testing DataLoader 0:   1%|          | 32/3000 [00:11<17:03,  2.90it/s]Testing DataLoader 0:   1%|          | 33/3000 [00:11<16:55,  2.92it/s]Testing DataLoader 0:   1%|          | 34/3000 [00:11<16:48,  2.94it/s]Testing DataLoader 0:   1%|          | 35/3000 [00:11<16:42,  2.96it/s]Testing DataLoader 0:   1%|          | 36/3000 [00:12<16:35,  2.98it/s]Testing DataLoader 0:   1%|          | 37/3000 [00:12<16:30,  2.99it/s]Testing DataLoader 0:   1%|▏         | 38/3000 [00:12<16:24,  3.01it/s]Testing DataLoader 0:   1%|▏         | 39/3000 [00:12<16:18,  3.02it/s]Testing DataLoader 0:   1%|▏         | 40/3000 [00:13<16:13,  3.04it/s]Testing DataLoader 0:   1%|▏         | 41/3000 [00:13<16:08,  3.05it/s]Testing DataLoader 0:   1%|▏         | 42/3000 [00:13<16:04,  3.07it/s]Testing DataLoader 0:   1%|▏         | 43/3000 [00:13<15:59,  3.08it/s]Testing DataLoader 0:   1%|▏         | 44/3000 [00:14<15:55,  3.09it/s]Testing DataLoader 0:   2%|▏         | 45/3000 [00:14<15:51,  3.11it/s]Testing DataLoader 0:   2%|▏         | 46/3000 [00:14<15:47,  3.12it/s]Testing DataLoader 0:   2%|▏         | 47/3000 [00:15<15:43,  3.13it/s]Testing DataLoader 0:   2%|▏         | 48/3000 [00:15<15:40,  3.14it/s]Testing DataLoader 0:   2%|▏         | 49/3000 [00:15<15:36,  3.15it/s]Testing DataLoader 0:   2%|▏         | 50/3000 [00:15<15:33,  3.16it/s]Testing DataLoader 0:   2%|▏         | 51/3000 [00:16<15:29,  3.17it/s]Testing DataLoader 0:   2%|▏         | 52/3000 [00:16<15:26,  3.18it/s]Testing DataLoader 0:   2%|▏         | 53/3000 [00:16<15:23,  3.19it/s]Testing DataLoader 0:   2%|▏         | 54/3000 [00:16<15:20,  3.20it/s]Testing DataLoader 0:   2%|▏         | 55/3000 [00:17<15:18,  3.21it/s]Testing DataLoader 0:   2%|▏         | 56/3000 [00:17<15:15,  3.22it/s]Testing DataLoader 0:   2%|▏         | 57/3000 [00:17<15:12,  3.22it/s]Testing DataLoader 0:   2%|▏         | 58/3000 [00:17<15:10,  3.23it/s]Testing DataLoader 0:   2%|▏         | 59/3000 [00:18<15:07,  3.24it/s]Testing DataLoader 0:   2%|▏         | 60/3000 [00:18<15:05,  3.25it/s]Testing DataLoader 0:   2%|▏         | 61/3000 [00:18<15:02,  3.26it/s]Testing DataLoader 0:   2%|▏         | 62/3000 [00:19<15:00,  3.26it/s]Testing DataLoader 0:   2%|▏         | 63/3000 [00:19<14:58,  3.27it/s]Testing DataLoader 0:   2%|▏         | 64/3000 [00:19<14:56,  3.28it/s]Testing DataLoader 0:   2%|▏         | 65/3000 [00:19<14:54,  3.28it/s]Testing DataLoader 0:   2%|▏         | 66/3000 [00:20<14:52,  3.29it/s]Testing DataLoader 0:   2%|▏         | 67/3000 [00:20<14:50,  3.29it/s]Testing DataLoader 0:   2%|▏         | 68/3000 [00:20<14:48,  3.30it/s]Testing DataLoader 0:   2%|▏         | 69/3000 [00:20<14:46,  3.31it/s]Testing DataLoader 0:   2%|▏         | 70/3000 [00:21<14:44,  3.31it/s]Testing DataLoader 0:   2%|▏         | 71/3000 [00:21<14:42,  3.32it/s]Testing DataLoader 0:   2%|▏         | 72/3000 [00:21<14:40,  3.32it/s]Testing DataLoader 0:   2%|▏         | 73/3000 [00:21<14:39,  3.33it/s]Testing DataLoader 0:   2%|▏         | 74/3000 [00:22<14:37,  3.33it/s]Testing DataLoader 0:   2%|▎         | 75/3000 [00:22<14:35,  3.34it/s]Testing DataLoader 0:   3%|▎         | 76/3000 [00:22<14:34,  3.34it/s]Testing DataLoader 0:   3%|▎         | 77/3000 [00:22<14:32,  3.35it/s]Testing DataLoader 0:   3%|▎         | 78/3000 [00:23<14:31,  3.35it/s]Testing DataLoader 0:   3%|▎         | 79/3000 [00:23<14:29,  3.36it/s]Testing DataLoader 0:   3%|▎         | 80/3000 [00:23<14:28,  3.36it/s]Testing DataLoader 0:   3%|▎         | 81/3000 [00:24<14:26,  3.37it/s]Testing DataLoader 0:   3%|▎         | 82/3000 [00:24<14:25,  3.37it/s]Testing DataLoader 0:   3%|▎         | 83/3000 [00:24<14:24,  3.38it/s]Testing DataLoader 0:   3%|▎         | 84/3000 [00:24<14:22,  3.38it/s]Testing DataLoader 0:   3%|▎         | 85/3000 [00:25<14:21,  3.38it/s]Testing DataLoader 0:   3%|▎         | 86/3000 [00:25<14:20,  3.39it/s]Testing DataLoader 0:   3%|▎         | 87/3000 [00:25<14:18,  3.39it/s]Testing DataLoader 0:   3%|▎         | 88/3000 [00:25<14:17,  3.40it/s]Testing DataLoader 0:   3%|▎         | 89/3000 [00:26<14:16,  3.40it/s]Testing DataLoader 0:   3%|▎         | 90/3000 [00:26<14:15,  3.40it/s]Testing DataLoader 0:   3%|▎         | 91/3000 [00:26<14:13,  3.41it/s]Testing DataLoader 0:   3%|▎         | 92/3000 [00:26<14:12,  3.41it/s]Testing DataLoader 0:   3%|▎         | 93/3000 [00:27<14:11,  3.41it/s]Testing DataLoader 0:   3%|▎         | 94/3000 [00:27<14:10,  3.42it/s]Testing DataLoader 0:   3%|▎         | 95/3000 [00:27<14:09,  3.42it/s]Testing DataLoader 0:   3%|▎         | 96/3000 [00:28<14:08,  3.42it/s]Testing DataLoader 0:   3%|▎         | 97/3000 [00:28<14:07,  3.43it/s]Testing DataLoader 0:   3%|▎         | 98/3000 [00:28<14:06,  3.43it/s]Testing DataLoader 0:   3%|▎         | 99/3000 [00:28<14:05,  3.43it/s]Testing DataLoader 0:   3%|▎         | 100/3000 [00:29<14:04,  3.44it/s]Testing DataLoader 0:   3%|▎         | 101/3000 [00:29<14:02,  3.44it/s]Testing DataLoader 0:   3%|▎         | 102/3000 [00:29<14:01,  3.44it/s]Testing DataLoader 0:   3%|▎         | 103/3000 [00:29<14:01,  3.44it/s]Testing DataLoader 0:   3%|▎         | 104/3000 [00:30<14:00,  3.45it/s]Testing DataLoader 0:   4%|▎         | 105/3000 [00:30<13:59,  3.45it/s]Testing DataLoader 0:   4%|▎         | 106/3000 [00:30<13:58,  3.45it/s]Testing DataLoader 0:   4%|▎         | 107/3000 [00:30<13:57,  3.46it/s]Testing DataLoader 0:   4%|▎         | 108/3000 [00:31<13:56,  3.46it/s]Testing DataLoader 0:   4%|▎         | 109/3000 [00:31<13:55,  3.46it/s]Testing DataLoader 0:   4%|▎         | 110/3000 [00:31<13:54,  3.46it/s]Testing DataLoader 0:   4%|▎         | 111/3000 [00:32<13:53,  3.47it/s]Testing DataLoader 0:   4%|▎         | 112/3000 [00:32<13:52,  3.47it/s]Testing DataLoader 0:   4%|▍         | 113/3000 [00:32<13:51,  3.47it/s]Testing DataLoader 0:   4%|▍         | 114/3000 [00:32<13:50,  3.47it/s]Testing DataLoader 0:   4%|▍         | 115/3000 [00:33<13:50,  3.48it/s]Testing DataLoader 0:   4%|▍         | 116/3000 [00:33<13:49,  3.48it/s]Testing DataLoader 0:   4%|▍         | 117/3000 [00:33<13:48,  3.48it/s]Testing DataLoader 0:   4%|▍         | 118/3000 [00:33<13:47,  3.48it/s]Testing DataLoader 0:   4%|▍         | 119/3000 [00:34<13:46,  3.48it/s]Testing DataLoader 0:   4%|▍         | 120/3000 [00:34<13:46,  3.49it/s]Testing DataLoader 0:   4%|▍         | 121/3000 [00:34<13:45,  3.49it/s]Testing DataLoader 0:   4%|▍         | 122/3000 [00:34<13:44,  3.49it/s]Testing DataLoader 0:   4%|▍         | 123/3000 [00:35<13:43,  3.49it/s]Testing DataLoader 0:   4%|▍         | 124/3000 [00:35<13:42,  3.49it/s]Testing DataLoader 0:   4%|▍         | 125/3000 [00:35<13:42,  3.50it/s]Testing DataLoader 0:   4%|▍         | 126/3000 [00:36<13:41,  3.50it/s]Testing DataLoader 0:   4%|▍         | 127/3000 [00:36<13:40,  3.50it/s]Testing DataLoader 0:   4%|▍         | 128/3000 [00:36<13:39,  3.50it/s]Testing DataLoader 0:   4%|▍         | 129/3000 [00:36<13:39,  3.50it/s]Testing DataLoader 0:   4%|▍         | 130/3000 [00:37<13:38,  3.51it/s]Testing DataLoader 0:   4%|▍         | 131/3000 [00:37<13:37,  3.51it/s]Testing DataLoader 0:   4%|▍         | 132/3000 [00:37<13:37,  3.51it/s]Testing DataLoader 0:   4%|▍         | 133/3000 [00:37<13:36,  3.51it/s]Testing DataLoader 0:   4%|▍         | 134/3000 [00:38<13:35,  3.51it/s]Testing DataLoader 0:   4%|▍         | 135/3000 [00:38<13:34,  3.52it/s]Testing DataLoader 0:   5%|▍         | 136/3000 [00:38<13:34,  3.52it/s]Testing DataLoader 0:   5%|▍         | 137/3000 [00:38<13:33,  3.52it/s]Testing DataLoader 0:   5%|▍         | 138/3000 [00:39<13:32,  3.52it/s]Testing DataLoader 0:   5%|▍         | 139/3000 [00:39<13:32,  3.52it/s]Testing DataLoader 0:   5%|▍         | 140/3000 [00:39<13:31,  3.52it/s]Testing DataLoader 0:   5%|▍         | 141/3000 [00:39<13:31,  3.53it/s]Testing DataLoader 0:   5%|▍         | 142/3000 [00:40<13:30,  3.53it/s]Testing DataLoader 0:   5%|▍         | 143/3000 [00:40<13:29,  3.53it/s]Testing DataLoader 0:   5%|▍         | 144/3000 [00:40<13:29,  3.53it/s]Testing DataLoader 0:   5%|▍         | 145/3000 [00:41<13:28,  3.53it/s]Testing DataLoader 0:   5%|▍         | 146/3000 [00:41<13:27,  3.53it/s]Testing DataLoader 0:   5%|▍         | 147/3000 [00:41<13:27,  3.53it/s]Testing DataLoader 0:   5%|▍         | 148/3000 [00:41<13:26,  3.54it/s]Testing DataLoader 0:   5%|▍         | 149/3000 [00:42<13:26,  3.54it/s]Testing DataLoader 0:   5%|▌         | 150/3000 [00:42<13:25,  3.54it/s]Testing DataLoader 0:   5%|▌         | 151/3000 [00:42<13:24,  3.54it/s]Testing DataLoader 0:   5%|▌         | 152/3000 [00:42<13:24,  3.54it/s]Testing DataLoader 0:   5%|▌         | 153/3000 [00:43<13:23,  3.54it/s]Testing DataLoader 0:   5%|▌         | 154/3000 [00:43<13:23,  3.54it/s]Testing DataLoader 0:   5%|▌         | 155/3000 [00:43<13:22,  3.55it/s]Testing DataLoader 0:   5%|▌         | 156/3000 [00:43<13:21,  3.55it/s]Testing DataLoader 0:   5%|▌         | 157/3000 [00:44<13:21,  3.55it/s]Testing DataLoader 0:   5%|▌         | 158/3000 [00:44<13:20,  3.55it/s]Testing DataLoader 0:   5%|▌         | 159/3000 [00:44<13:20,  3.55it/s]Testing DataLoader 0:   5%|▌         | 160/3000 [00:45<13:19,  3.55it/s]Testing DataLoader 0:   5%|▌         | 161/3000 [00:45<13:19,  3.55it/s]Testing DataLoader 0:   5%|▌         | 162/3000 [00:45<13:18,  3.55it/s]Testing DataLoader 0:   5%|▌         | 163/3000 [00:45<13:17,  3.56it/s]Testing DataLoader 0:   5%|▌         | 164/3000 [00:46<13:17,  3.56it/s]Testing DataLoader 0:   6%|▌         | 165/3000 [00:46<13:16,  3.56it/s]Testing DataLoader 0:   6%|▌         | 166/3000 [00:46<13:16,  3.56it/s]Testing DataLoader 0:   6%|▌         | 167/3000 [00:46<13:15,  3.56it/s]Testing DataLoader 0:   6%|▌         | 168/3000 [00:47<13:15,  3.56it/s]Testing DataLoader 0:   6%|▌         | 169/3000 [00:47<13:14,  3.56it/s]Testing DataLoader 0:   6%|▌         | 170/3000 [00:47<13:14,  3.56it/s]Testing DataLoader 0:   6%|▌         | 171/3000 [00:47<13:13,  3.56it/s]Testing DataLoader 0:   6%|▌         | 172/3000 [00:48<13:13,  3.57it/s]Testing DataLoader 0:   6%|▌         | 173/3000 [00:48<13:12,  3.57it/s]Testing DataLoader 0:   6%|▌         | 174/3000 [00:48<13:12,  3.57it/s]Testing DataLoader 0:   6%|▌         | 175/3000 [00:49<13:11,  3.57it/s]Testing DataLoader 0:   6%|▌         | 176/3000 [00:49<13:11,  3.57it/s]Testing DataLoader 0:   6%|▌         | 177/3000 [00:49<13:10,  3.57it/s]Testing DataLoader 0:   6%|▌         | 178/3000 [00:49<13:10,  3.57it/s]Testing DataLoader 0:   6%|▌         | 179/3000 [00:50<13:09,  3.57it/s]Testing DataLoader 0:   6%|▌         | 180/3000 [00:50<13:09,  3.57it/s]Testing DataLoader 0:   6%|▌         | 181/3000 [00:50<13:08,  3.58it/s]Testing DataLoader 0:   6%|▌         | 182/3000 [00:50<13:08,  3.58it/s]Testing DataLoader 0:   6%|▌         | 183/3000 [00:51<13:07,  3.58it/s]Testing DataLoader 0:   6%|▌         | 184/3000 [00:51<13:07,  3.58it/s]Testing DataLoader 0:   6%|▌         | 185/3000 [00:51<13:06,  3.58it/s]Testing DataLoader 0:   6%|▌         | 186/3000 [00:51<13:06,  3.58it/s]Testing DataLoader 0:   6%|▌         | 187/3000 [00:52<13:05,  3.58it/s]Testing DataLoader 0:   6%|▋         | 188/3000 [00:52<13:05,  3.58it/s]Testing DataLoader 0:   6%|▋         | 189/3000 [00:52<13:04,  3.58it/s]Testing DataLoader 0:   6%|▋         | 190/3000 [00:53<13:04,  3.58it/s]Testing DataLoader 0:   6%|▋         | 191/3000 [00:53<13:03,  3.58it/s]Testing DataLoader 0:   6%|▋         | 192/3000 [00:53<13:03,  3.59it/s]Testing DataLoader 0:   6%|▋         | 193/3000 [00:53<13:02,  3.59it/s]Testing DataLoader 0:   6%|▋         | 194/3000 [00:54<13:02,  3.59it/s]Testing DataLoader 0:   6%|▋         | 195/3000 [00:54<13:01,  3.59it/s]Testing DataLoader 0:   7%|▋         | 196/3000 [00:54<13:01,  3.59it/s]Testing DataLoader 0:   7%|▋         | 197/3000 [00:54<13:00,  3.59it/s]Testing DataLoader 0:   7%|▋         | 198/3000 [00:55<13:00,  3.59it/s]Testing DataLoader 0:   7%|▋         | 199/3000 [00:55<12:59,  3.59it/s]Testing DataLoader 0:   7%|▋         | 200/3000 [00:55<12:59,  3.59it/s]Testing DataLoader 0:   7%|▋         | 201/3000 [00:55<12:59,  3.59it/s]Testing DataLoader 0:   7%|▋         | 202/3000 [00:56<12:58,  3.59it/s]Testing DataLoader 0:   7%|▋         | 203/3000 [00:56<12:58,  3.59it/s]Testing DataLoader 0:   7%|▋         | 204/3000 [00:56<12:57,  3.60it/s]Testing DataLoader 0:   7%|▋         | 205/3000 [00:57<12:57,  3.60it/s]Testing DataLoader 0:   7%|▋         | 206/3000 [00:57<12:56,  3.60it/s]Testing DataLoader 0:   7%|▋         | 207/3000 [00:57<12:56,  3.60it/s]Testing DataLoader 0:   7%|▋         | 208/3000 [00:57<12:55,  3.60it/s]Testing DataLoader 0:   7%|▋         | 209/3000 [00:58<12:55,  3.60it/s]Testing DataLoader 0:   7%|▋         | 210/3000 [00:58<12:55,  3.60it/s]Testing DataLoader 0:   7%|▋         | 211/3000 [00:58<12:54,  3.60it/s]Testing DataLoader 0:   7%|▋         | 212/3000 [00:58<12:54,  3.60it/s]Testing DataLoader 0:   7%|▋         | 213/3000 [00:59<12:53,  3.60it/s]Testing DataLoader 0:   7%|▋         | 214/3000 [00:59<12:53,  3.60it/s]Testing DataLoader 0:   7%|▋         | 215/3000 [00:59<12:52,  3.60it/s]Testing DataLoader 0:   7%|▋         | 216/3000 [00:59<12:52,  3.60it/s]Testing DataLoader 0:   7%|▋         | 217/3000 [01:00<12:51,  3.60it/s]Testing DataLoader 0:   7%|▋         | 218/3000 [01:00<12:51,  3.61it/s]Testing DataLoader 0:   7%|▋         | 219/3000 [01:00<12:51,  3.61it/s]Testing DataLoader 0:   7%|▋         | 220/3000 [01:00<12:50,  3.61it/s]Testing DataLoader 0:   7%|▋         | 221/3000 [01:01<12:50,  3.61it/s]Testing DataLoader 0:   7%|▋         | 222/3000 [01:01<12:49,  3.61it/s]Testing DataLoader 0:   7%|▋         | 223/3000 [01:01<12:49,  3.61it/s]Testing DataLoader 0:   7%|▋         | 224/3000 [01:02<12:49,  3.61it/s]Testing DataLoader 0:   8%|▊         | 225/3000 [01:02<12:48,  3.61it/s]Testing DataLoader 0:   8%|▊         | 226/3000 [01:02<12:48,  3.61it/s]Testing DataLoader 0:   8%|▊         | 227/3000 [01:02<12:47,  3.61it/s]Testing DataLoader 0:   8%|▊         | 228/3000 [01:03<12:47,  3.61it/s]Testing DataLoader 0:   8%|▊         | 229/3000 [01:03<12:46,  3.61it/s]Testing DataLoader 0:   8%|▊         | 230/3000 [01:03<12:46,  3.61it/s]Testing DataLoader 0:   8%|▊         | 231/3000 [01:03<12:46,  3.61it/s]Testing DataLoader 0:   8%|▊         | 232/3000 [01:04<12:45,  3.61it/s]Testing DataLoader 0:   8%|▊         | 233/3000 [01:04<12:45,  3.62it/s]Testing DataLoader 0:   8%|▊         | 234/3000 [01:04<12:44,  3.62it/s]Testing DataLoader 0:   8%|▊         | 235/3000 [01:04<12:44,  3.62it/s]Testing DataLoader 0:   8%|▊         | 236/3000 [01:05<12:44,  3.62it/s]Testing DataLoader 0:   8%|▊         | 237/3000 [01:05<12:43,  3.62it/s]Testing DataLoader 0:   8%|▊         | 238/3000 [01:05<12:43,  3.62it/s]Testing DataLoader 0:   8%|▊         | 239/3000 [01:06<12:42,  3.62it/s]Testing DataLoader 0:   8%|▊         | 240/3000 [01:06<12:42,  3.62it/s]Testing DataLoader 0:   8%|▊         | 241/3000 [01:06<12:42,  3.62it/s]Testing DataLoader 0:   8%|▊         | 242/3000 [01:06<12:41,  3.62it/s]Testing DataLoader 0:   8%|▊         | 243/3000 [01:07<12:41,  3.62it/s]Testing DataLoader 0:   8%|▊         | 244/3000 [01:07<12:40,  3.62it/s]Testing DataLoader 0:   8%|▊         | 245/3000 [01:07<12:40,  3.62it/s]Testing DataLoader 0:   8%|▊         | 246/3000 [01:07<12:40,  3.62it/s]Testing DataLoader 0:   8%|▊         | 247/3000 [01:08<12:39,  3.62it/s]Testing DataLoader 0:   8%|▊         | 248/3000 [01:08<12:39,  3.62it/s]Testing DataLoader 0:   8%|▊         | 249/3000 [01:08<12:38,  3.62it/s]Testing DataLoader 0:   8%|▊         | 250/3000 [01:08<12:38,  3.63it/s]Testing DataLoader 0:   8%|▊         | 251/3000 [01:09<12:38,  3.63it/s]Testing DataLoader 0:   8%|▊         | 252/3000 [01:09<12:37,  3.63it/s]Testing DataLoader 0:   8%|▊         | 253/3000 [01:09<12:37,  3.63it/s]Testing DataLoader 0:   8%|▊         | 254/3000 [01:10<12:37,  3.63it/s]Testing DataLoader 0:   8%|▊         | 255/3000 [01:10<12:36,  3.63it/s]Testing DataLoader 0:   9%|▊         | 256/3000 [01:10<12:36,  3.63it/s]Testing DataLoader 0:   9%|▊         | 257/3000 [01:10<12:35,  3.63it/s]Testing DataLoader 0:   9%|▊         | 258/3000 [01:11<12:35,  3.63it/s]Testing DataLoader 0:   9%|▊         | 259/3000 [01:11<12:35,  3.63it/s]Testing DataLoader 0:   9%|▊         | 260/3000 [01:11<12:34,  3.63it/s]Testing DataLoader 0:   9%|▊         | 261/3000 [01:11<12:34,  3.63it/s]Testing DataLoader 0:   9%|▊         | 262/3000 [01:12<12:34,  3.63it/s]Testing DataLoader 0:   9%|▉         | 263/3000 [01:12<12:33,  3.63it/s]Testing DataLoader 0:   9%|▉         | 264/3000 [01:12<12:33,  3.63it/s]Testing DataLoader 0:   9%|▉         | 265/3000 [01:12<12:32,  3.63it/s]Testing DataLoader 0:   9%|▉         | 266/3000 [01:13<12:32,  3.63it/s]Testing DataLoader 0:   9%|▉         | 267/3000 [01:13<12:32,  3.63it/s]Testing DataLoader 0:   9%|▉         | 268/3000 [01:13<12:31,  3.63it/s]Testing DataLoader 0:   9%|▉         | 269/3000 [01:14<12:31,  3.63it/s]Testing DataLoader 0:   9%|▉         | 270/3000 [01:14<12:31,  3.64it/s]Testing DataLoader 0:   9%|▉         | 271/3000 [01:14<12:30,  3.64it/s]Testing DataLoader 0:   9%|▉         | 272/3000 [01:14<12:30,  3.64it/s]Testing DataLoader 0:   9%|▉         | 273/3000 [01:15<12:29,  3.64it/s]Testing DataLoader 0:   9%|▉         | 274/3000 [01:15<12:29,  3.64it/s]Testing DataLoader 0:   9%|▉         | 275/3000 [01:15<12:29,  3.64it/s]Testing DataLoader 0:   9%|▉         | 276/3000 [01:15<12:28,  3.64it/s]Testing DataLoader 0:   9%|▉         | 277/3000 [01:16<12:28,  3.64it/s]Testing DataLoader 0:   9%|▉         | 278/3000 [01:16<12:28,  3.64it/s]Testing DataLoader 0:   9%|▉         | 279/3000 [01:16<12:27,  3.64it/s]Testing DataLoader 0:   9%|▉         | 280/3000 [01:16<12:27,  3.64it/s]Testing DataLoader 0:   9%|▉         | 281/3000 [01:17<12:26,  3.64it/s]Testing DataLoader 0:   9%|▉         | 282/3000 [01:17<12:26,  3.64it/s]Testing DataLoader 0:   9%|▉         | 283/3000 [01:17<12:26,  3.64it/s]Testing DataLoader 0:   9%|▉         | 284/3000 [01:17<12:25,  3.64it/s]Testing DataLoader 0:  10%|▉         | 285/3000 [01:18<12:25,  3.64it/s]Testing DataLoader 0:  10%|▉         | 286/3000 [01:18<12:25,  3.64it/s]Testing DataLoader 0:  10%|▉         | 287/3000 [01:18<12:24,  3.64it/s]Testing DataLoader 0:  10%|▉         | 288/3000 [01:19<12:24,  3.64it/s]Testing DataLoader 0:  10%|▉         | 289/3000 [01:19<12:24,  3.64it/s]Testing DataLoader 0:  10%|▉         | 290/3000 [01:19<12:23,  3.64it/s]Testing DataLoader 0:  10%|▉         | 291/3000 [01:19<12:23,  3.64it/s]Testing DataLoader 0:  10%|▉         | 292/3000 [01:20<12:23,  3.64it/s]Testing DataLoader 0:  10%|▉         | 293/3000 [01:20<12:22,  3.64it/s]Testing DataLoader 0:  10%|▉         | 294/3000 [01:20<12:22,  3.65it/s]Testing DataLoader 0:  10%|▉         | 295/3000 [01:20<12:21,  3.65it/s]Testing DataLoader 0:  10%|▉         | 296/3000 [01:21<12:21,  3.65it/s]Testing DataLoader 0:  10%|▉         | 297/3000 [01:21<12:21,  3.65it/s]Testing DataLoader 0:  10%|▉         | 298/3000 [01:21<12:20,  3.65it/s]Testing DataLoader 0:  10%|▉         | 299/3000 [01:21<12:20,  3.65it/s]Testing DataLoader 0:  10%|█         | 300/3000 [01:22<12:20,  3.65it/s]Testing DataLoader 0:  10%|█         | 301/3000 [01:22<12:19,  3.65it/s]Testing DataLoader 0:  10%|█         | 302/3000 [01:22<12:19,  3.65it/s]Testing DataLoader 0:  10%|█         | 303/3000 [01:23<12:19,  3.65it/s]Testing DataLoader 0:  10%|█         | 304/3000 [01:23<12:18,  3.65it/s]Testing DataLoader 0:  10%|█         | 305/3000 [01:23<12:18,  3.65it/s]Testing DataLoader 0:  10%|█         | 306/3000 [01:23<12:18,  3.65it/s]Testing DataLoader 0:  10%|█         | 307/3000 [01:24<12:17,  3.65it/s]Testing DataLoader 0:  10%|█         | 308/3000 [01:24<12:17,  3.65it/s]Testing DataLoader 0:  10%|█         | 309/3000 [01:24<12:17,  3.65it/s]Testing DataLoader 0:  10%|█         | 310/3000 [01:24<12:16,  3.65it/s]Testing DataLoader 0:  10%|█         | 311/3000 [01:25<12:16,  3.65it/s]Testing DataLoader 0:  10%|█         | 312/3000 [01:25<12:16,  3.65it/s]Testing DataLoader 0:  10%|█         | 313/3000 [01:25<12:15,  3.65it/s]Testing DataLoader 0:  10%|█         | 314/3000 [01:25<12:15,  3.65it/s]Testing DataLoader 0:  10%|█         | 315/3000 [01:26<12:15,  3.65it/s]Testing DataLoader 0:  11%|█         | 316/3000 [01:26<12:14,  3.65it/s]Testing DataLoader 0:  11%|█         | 317/3000 [01:26<12:14,  3.65it/s]Testing DataLoader 0:  11%|█         | 318/3000 [01:27<12:13,  3.65it/s]Testing DataLoader 0:  11%|█         | 319/3000 [01:27<12:13,  3.65it/s]Testing DataLoader 0:  11%|█         | 320/3000 [01:27<12:13,  3.65it/s]Testing DataLoader 0:  11%|█         | 321/3000 [01:27<12:12,  3.66it/s]Testing DataLoader 0:  11%|█         | 322/3000 [01:28<12:12,  3.66it/s]Testing DataLoader 0:  11%|█         | 323/3000 [01:28<12:12,  3.66it/s]Testing DataLoader 0:  11%|█         | 324/3000 [01:28<12:11,  3.66it/s]Testing DataLoader 0:  11%|█         | 325/3000 [01:28<12:11,  3.66it/s]Testing DataLoader 0:  11%|█         | 326/3000 [01:29<12:11,  3.66it/s]Testing DataLoader 0:  11%|█         | 327/3000 [01:29<12:10,  3.66it/s]Testing DataLoader 0:  11%|█         | 328/3000 [01:29<12:10,  3.66it/s]Testing DataLoader 0:  11%|█         | 329/3000 [01:29<12:10,  3.66it/s]Testing DataLoader 0:  11%|█         | 330/3000 [01:30<12:09,  3.66it/s]Testing DataLoader 0:  11%|█         | 331/3000 [01:30<12:09,  3.66it/s]Testing DataLoader 0:  11%|█         | 332/3000 [01:30<12:09,  3.66it/s]Testing DataLoader 0:  11%|█         | 333/3000 [01:31<12:08,  3.66it/s]Testing DataLoader 0:  11%|█         | 334/3000 [01:31<12:08,  3.66it/s]Testing DataLoader 0:  11%|█         | 335/3000 [01:31<12:08,  3.66it/s]Testing DataLoader 0:  11%|█         | 336/3000 [01:31<12:07,  3.66it/s]Testing DataLoader 0:  11%|█         | 337/3000 [01:32<12:07,  3.66it/s]Testing DataLoader 0:  11%|█▏        | 338/3000 [01:32<12:07,  3.66it/s]Testing DataLoader 0:  11%|█▏        | 339/3000 [01:32<12:06,  3.66it/s]Testing DataLoader 0:  11%|█▏        | 340/3000 [01:32<12:06,  3.66it/s]Testing DataLoader 0:  11%|█▏        | 341/3000 [01:33<12:06,  3.66it/s]Testing DataLoader 0:  11%|█▏        | 342/3000 [01:33<12:05,  3.66it/s]Testing DataLoader 0:  11%|█▏        | 343/3000 [01:33<12:05,  3.66it/s]Testing DataLoader 0:  11%|█▏        | 344/3000 [01:33<12:05,  3.66it/s]Testing DataLoader 0:  12%|█▏        | 345/3000 [01:34<12:04,  3.66it/s]Testing DataLoader 0:  12%|█▏        | 346/3000 [01:34<12:04,  3.66it/s]Testing DataLoader 0:  12%|█▏        | 347/3000 [01:34<12:04,  3.66it/s]Testing DataLoader 0:  12%|█▏        | 348/3000 [01:34<12:03,  3.66it/s]Testing DataLoader 0:  12%|█▏        | 349/3000 [01:35<12:03,  3.66it/s]Testing DataLoader 0:  12%|█▏        | 350/3000 [01:35<12:03,  3.66it/s]Testing DataLoader 0:  12%|█▏        | 351/3000 [01:35<12:02,  3.66it/s]Testing DataLoader 0:  12%|█▏        | 352/3000 [01:36<12:02,  3.66it/s]Testing DataLoader 0:  12%|█▏        | 353/3000 [01:36<12:02,  3.66it/s]Testing DataLoader 0:  12%|█▏        | 354/3000 [01:36<12:01,  3.66it/s]Testing DataLoader 0:  12%|█▏        | 355/3000 [01:36<12:01,  3.67it/s]Testing DataLoader 0:  12%|█▏        | 356/3000 [01:37<12:01,  3.67it/s]Testing DataLoader 0:  12%|█▏        | 357/3000 [01:37<12:01,  3.67it/s]Testing DataLoader 0:  12%|█▏        | 358/3000 [01:37<12:00,  3.67it/s]Testing DataLoader 0:  12%|█▏        | 359/3000 [01:37<12:00,  3.67it/s]Testing DataLoader 0:  12%|█▏        | 360/3000 [01:38<12:00,  3.67it/s]Testing DataLoader 0:  12%|█▏        | 361/3000 [01:38<11:59,  3.67it/s]Testing DataLoader 0:  12%|█▏        | 362/3000 [01:38<11:59,  3.67it/s]Testing DataLoader 0:  12%|█▏        | 363/3000 [01:38<11:59,  3.67it/s]Testing DataLoader 0:  12%|█▏        | 364/3000 [01:39<11:58,  3.67it/s]Testing DataLoader 0:  12%|█▏        | 365/3000 [01:39<11:58,  3.67it/s]Testing DataLoader 0:  12%|█▏        | 366/3000 [01:39<11:58,  3.67it/s]Testing DataLoader 0:  12%|█▏        | 367/3000 [01:40<11:57,  3.67it/s]Testing DataLoader 0:  12%|█▏        | 368/3000 [01:40<11:57,  3.67it/s]Testing DataLoader 0:  12%|█▏        | 369/3000 [01:40<11:57,  3.67it/s]Testing DataLoader 0:  12%|█▏        | 370/3000 [01:40<11:56,  3.67it/s]Testing DataLoader 0:  12%|█▏        | 371/3000 [01:41<11:56,  3.67it/s]Testing DataLoader 0:  12%|█▏        | 372/3000 [01:41<11:56,  3.67it/s]Testing DataLoader 0:  12%|█▏        | 373/3000 [01:41<11:55,  3.67it/s]Testing DataLoader 0:  12%|█▏        | 374/3000 [01:41<11:55,  3.67it/s]Testing DataLoader 0:  12%|█▎        | 375/3000 [01:42<11:55,  3.67it/s]Testing DataLoader 0:  13%|█▎        | 376/3000 [01:42<11:54,  3.67it/s]Testing DataLoader 0:  13%|█▎        | 377/3000 [01:42<11:54,  3.67it/s]Testing DataLoader 0:  13%|█▎        | 378/3000 [01:42<11:54,  3.67it/s]Testing DataLoader 0:  13%|█▎        | 379/3000 [01:43<11:53,  3.67it/s]Testing DataLoader 0:  13%|█▎        | 380/3000 [01:43<11:53,  3.67it/s]Testing DataLoader 0:  13%|█▎        | 381/3000 [01:43<11:53,  3.67it/s]Testing DataLoader 0:  13%|█▎        | 382/3000 [01:44<11:53,  3.67it/s]Testing DataLoader 0:  13%|█▎        | 383/3000 [01:44<11:52,  3.67it/s]Testing DataLoader 0:  13%|█▎        | 384/3000 [01:44<11:52,  3.67it/s]Testing DataLoader 0:  13%|█▎        | 385/3000 [01:44<11:52,  3.67it/s]Testing DataLoader 0:  13%|█▎        | 386/3000 [01:45<11:51,  3.67it/s]Testing DataLoader 0:  13%|█▎        | 387/3000 [01:45<11:51,  3.67it/s]Testing DataLoader 0:  13%|█▎        | 388/3000 [01:45<11:51,  3.67it/s]Testing DataLoader 0:  13%|█▎        | 389/3000 [01:45<11:50,  3.67it/s]Testing DataLoader 0:  13%|█▎        | 390/3000 [01:46<11:50,  3.67it/s]Testing DataLoader 0:  13%|█▎        | 391/3000 [01:46<11:50,  3.67it/s]Testing DataLoader 0:  13%|█▎        | 392/3000 [01:46<11:49,  3.67it/s]Testing DataLoader 0:  13%|█▎        | 393/3000 [01:46<11:49,  3.67it/s]Testing DataLoader 0:  13%|█▎        | 394/3000 [01:47<11:49,  3.67it/s]Testing DataLoader 0:  13%|█▎        | 395/3000 [01:47<11:48,  3.67it/s]Testing DataLoader 0:  13%|█▎        | 396/3000 [01:47<11:48,  3.67it/s]Testing DataLoader 0:  13%|█▎        | 397/3000 [01:48<11:48,  3.68it/s]Testing DataLoader 0:  13%|█▎        | 398/3000 [01:48<11:47,  3.68it/s]Testing DataLoader 0:  13%|█▎        | 399/3000 [01:48<11:47,  3.68it/s]Testing DataLoader 0:  13%|█▎        | 400/3000 [01:48<11:47,  3.68it/s]Testing DataLoader 0:  13%|█▎        | 401/3000 [01:49<11:47,  3.68it/s]Testing DataLoader 0:  13%|█▎        | 402/3000 [01:49<11:46,  3.68it/s]Testing DataLoader 0:  13%|█▎        | 403/3000 [01:49<11:46,  3.68it/s]Testing DataLoader 0:  13%|█▎        | 404/3000 [01:49<11:46,  3.68it/s]Testing DataLoader 0:  14%|█▎        | 405/3000 [01:50<11:45,  3.68it/s]Testing DataLoader 0:  14%|█▎        | 406/3000 [01:50<11:45,  3.68it/s]Testing DataLoader 0:  14%|█▎        | 407/3000 [01:50<11:45,  3.68it/s]Testing DataLoader 0:  14%|█▎        | 408/3000 [01:50<11:44,  3.68it/s]Testing DataLoader 0:  14%|█▎        | 409/3000 [01:51<11:44,  3.68it/s]Testing DataLoader 0:  14%|█▎        | 410/3000 [01:51<11:44,  3.68it/s]Testing DataLoader 0:  14%|█▎        | 411/3000 [01:51<11:43,  3.68it/s]Testing DataLoader 0:  14%|█▎        | 412/3000 [01:52<11:43,  3.68it/s]Testing DataLoader 0:  14%|█▍        | 413/3000 [01:52<11:43,  3.68it/s]Testing DataLoader 0:  14%|█▍        | 414/3000 [01:52<11:43,  3.68it/s]Testing DataLoader 0:  14%|█▍        | 415/3000 [01:52<11:42,  3.68it/s]Testing DataLoader 0:  14%|█▍        | 416/3000 [01:53<11:42,  3.68it/s]Testing DataLoader 0:  14%|█▍        | 417/3000 [01:53<11:42,  3.68it/s]Testing DataLoader 0:  14%|█▍        | 418/3000 [01:53<11:41,  3.68it/s]Testing DataLoader 0:  14%|█▍        | 419/3000 [01:53<11:41,  3.68it/s]Testing DataLoader 0:  14%|█▍        | 420/3000 [01:54<11:41,  3.68it/s]Testing DataLoader 0:  14%|█▍        | 421/3000 [01:54<11:40,  3.68it/s]Testing DataLoader 0:  14%|█▍        | 422/3000 [01:54<11:40,  3.68it/s]Testing DataLoader 0:  14%|█▍        | 423/3000 [01:54<11:40,  3.68it/s]Testing DataLoader 0:  14%|█▍        | 424/3000 [01:55<11:39,  3.68it/s]Testing DataLoader 0:  14%|█▍        | 425/3000 [01:55<11:39,  3.68it/s]Testing DataLoader 0:  14%|█▍        | 426/3000 [01:55<11:39,  3.68it/s]Testing DataLoader 0:  14%|█▍        | 427/3000 [01:56<11:39,  3.68it/s]Testing DataLoader 0:  14%|█▍        | 428/3000 [01:56<11:38,  3.68it/s]Testing DataLoader 0:  14%|█▍        | 429/3000 [01:56<11:38,  3.68it/s]Testing DataLoader 0:  14%|█▍        | 430/3000 [01:56<11:38,  3.68it/s]Testing DataLoader 0:  14%|█▍        | 431/3000 [01:57<11:37,  3.68it/s]Testing DataLoader 0:  14%|█▍        | 432/3000 [01:57<11:37,  3.68it/s]Testing DataLoader 0:  14%|█▍        | 433/3000 [01:57<11:37,  3.68it/s]Testing DataLoader 0:  14%|█▍        | 434/3000 [01:57<11:36,  3.68it/s]Testing DataLoader 0:  14%|█▍        | 435/3000 [01:58<11:36,  3.68it/s]Testing DataLoader 0:  15%|█▍        | 436/3000 [01:58<11:36,  3.68it/s]Testing DataLoader 0:  15%|█▍        | 437/3000 [01:58<11:35,  3.68it/s]Testing DataLoader 0:  15%|█▍        | 438/3000 [01:58<11:35,  3.68it/s]Testing DataLoader 0:  15%|█▍        | 439/3000 [01:59<11:35,  3.68it/s]Testing DataLoader 0:  15%|█▍        | 440/3000 [01:59<11:35,  3.68it/s]Testing DataLoader 0:  15%|█▍        | 441/3000 [01:59<11:34,  3.68it/s]Testing DataLoader 0:  15%|█▍        | 442/3000 [01:59<11:34,  3.68it/s]Testing DataLoader 0:  15%|█▍        | 443/3000 [02:00<11:34,  3.68it/s]Testing DataLoader 0:  15%|█▍        | 444/3000 [02:00<11:33,  3.68it/s]Testing DataLoader 0:  15%|█▍        | 445/3000 [02:00<11:33,  3.68it/s]Testing DataLoader 0:  15%|█▍        | 446/3000 [02:01<11:33,  3.68it/s]Testing DataLoader 0:  15%|█▍        | 447/3000 [02:01<11:32,  3.68it/s]Testing DataLoader 0:  15%|█▍        | 448/3000 [02:01<11:32,  3.68it/s]Testing DataLoader 0:  15%|█▍        | 449/3000 [02:01<11:32,  3.68it/s]Testing DataLoader 0:  15%|█▌        | 450/3000 [02:02<11:32,  3.68it/s]Testing DataLoader 0:  15%|█▌        | 451/3000 [02:02<11:31,  3.69it/s]Testing DataLoader 0:  15%|█▌        | 452/3000 [02:02<11:31,  3.69it/s]Testing DataLoader 0:  15%|█▌        | 453/3000 [02:02<11:31,  3.69it/s]Testing DataLoader 0:  15%|█▌        | 454/3000 [02:03<11:30,  3.69it/s]Testing DataLoader 0:  15%|█▌        | 455/3000 [02:03<11:30,  3.69it/s]Testing DataLoader 0:  15%|█▌        | 456/3000 [02:03<11:30,  3.69it/s]Testing DataLoader 0:  15%|█▌        | 457/3000 [02:03<11:29,  3.69it/s]Testing DataLoader 0:  15%|█▌        | 458/3000 [02:04<11:29,  3.69it/s]Testing DataLoader 0:  15%|█▌        | 459/3000 [02:04<11:29,  3.69it/s]Testing DataLoader 0:  15%|█▌        | 460/3000 [02:04<11:28,  3.69it/s]Testing DataLoader 0:  15%|█▌        | 461/3000 [02:05<11:28,  3.69it/s]Testing DataLoader 0:  15%|█▌        | 462/3000 [02:05<11:28,  3.69it/s]Testing DataLoader 0:  15%|█▌        | 463/3000 [02:05<11:28,  3.69it/s]Testing DataLoader 0:  15%|█▌        | 464/3000 [02:05<11:27,  3.69it/s]Testing DataLoader 0:  16%|█▌        | 465/3000 [02:06<11:27,  3.69it/s]Testing DataLoader 0:  16%|█▌        | 466/3000 [02:06<11:27,  3.69it/s]Testing DataLoader 0:  16%|█▌        | 467/3000 [02:06<11:26,  3.69it/s]Testing DataLoader 0:  16%|█▌        | 468/3000 [02:06<11:26,  3.69it/s]Testing DataLoader 0:  16%|█▌        | 469/3000 [02:07<11:26,  3.69it/s]Testing DataLoader 0:  16%|█▌        | 470/3000 [02:07<11:25,  3.69it/s]Testing DataLoader 0:  16%|█▌        | 471/3000 [02:07<11:25,  3.69it/s]Testing DataLoader 0:  16%|█▌        | 472/3000 [02:07<11:25,  3.69it/s]Testing DataLoader 0:  16%|█▌        | 473/3000 [02:08<11:25,  3.69it/s]Testing DataLoader 0:  16%|█▌        | 474/3000 [02:08<11:24,  3.69it/s]Testing DataLoader 0:  16%|█▌        | 475/3000 [02:08<11:24,  3.69it/s]Testing DataLoader 0:  16%|█▌        | 476/3000 [02:09<11:24,  3.69it/s]Testing DataLoader 0:  16%|█▌        | 477/3000 [02:09<11:23,  3.69it/s]Testing DataLoader 0:  16%|█▌        | 478/3000 [02:09<11:23,  3.69it/s]Testing DataLoader 0:  16%|█▌        | 479/3000 [02:09<11:23,  3.69it/s]Testing DataLoader 0:  16%|█▌        | 480/3000 [02:10<11:23,  3.69it/s]Testing DataLoader 0:  16%|█▌        | 481/3000 [02:10<11:22,  3.69it/s]Testing DataLoader 0:  16%|█▌        | 482/3000 [02:10<11:22,  3.69it/s]Testing DataLoader 0:  16%|█▌        | 483/3000 [02:10<11:22,  3.69it/s]Testing DataLoader 0:  16%|█▌        | 484/3000 [02:11<11:21,  3.69it/s]Testing DataLoader 0:  16%|█▌        | 485/3000 [02:11<11:21,  3.69it/s]Testing DataLoader 0:  16%|█▌        | 486/3000 [02:11<11:21,  3.69it/s]Testing DataLoader 0:  16%|█▌        | 487/3000 [02:11<11:21,  3.69it/s]Testing DataLoader 0:  16%|█▋        | 488/3000 [02:12<11:20,  3.69it/s]Testing DataLoader 0:  16%|█▋        | 489/3000 [02:12<11:20,  3.69it/s]Testing DataLoader 0:  16%|█▋        | 490/3000 [02:12<11:20,  3.69it/s]Testing DataLoader 0:  16%|█▋        | 491/3000 [02:13<11:19,  3.69it/s]Testing DataLoader 0:  16%|█▋        | 492/3000 [02:13<11:19,  3.69it/s]Testing DataLoader 0:  16%|█▋        | 493/3000 [02:13<11:19,  3.69it/s]Testing DataLoader 0:  16%|█▋        | 494/3000 [02:13<11:19,  3.69it/s]Testing DataLoader 0:  16%|█▋        | 495/3000 [02:14<11:18,  3.69it/s]Testing DataLoader 0:  17%|█▋        | 496/3000 [02:14<11:18,  3.69it/s]Testing DataLoader 0:  17%|█▋        | 497/3000 [02:14<11:18,  3.69it/s]Testing DataLoader 0:  17%|█▋        | 498/3000 [02:14<11:17,  3.69it/s]Testing DataLoader 0:  17%|█▋        | 499/3000 [02:15<11:17,  3.69it/s]Testing DataLoader 0:  17%|█▋        | 500/3000 [02:15<11:17,  3.69it/s]Testing DataLoader 0:  17%|█▋        | 501/3000 [02:15<11:17,  3.69it/s]Testing DataLoader 0:  17%|█▋        | 502/3000 [02:16<11:16,  3.69it/s]Testing DataLoader 0:  17%|█▋        | 503/3000 [02:16<11:16,  3.69it/s]Testing DataLoader 0:  17%|█▋        | 504/3000 [02:16<11:16,  3.69it/s]Testing DataLoader 0:  17%|█▋        | 505/3000 [02:16<11:16,  3.69it/s]Testing DataLoader 0:  17%|█▋        | 506/3000 [02:17<11:15,  3.69it/s]Testing DataLoader 0:  17%|█▋        | 507/3000 [02:17<11:15,  3.69it/s]Testing DataLoader 0:  17%|█▋        | 508/3000 [02:17<11:15,  3.69it/s]Testing DataLoader 0:  17%|█▋        | 509/3000 [02:17<11:14,  3.69it/s]Testing DataLoader 0:  17%|█▋        | 510/3000 [02:18<11:14,  3.69it/s]Testing DataLoader 0:  17%|█▋        | 511/3000 [02:18<11:14,  3.69it/s]Testing DataLoader 0:  17%|█▋        | 512/3000 [02:18<11:14,  3.69it/s]Testing DataLoader 0:  17%|█▋        | 513/3000 [02:18<11:13,  3.69it/s]Testing DataLoader 0:  17%|█▋        | 514/3000 [02:19<11:13,  3.69it/s]Testing DataLoader 0:  17%|█▋        | 515/3000 [02:19<11:13,  3.69it/s]Testing DataLoader 0:  17%|█▋        | 516/3000 [02:19<11:12,  3.69it/s]Testing DataLoader 0:  17%|█▋        | 517/3000 [02:20<11:12,  3.69it/s]Testing DataLoader 0:  17%|█▋        | 518/3000 [02:20<11:12,  3.69it/s]Testing DataLoader 0:  17%|█▋        | 519/3000 [02:20<11:12,  3.69it/s]Testing DataLoader 0:  17%|█▋        | 520/3000 [02:20<11:11,  3.69it/s]Testing DataLoader 0:  17%|█▋        | 521/3000 [02:21<11:11,  3.69it/s]Testing DataLoader 0:  17%|█▋        | 522/3000 [02:21<11:11,  3.69it/s]Testing DataLoader 0:  17%|█▋        | 523/3000 [02:21<11:10,  3.69it/s]Testing DataLoader 0:  17%|█▋        | 524/3000 [02:21<11:10,  3.69it/s]Testing DataLoader 0:  18%|█▊        | 525/3000 [02:22<11:10,  3.69it/s]Testing DataLoader 0:  18%|█▊        | 526/3000 [02:22<11:10,  3.69it/s]Testing DataLoader 0:  18%|█▊        | 527/3000 [02:22<11:09,  3.69it/s]Testing DataLoader 0:  18%|█▊        | 528/3000 [02:23<11:09,  3.69it/s]Testing DataLoader 0:  18%|█▊        | 529/3000 [02:23<11:09,  3.69it/s]Testing DataLoader 0:  18%|█▊        | 530/3000 [02:23<11:09,  3.69it/s]Testing DataLoader 0:  18%|█▊        | 531/3000 [02:23<11:08,  3.69it/s]Testing DataLoader 0:  18%|█▊        | 532/3000 [02:24<11:08,  3.69it/s]Testing DataLoader 0:  18%|█▊        | 533/3000 [02:24<11:08,  3.69it/s]Testing DataLoader 0:  18%|█▊        | 534/3000 [02:24<11:07,  3.69it/s]Testing DataLoader 0:  18%|█▊        | 535/3000 [02:24<11:07,  3.69it/s]Testing DataLoader 0:  18%|█▊        | 536/3000 [02:25<11:07,  3.69it/s]Testing DataLoader 0:  18%|█▊        | 537/3000 [02:25<11:07,  3.69it/s]Testing DataLoader 0:  18%|█▊        | 538/3000 [02:25<11:06,  3.69it/s]Testing DataLoader 0:  18%|█▊        | 539/3000 [02:25<11:06,  3.69it/s]Testing DataLoader 0:  18%|█▊        | 540/3000 [02:26<11:06,  3.69it/s]Testing DataLoader 0:  18%|█▊        | 541/3000 [02:26<11:05,  3.69it/s]Testing DataLoader 0:  18%|█▊        | 542/3000 [02:26<11:05,  3.69it/s]Testing DataLoader 0:  18%|█▊        | 543/3000 [02:27<11:05,  3.69it/s]Testing DataLoader 0:  18%|█▊        | 544/3000 [02:27<11:05,  3.69it/s]Testing DataLoader 0:  18%|█▊        | 545/3000 [02:27<11:04,  3.69it/s]Testing DataLoader 0:  18%|█▊        | 546/3000 [02:27<11:04,  3.69it/s]Testing DataLoader 0:  18%|█▊        | 547/3000 [02:28<11:04,  3.69it/s]Testing DataLoader 0:  18%|█▊        | 548/3000 [02:28<11:04,  3.69it/s]Testing DataLoader 0:  18%|█▊        | 549/3000 [02:28<11:03,  3.69it/s]Testing DataLoader 0:  18%|█▊        | 550/3000 [02:28<11:03,  3.69it/s]Testing DataLoader 0:  18%|█▊        | 551/3000 [02:29<11:03,  3.69it/s]Testing DataLoader 0:  18%|█▊        | 552/3000 [02:29<11:02,  3.69it/s]Testing DataLoader 0:  18%|█▊        | 553/3000 [02:29<11:02,  3.69it/s]Testing DataLoader 0:  18%|█▊        | 554/3000 [02:30<11:02,  3.69it/s]Testing DataLoader 0:  18%|█▊        | 555/3000 [02:30<11:02,  3.69it/s]Testing DataLoader 0:  19%|█▊        | 556/3000 [02:30<11:01,  3.69it/s]Testing DataLoader 0:  19%|█▊        | 557/3000 [02:30<11:01,  3.69it/s]Testing DataLoader 0:  19%|█▊        | 558/3000 [02:31<11:01,  3.69it/s]Testing DataLoader 0:  19%|█▊        | 559/3000 [02:31<11:01,  3.69it/s]Testing DataLoader 0:  19%|█▊        | 560/3000 [02:31<11:00,  3.69it/s]Testing DataLoader 0:  19%|█▊        | 561/3000 [02:31<11:00,  3.69it/s]Testing DataLoader 0:  19%|█▊        | 562/3000 [02:32<11:00,  3.69it/s]Testing DataLoader 0:  19%|█▉        | 563/3000 [02:32<10:59,  3.69it/s]Testing DataLoader 0:  19%|█▉        | 564/3000 [02:32<10:59,  3.69it/s]Testing DataLoader 0:  19%|█▉        | 565/3000 [02:33<10:59,  3.69it/s]Testing DataLoader 0:  19%|█▉        | 566/3000 [02:33<10:59,  3.69it/s]Testing DataLoader 0:  19%|█▉        | 567/3000 [02:33<10:58,  3.69it/s]Testing DataLoader 0:  19%|█▉        | 568/3000 [02:33<10:58,  3.69it/s]Testing DataLoader 0:  19%|█▉        | 569/3000 [02:34<10:58,  3.69it/s]Testing DataLoader 0:  19%|█▉        | 570/3000 [02:34<10:58,  3.69it/s]Testing DataLoader 0:  19%|█▉        | 571/3000 [02:34<10:57,  3.69it/s]Testing DataLoader 0:  19%|█▉        | 572/3000 [02:34<10:57,  3.69it/s]Testing DataLoader 0:  19%|█▉        | 573/3000 [02:35<10:57,  3.69it/s]Testing DataLoader 0:  19%|█▉        | 574/3000 [02:35<10:56,  3.69it/s]Testing DataLoader 0:  19%|█▉        | 575/3000 [02:35<10:56,  3.69it/s]Testing DataLoader 0:  19%|█▉        | 576/3000 [02:35<10:56,  3.69it/s]Testing DataLoader 0:  19%|█▉        | 577/3000 [02:36<10:56,  3.69it/s]Testing DataLoader 0:  19%|█▉        | 578/3000 [02:36<10:55,  3.69it/s]Testing DataLoader 0:  19%|█▉        | 579/3000 [02:36<10:55,  3.69it/s]Testing DataLoader 0:  19%|█▉        | 580/3000 [02:37<10:55,  3.69it/s]Testing DataLoader 0:  19%|█▉        | 581/3000 [02:37<10:54,  3.69it/s]Testing DataLoader 0:  19%|█▉        | 582/3000 [02:37<10:54,  3.69it/s]Testing DataLoader 0:  19%|█▉        | 583/3000 [02:37<10:54,  3.69it/s]Testing DataLoader 0:  19%|█▉        | 584/3000 [02:38<10:54,  3.69it/s]Testing DataLoader 0:  20%|█▉        | 585/3000 [02:38<10:53,  3.69it/s]Testing DataLoader 0:  20%|█▉        | 586/3000 [02:38<10:53,  3.69it/s]Testing DataLoader 0:  20%|█▉        | 587/3000 [02:38<10:53,  3.69it/s]Testing DataLoader 0:  20%|█▉        | 588/3000 [02:39<10:53,  3.69it/s]Testing DataLoader 0:  20%|█▉        | 589/3000 [02:39<10:52,  3.69it/s]Testing DataLoader 0:  20%|█▉        | 590/3000 [02:39<10:52,  3.69it/s]Testing DataLoader 0:  20%|█▉        | 591/3000 [02:39<10:52,  3.69it/s]Testing DataLoader 0:  20%|█▉        | 592/3000 [02:40<10:51,  3.69it/s]Testing DataLoader 0:  20%|█▉        | 593/3000 [02:40<10:51,  3.69it/s]Testing DataLoader 0:  20%|█▉        | 594/3000 [02:40<10:51,  3.69it/s]Testing DataLoader 0:  20%|█▉        | 595/3000 [02:41<10:51,  3.69it/s]Testing DataLoader 0:  20%|█▉        | 596/3000 [02:41<10:50,  3.69it/s]Testing DataLoader 0:  20%|█▉        | 597/3000 [02:41<10:50,  3.69it/s]Testing DataLoader 0:  20%|█▉        | 598/3000 [02:41<10:50,  3.69it/s]Testing DataLoader 0:  20%|█▉        | 599/3000 [02:42<10:49,  3.69it/s]Testing DataLoader 0:  20%|██        | 600/3000 [02:42<10:49,  3.69it/s]Testing DataLoader 0:  20%|██        | 601/3000 [02:42<10:49,  3.69it/s]Testing DataLoader 0:  20%|██        | 602/3000 [02:42<10:49,  3.69it/s]Testing DataLoader 0:  20%|██        | 603/3000 [02:43<10:48,  3.69it/s]Testing DataLoader 0:  20%|██        | 604/3000 [02:43<10:48,  3.69it/s]Testing DataLoader 0:  20%|██        | 605/3000 [02:43<10:48,  3.69it/s]Testing DataLoader 0:  20%|██        | 606/3000 [02:44<10:47,  3.69it/s]Testing DataLoader 0:  20%|██        | 607/3000 [02:44<10:47,  3.69it/s]Testing DataLoader 0:  20%|██        | 608/3000 [02:44<10:47,  3.69it/s]Testing DataLoader 0:  20%|██        | 609/3000 [02:44<10:47,  3.69it/s]Testing DataLoader 0:  20%|██        | 610/3000 [02:45<10:46,  3.69it/s]Testing DataLoader 0:  20%|██        | 611/3000 [02:45<10:46,  3.69it/s]Testing DataLoader 0:  20%|██        | 612/3000 [02:45<10:46,  3.70it/s]Testing DataLoader 0:  20%|██        | 613/3000 [02:45<10:45,  3.70it/s]Testing DataLoader 0:  20%|██        | 614/3000 [02:46<10:45,  3.70it/s]Testing DataLoader 0:  20%|██        | 615/3000 [02:46<10:45,  3.70it/s]Testing DataLoader 0:  21%|██        | 616/3000 [02:46<10:45,  3.70it/s]Testing DataLoader 0:  21%|██        | 617/3000 [02:46<10:44,  3.70it/s]Testing DataLoader 0:  21%|██        | 618/3000 [02:47<10:44,  3.70it/s]Testing DataLoader 0:  21%|██        | 619/3000 [02:47<10:44,  3.70it/s]Testing DataLoader 0:  21%|██        | 620/3000 [02:47<10:44,  3.70it/s]Testing DataLoader 0:  21%|██        | 621/3000 [02:48<10:43,  3.70it/s]Testing DataLoader 0:  21%|██        | 622/3000 [02:48<10:43,  3.70it/s]Testing DataLoader 0:  21%|██        | 623/3000 [02:48<10:43,  3.70it/s]Testing DataLoader 0:  21%|██        | 624/3000 [02:48<10:42,  3.70it/s]Testing DataLoader 0:  21%|██        | 625/3000 [02:49<10:42,  3.70it/s]Testing DataLoader 0:  21%|██        | 626/3000 [02:49<10:42,  3.70it/s]Testing DataLoader 0:  21%|██        | 627/3000 [02:49<10:42,  3.70it/s]Testing DataLoader 0:  21%|██        | 628/3000 [02:49<10:41,  3.70it/s]Testing DataLoader 0:  21%|██        | 629/3000 [02:50<10:41,  3.70it/s]Testing DataLoader 0:  21%|██        | 630/3000 [02:50<10:41,  3.70it/s]Testing DataLoader 0:  21%|██        | 631/3000 [02:50<10:41,  3.70it/s]Testing DataLoader 0:  21%|██        | 632/3000 [02:51<10:40,  3.70it/s]Testing DataLoader 0:  21%|██        | 633/3000 [02:51<10:40,  3.70it/s]Testing DataLoader 0:  21%|██        | 634/3000 [02:51<10:40,  3.70it/s]Testing DataLoader 0:  21%|██        | 635/3000 [02:51<10:39,  3.70it/s]Testing DataLoader 0:  21%|██        | 636/3000 [02:52<10:39,  3.70it/s]Testing DataLoader 0:  21%|██        | 637/3000 [02:52<10:39,  3.70it/s]Testing DataLoader 0:  21%|██▏       | 638/3000 [02:52<10:39,  3.70it/s]Testing DataLoader 0:  21%|██▏       | 639/3000 [02:52<10:38,  3.70it/s]Testing DataLoader 0:  21%|██▏       | 640/3000 [02:53<10:38,  3.70it/s]Testing DataLoader 0:  21%|██▏       | 641/3000 [02:53<10:38,  3.70it/s]Testing DataLoader 0:  21%|██▏       | 642/3000 [02:53<10:37,  3.70it/s]Testing DataLoader 0:  21%|██▏       | 643/3000 [02:53<10:37,  3.70it/s]Testing DataLoader 0:  21%|██▏       | 644/3000 [02:54<10:37,  3.70it/s]Testing DataLoader 0:  22%|██▏       | 645/3000 [02:54<10:37,  3.70it/s]Testing DataLoader 0:  22%|██▏       | 646/3000 [02:54<10:36,  3.70it/s]Testing DataLoader 0:  22%|██▏       | 647/3000 [02:55<10:36,  3.70it/s]Testing DataLoader 0:  22%|██▏       | 648/3000 [02:55<10:36,  3.70it/s]Testing DataLoader 0:  22%|██▏       | 649/3000 [02:55<10:36,  3.70it/s]Testing DataLoader 0:  22%|██▏       | 650/3000 [02:55<10:35,  3.70it/s]Testing DataLoader 0:  22%|██▏       | 651/3000 [02:56<10:35,  3.70it/s]Testing DataLoader 0:  22%|██▏       | 652/3000 [02:56<10:35,  3.70it/s]Testing DataLoader 0:  22%|██▏       | 653/3000 [02:56<10:34,  3.70it/s]Testing DataLoader 0:  22%|██▏       | 654/3000 [02:56<10:34,  3.70it/s]Testing DataLoader 0:  22%|██▏       | 655/3000 [02:57<10:34,  3.70it/s]Testing DataLoader 0:  22%|██▏       | 656/3000 [02:57<10:34,  3.70it/s]Testing DataLoader 0:  22%|██▏       | 657/3000 [02:57<10:33,  3.70it/s]Testing DataLoader 0:  22%|██▏       | 658/3000 [02:58<10:33,  3.70it/s]Testing DataLoader 0:  22%|██▏       | 659/3000 [02:58<10:33,  3.70it/s]Testing DataLoader 0:  22%|██▏       | 660/3000 [02:58<10:33,  3.70it/s]Testing DataLoader 0:  22%|██▏       | 661/3000 [02:58<10:32,  3.70it/s]Testing DataLoader 0:  22%|██▏       | 662/3000 [02:59<10:32,  3.70it/s]Testing DataLoader 0:  22%|██▏       | 663/3000 [02:59<10:32,  3.70it/s]Testing DataLoader 0:  22%|██▏       | 664/3000 [02:59<10:31,  3.70it/s]Testing DataLoader 0:  22%|██▏       | 665/3000 [02:59<10:31,  3.70it/s]Testing DataLoader 0:  22%|██▏       | 666/3000 [03:00<10:31,  3.70it/s]Testing DataLoader 0:  22%|██▏       | 667/3000 [03:00<10:31,  3.70it/s]Testing DataLoader 0:  22%|██▏       | 668/3000 [03:00<10:30,  3.70it/s]Testing DataLoader 0:  22%|██▏       | 669/3000 [03:00<10:30,  3.70it/s]Testing DataLoader 0:  22%|██▏       | 670/3000 [03:01<10:30,  3.70it/s]Testing DataLoader 0:  22%|██▏       | 671/3000 [03:01<10:29,  3.70it/s]Testing DataLoader 0:  22%|██▏       | 672/3000 [03:01<10:29,  3.70it/s]Testing DataLoader 0:  22%|██▏       | 673/3000 [03:02<10:29,  3.70it/s]Testing DataLoader 0:  22%|██▏       | 674/3000 [03:02<10:29,  3.70it/s]Testing DataLoader 0:  22%|██▎       | 675/3000 [03:02<10:28,  3.70it/s]Testing DataLoader 0:  23%|██▎       | 676/3000 [03:02<10:28,  3.70it/s]Testing DataLoader 0:  23%|██▎       | 677/3000 [03:03<10:28,  3.70it/s]Testing DataLoader 0:  23%|██▎       | 678/3000 [03:03<10:27,  3.70it/s]Testing DataLoader 0:  23%|██▎       | 679/3000 [03:03<10:27,  3.70it/s]Testing DataLoader 0:  23%|██▎       | 680/3000 [03:03<10:27,  3.70it/s]Testing DataLoader 0:  23%|██▎       | 681/3000 [03:04<10:27,  3.70it/s]Testing DataLoader 0:  23%|██▎       | 682/3000 [03:04<10:26,  3.70it/s]Testing DataLoader 0:  23%|██▎       | 683/3000 [03:04<10:26,  3.70it/s]Testing DataLoader 0:  23%|██▎       | 684/3000 [03:04<10:26,  3.70it/s]Testing DataLoader 0:  23%|██▎       | 685/3000 [03:05<10:26,  3.70it/s]Testing DataLoader 0:  23%|██▎       | 686/3000 [03:05<10:25,  3.70it/s]Testing DataLoader 0:  23%|██▎       | 687/3000 [03:05<10:25,  3.70it/s]Testing DataLoader 0:  23%|██▎       | 688/3000 [03:06<10:25,  3.70it/s]Testing DataLoader 0:  23%|██▎       | 689/3000 [03:06<10:24,  3.70it/s]Testing DataLoader 0:  23%|██▎       | 690/3000 [03:06<10:24,  3.70it/s]Testing DataLoader 0:  23%|██▎       | 691/3000 [03:06<10:24,  3.70it/s]Testing DataLoader 0:  23%|██▎       | 692/3000 [03:07<10:24,  3.70it/s]Testing DataLoader 0:  23%|██▎       | 693/3000 [03:07<10:23,  3.70it/s]Testing DataLoader 0:  23%|██▎       | 694/3000 [03:07<10:23,  3.70it/s]Testing DataLoader 0:  23%|██▎       | 695/3000 [03:07<10:23,  3.70it/s]Testing DataLoader 0:  23%|██▎       | 696/3000 [03:08<10:22,  3.70it/s]Testing DataLoader 0:  23%|██▎       | 697/3000 [03:08<10:22,  3.70it/s]Testing DataLoader 0:  23%|██▎       | 698/3000 [03:08<10:22,  3.70it/s]Testing DataLoader 0:  23%|██▎       | 699/3000 [03:08<10:22,  3.70it/s]Testing DataLoader 0:  23%|██▎       | 700/3000 [03:09<10:21,  3.70it/s]Testing DataLoader 0:  23%|██▎       | 701/3000 [03:09<10:21,  3.70it/s]Testing DataLoader 0:  23%|██▎       | 702/3000 [03:09<10:21,  3.70it/s]Testing DataLoader 0:  23%|██▎       | 703/3000 [03:10<10:21,  3.70it/s]Testing DataLoader 0:  23%|██▎       | 704/3000 [03:10<10:20,  3.70it/s]Testing DataLoader 0:  24%|██▎       | 705/3000 [03:10<10:20,  3.70it/s]Testing DataLoader 0:  24%|██▎       | 706/3000 [03:10<10:20,  3.70it/s]Testing DataLoader 0:  24%|██▎       | 707/3000 [03:11<10:19,  3.70it/s]Testing DataLoader 0:  24%|██▎       | 708/3000 [03:11<10:19,  3.70it/s]Testing DataLoader 0:  24%|██▎       | 709/3000 [03:11<10:19,  3.70it/s]Testing DataLoader 0:  24%|██▎       | 710/3000 [03:11<10:19,  3.70it/s]Testing DataLoader 0:  24%|██▎       | 711/3000 [03:12<10:18,  3.70it/s]Testing DataLoader 0:  24%|██▎       | 712/3000 [03:12<10:18,  3.70it/s]Testing DataLoader 0:  24%|██▍       | 713/3000 [03:12<10:18,  3.70it/s]Testing DataLoader 0:  24%|██▍       | 714/3000 [03:13<10:17,  3.70it/s]Testing DataLoader 0:  24%|██▍       | 715/3000 [03:13<10:17,  3.70it/s]Testing DataLoader 0:  24%|██▍       | 716/3000 [03:13<10:17,  3.70it/s]Testing DataLoader 0:  24%|██▍       | 717/3000 [03:13<10:17,  3.70it/s]Testing DataLoader 0:  24%|██▍       | 718/3000 [03:14<10:16,  3.70it/s]Testing DataLoader 0:  24%|██▍       | 719/3000 [03:14<10:16,  3.70it/s]Testing DataLoader 0:  24%|██▍       | 720/3000 [03:14<10:16,  3.70it/s]Testing DataLoader 0:  24%|██▍       | 721/3000 [03:14<10:15,  3.70it/s]Testing DataLoader 0:  24%|██▍       | 722/3000 [03:15<10:15,  3.70it/s]Testing DataLoader 0:  24%|██▍       | 723/3000 [03:15<10:15,  3.70it/s]Testing DataLoader 0:  24%|██▍       | 724/3000 [03:15<10:15,  3.70it/s]Testing DataLoader 0:  24%|██▍       | 725/3000 [03:15<10:14,  3.70it/s]Testing DataLoader 0:  24%|██▍       | 726/3000 [03:16<10:14,  3.70it/s]Testing DataLoader 0:  24%|██▍       | 727/3000 [03:16<10:14,  3.70it/s]Testing DataLoader 0:  24%|██▍       | 728/3000 [03:16<10:14,  3.70it/s]Testing DataLoader 0:  24%|██▍       | 729/3000 [03:17<10:13,  3.70it/s]Testing DataLoader 0:  24%|██▍       | 730/3000 [03:17<10:13,  3.70it/s]Testing DataLoader 0:  24%|██▍       | 731/3000 [03:17<10:13,  3.70it/s]Testing DataLoader 0:  24%|██▍       | 732/3000 [03:17<10:12,  3.70it/s]Testing DataLoader 0:  24%|██▍       | 733/3000 [03:18<10:12,  3.70it/s]Testing DataLoader 0:  24%|██▍       | 734/3000 [03:18<10:12,  3.70it/s]Testing DataLoader 0:  24%|██▍       | 735/3000 [03:18<10:12,  3.70it/s]Testing DataLoader 0:  25%|██▍       | 736/3000 [03:18<10:11,  3.70it/s]Testing DataLoader 0:  25%|██▍       | 737/3000 [03:19<10:11,  3.70it/s]Testing DataLoader 0:  25%|██▍       | 738/3000 [03:19<10:11,  3.70it/s]Testing DataLoader 0:  25%|██▍       | 739/3000 [03:19<10:10,  3.70it/s]Testing DataLoader 0:  25%|██▍       | 740/3000 [03:19<10:10,  3.70it/s]Testing DataLoader 0:  25%|██▍       | 741/3000 [03:20<10:10,  3.70it/s]Testing DataLoader 0:  25%|██▍       | 742/3000 [03:20<10:10,  3.70it/s]Testing DataLoader 0:  25%|██▍       | 743/3000 [03:20<10:09,  3.70it/s]Testing DataLoader 0:  25%|██▍       | 744/3000 [03:21<10:09,  3.70it/s]Testing DataLoader 0:  25%|██▍       | 745/3000 [03:21<10:09,  3.70it/s]Testing DataLoader 0:  25%|██▍       | 746/3000 [03:21<10:09,  3.70it/s]Testing DataLoader 0:  25%|██▍       | 747/3000 [03:21<10:08,  3.70it/s]Testing DataLoader 0:  25%|██▍       | 748/3000 [03:22<10:08,  3.70it/s]Testing DataLoader 0:  25%|██▍       | 749/3000 [03:22<10:08,  3.70it/s]Testing DataLoader 0:  25%|██▌       | 750/3000 [03:22<10:07,  3.70it/s]Testing DataLoader 0:  25%|██▌       | 751/3000 [03:22<10:07,  3.70it/s]Testing DataLoader 0:  25%|██▌       | 752/3000 [03:23<10:07,  3.70it/s]Testing DataLoader 0:  25%|██▌       | 753/3000 [03:23<10:07,  3.70it/s]Testing DataLoader 0:  25%|██▌       | 754/3000 [03:23<10:06,  3.70it/s]Testing DataLoader 0:  25%|██▌       | 755/3000 [03:23<10:06,  3.70it/s]Testing DataLoader 0:  25%|██▌       | 756/3000 [03:24<10:06,  3.70it/s]Testing DataLoader 0:  25%|██▌       | 757/3000 [03:24<10:05,  3.70it/s]Testing DataLoader 0:  25%|██▌       | 758/3000 [03:24<10:05,  3.70it/s]Testing DataLoader 0:  25%|██▌       | 759/3000 [03:25<10:05,  3.70it/s]Testing DataLoader 0:  25%|██▌       | 760/3000 [03:25<10:05,  3.70it/s]Testing DataLoader 0:  25%|██▌       | 761/3000 [03:25<10:04,  3.70it/s]Testing DataLoader 0:  25%|██▌       | 762/3000 [03:25<10:04,  3.70it/s]Testing DataLoader 0:  25%|██▌       | 763/3000 [03:26<10:04,  3.70it/s]Testing DataLoader 0:  25%|██▌       | 764/3000 [03:26<10:03,  3.70it/s]Testing DataLoader 0:  26%|██▌       | 765/3000 [03:26<10:03,  3.70it/s]Testing DataLoader 0:  26%|██▌       | 766/3000 [03:26<10:03,  3.70it/s]Testing DataLoader 0:  26%|██▌       | 767/3000 [03:27<10:03,  3.70it/s]Testing DataLoader 0:  26%|██▌       | 768/3000 [03:27<10:02,  3.70it/s]Testing DataLoader 0:  26%|██▌       | 769/3000 [03:27<10:02,  3.70it/s]Testing DataLoader 0:  26%|██▌       | 770/3000 [03:27<10:02,  3.70it/s]Testing DataLoader 0:  26%|██▌       | 771/3000 [03:28<10:02,  3.70it/s]Testing DataLoader 0:  26%|██▌       | 772/3000 [03:28<10:01,  3.70it/s]Testing DataLoader 0:  26%|██▌       | 773/3000 [03:28<10:01,  3.70it/s]Testing DataLoader 0:  26%|██▌       | 774/3000 [03:29<10:01,  3.70it/s]Testing DataLoader 0:  26%|██▌       | 775/3000 [03:29<10:00,  3.70it/s]Testing DataLoader 0:  26%|██▌       | 776/3000 [03:29<10:00,  3.70it/s]Testing DataLoader 0:  26%|██▌       | 777/3000 [03:29<10:00,  3.70it/s]Testing DataLoader 0:  26%|██▌       | 778/3000 [03:30<10:00,  3.70it/s]Testing DataLoader 0:  26%|██▌       | 779/3000 [03:30<09:59,  3.70it/s]Testing DataLoader 0:  26%|██▌       | 780/3000 [03:30<09:59,  3.70it/s]Testing DataLoader 0:  26%|██▌       | 781/3000 [03:30<09:59,  3.70it/s]Testing DataLoader 0:  26%|██▌       | 782/3000 [03:31<09:59,  3.70it/s]Testing DataLoader 0:  26%|██▌       | 783/3000 [03:31<09:58,  3.70it/s]Testing DataLoader 0:  26%|██▌       | 784/3000 [03:31<09:58,  3.70it/s]Testing DataLoader 0:  26%|██▌       | 785/3000 [03:32<09:58,  3.70it/s]Testing DataLoader 0:  26%|██▌       | 786/3000 [03:32<09:57,  3.70it/s]Testing DataLoader 0:  26%|██▌       | 787/3000 [03:32<09:57,  3.70it/s]Testing DataLoader 0:  26%|██▋       | 788/3000 [03:32<09:57,  3.70it/s]Testing DataLoader 0:  26%|██▋       | 789/3000 [03:33<09:57,  3.70it/s]Testing DataLoader 0:  26%|██▋       | 790/3000 [03:33<09:56,  3.70it/s]Testing DataLoader 0:  26%|██▋       | 791/3000 [03:33<09:56,  3.70it/s]Testing DataLoader 0:  26%|██▋       | 792/3000 [03:33<09:56,  3.70it/s]Testing DataLoader 0:  26%|██▋       | 793/3000 [03:34<09:55,  3.70it/s]Testing DataLoader 0:  26%|██▋       | 794/3000 [03:34<09:55,  3.70it/s]Testing DataLoader 0:  26%|██▋       | 795/3000 [03:34<09:55,  3.70it/s]Testing DataLoader 0:  27%|██▋       | 796/3000 [03:34<09:55,  3.70it/s]Testing DataLoader 0:  27%|██▋       | 797/3000 [03:35<09:54,  3.70it/s]Testing DataLoader 0:  27%|██▋       | 798/3000 [03:35<09:54,  3.70it/s]Testing DataLoader 0:  27%|██▋       | 799/3000 [03:35<09:54,  3.70it/s]Testing DataLoader 0:  27%|██▋       | 800/3000 [03:36<09:54,  3.70it/s]Testing DataLoader 0:  27%|██▋       | 801/3000 [03:36<09:53,  3.70it/s]Testing DataLoader 0:  27%|██▋       | 802/3000 [03:36<09:53,  3.70it/s]Testing DataLoader 0:  27%|██▋       | 803/3000 [03:36<09:53,  3.70it/s]Testing DataLoader 0:  27%|██▋       | 804/3000 [03:37<09:52,  3.70it/s]Testing DataLoader 0:  27%|██▋       | 805/3000 [03:37<09:52,  3.70it/s]Testing DataLoader 0:  27%|██▋       | 806/3000 [03:37<09:52,  3.70it/s]Testing DataLoader 0:  27%|██▋       | 807/3000 [03:37<09:52,  3.70it/s]Testing DataLoader 0:  27%|██▋       | 808/3000 [03:38<09:51,  3.70it/s]Testing DataLoader 0:  27%|██▋       | 809/3000 [03:38<09:51,  3.70it/s]Testing DataLoader 0:  27%|██▋       | 810/3000 [03:38<09:51,  3.70it/s]Testing DataLoader 0:  27%|██▋       | 811/3000 [03:38<09:50,  3.70it/s]Testing DataLoader 0:  27%|██▋       | 812/3000 [03:39<09:50,  3.70it/s]Testing DataLoader 0:  27%|██▋       | 813/3000 [03:39<09:50,  3.70it/s]Testing DataLoader 0:  27%|██▋       | 814/3000 [03:39<09:50,  3.70it/s]Testing DataLoader 0:  27%|██▋       | 815/3000 [03:40<09:49,  3.70it/s]Testing DataLoader 0:  27%|██▋       | 816/3000 [03:40<09:49,  3.70it/s]Testing DataLoader 0:  27%|██▋       | 817/3000 [03:40<09:49,  3.70it/s]Testing DataLoader 0:  27%|██▋       | 818/3000 [03:40<09:48,  3.70it/s]Testing DataLoader 0:  27%|██▋       | 819/3000 [03:41<09:48,  3.70it/s]Testing DataLoader 0:  27%|██▋       | 820/3000 [03:41<09:48,  3.70it/s]Testing DataLoader 0:  27%|██▋       | 821/3000 [03:41<09:48,  3.70it/s]Testing DataLoader 0:  27%|██▋       | 822/3000 [03:41<09:47,  3.70it/s]Testing DataLoader 0:  27%|██▋       | 823/3000 [03:42<09:47,  3.70it/s]Testing DataLoader 0:  27%|██▋       | 824/3000 [03:42<09:47,  3.70it/s]Testing DataLoader 0:  28%|██▊       | 825/3000 [03:42<09:47,  3.70it/s]Testing DataLoader 0:  28%|██▊       | 826/3000 [03:42<09:46,  3.70it/s]Testing DataLoader 0:  28%|██▊       | 827/3000 [03:43<09:46,  3.71it/s]Testing DataLoader 0:  28%|██▊       | 828/3000 [03:43<09:46,  3.71it/s]Testing DataLoader 0:  28%|██▊       | 829/3000 [03:43<09:45,  3.71it/s]Testing DataLoader 0:  28%|██▊       | 830/3000 [03:44<09:45,  3.71it/s]Testing DataLoader 0:  28%|██▊       | 831/3000 [03:44<09:45,  3.71it/s]Testing DataLoader 0:  28%|██▊       | 832/3000 [03:44<09:45,  3.71it/s]Testing DataLoader 0:  28%|██▊       | 833/3000 [03:44<09:44,  3.71it/s]Testing DataLoader 0:  28%|██▊       | 834/3000 [03:45<09:44,  3.71it/s]Testing DataLoader 0:  28%|██▊       | 835/3000 [03:45<09:44,  3.71it/s]Testing DataLoader 0:  28%|██▊       | 836/3000 [03:45<09:44,  3.71it/s]Testing DataLoader 0:  28%|██▊       | 837/3000 [03:45<09:43,  3.71it/s]Testing DataLoader 0:  28%|██▊       | 838/3000 [03:46<09:43,  3.71it/s]Testing DataLoader 0:  28%|██▊       | 839/3000 [03:46<09:43,  3.71it/s]Testing DataLoader 0:  28%|██▊       | 840/3000 [03:46<09:42,  3.71it/s]Testing DataLoader 0:  28%|██▊       | 841/3000 [03:46<09:42,  3.71it/s]Testing DataLoader 0:  28%|██▊       | 842/3000 [03:47<09:42,  3.71it/s]Testing DataLoader 0:  28%|██▊       | 843/3000 [03:47<09:42,  3.71it/s]Testing DataLoader 0:  28%|██▊       | 844/3000 [03:47<09:41,  3.71it/s]Testing DataLoader 0:  28%|██▊       | 845/3000 [03:48<09:41,  3.71it/s]Testing DataLoader 0:  28%|██▊       | 846/3000 [03:48<09:41,  3.71it/s]Testing DataLoader 0:  28%|██▊       | 847/3000 [03:48<09:40,  3.71it/s]Testing DataLoader 0:  28%|██▊       | 848/3000 [03:48<09:40,  3.71it/s]Testing DataLoader 0:  28%|██▊       | 849/3000 [03:49<09:40,  3.71it/s]Testing DataLoader 0:  28%|██▊       | 850/3000 [03:49<09:40,  3.71it/s]Testing DataLoader 0:  28%|██▊       | 851/3000 [03:49<09:39,  3.71it/s]Testing DataLoader 0:  28%|██▊       | 852/3000 [03:49<09:39,  3.71it/s]Testing DataLoader 0:  28%|██▊       | 853/3000 [03:50<09:39,  3.71it/s]Testing DataLoader 0:  28%|██▊       | 854/3000 [03:50<09:39,  3.71it/s]Testing DataLoader 0:  28%|██▊       | 855/3000 [03:50<09:38,  3.71it/s]Testing DataLoader 0:  29%|██▊       | 856/3000 [03:50<09:38,  3.71it/s]Testing DataLoader 0:  29%|██▊       | 857/3000 [03:51<09:38,  3.71it/s]Testing DataLoader 0:  29%|██▊       | 858/3000 [03:51<09:37,  3.71it/s]Testing DataLoader 0:  29%|██▊       | 859/3000 [03:51<09:37,  3.71it/s]Testing DataLoader 0:  29%|██▊       | 860/3000 [03:52<09:37,  3.71it/s]Testing DataLoader 0:  29%|██▊       | 861/3000 [03:52<09:37,  3.71it/s]Testing DataLoader 0:  29%|██▊       | 862/3000 [03:52<09:36,  3.71it/s]Testing DataLoader 0:  29%|██▉       | 863/3000 [03:52<09:36,  3.71it/s]Testing DataLoader 0:  29%|██▉       | 864/3000 [03:53<09:36,  3.71it/s]Testing DataLoader 0:  29%|██▉       | 865/3000 [03:53<09:35,  3.71it/s]Testing DataLoader 0:  29%|██▉       | 866/3000 [03:53<09:35,  3.71it/s]Testing DataLoader 0:  29%|██▉       | 867/3000 [03:53<09:35,  3.71it/s]Testing DataLoader 0:  29%|██▉       | 868/3000 [03:54<09:35,  3.71it/s]Testing DataLoader 0:  29%|██▉       | 869/3000 [03:54<09:34,  3.71it/s]Testing DataLoader 0:  29%|██▉       | 870/3000 [03:54<09:34,  3.71it/s]Testing DataLoader 0:  29%|██▉       | 871/3000 [03:54<09:34,  3.71it/s]Testing DataLoader 0:  29%|██▉       | 872/3000 [03:55<09:34,  3.71it/s]Testing DataLoader 0:  29%|██▉       | 873/3000 [03:55<09:33,  3.71it/s]Testing DataLoader 0:  29%|██▉       | 874/3000 [03:55<09:33,  3.71it/s]Testing DataLoader 0:  29%|██▉       | 875/3000 [03:56<09:33,  3.71it/s]Testing DataLoader 0:  29%|██▉       | 876/3000 [03:56<09:32,  3.71it/s]Testing DataLoader 0:  29%|██▉       | 877/3000 [03:56<09:32,  3.71it/s]Testing DataLoader 0:  29%|██▉       | 878/3000 [03:56<09:32,  3.71it/s]Testing DataLoader 0:  29%|██▉       | 879/3000 [03:57<09:32,  3.71it/s]Testing DataLoader 0:  29%|██▉       | 880/3000 [03:57<09:31,  3.71it/s]Testing DataLoader 0:  29%|██▉       | 881/3000 [03:57<09:31,  3.71it/s]Testing DataLoader 0:  29%|██▉       | 882/3000 [03:57<09:31,  3.71it/s]Testing DataLoader 0:  29%|██▉       | 883/3000 [03:58<09:30,  3.71it/s]Testing DataLoader 0:  29%|██▉       | 884/3000 [03:58<09:30,  3.71it/s]Testing DataLoader 0:  30%|██▉       | 885/3000 [03:58<09:30,  3.71it/s]Testing DataLoader 0:  30%|██▉       | 886/3000 [03:58<09:30,  3.71it/s]Testing DataLoader 0:  30%|██▉       | 887/3000 [03:59<09:29,  3.71it/s]Testing DataLoader 0:  30%|██▉       | 888/3000 [03:59<09:29,  3.71it/s]Testing DataLoader 0:  30%|██▉       | 889/3000 [03:59<09:29,  3.71it/s]Testing DataLoader 0:  30%|██▉       | 890/3000 [04:00<09:29,  3.71it/s]Testing DataLoader 0:  30%|██▉       | 891/3000 [04:00<09:28,  3.71it/s]Testing DataLoader 0:  30%|██▉       | 892/3000 [04:00<09:28,  3.71it/s]Testing DataLoader 0:  30%|██▉       | 893/3000 [04:00<09:28,  3.71it/s]Testing DataLoader 0:  30%|██▉       | 894/3000 [04:01<09:27,  3.71it/s]Testing DataLoader 0:  30%|██▉       | 895/3000 [04:01<09:27,  3.71it/s]Testing DataLoader 0:  30%|██▉       | 896/3000 [04:01<09:27,  3.71it/s]Testing DataLoader 0:  30%|██▉       | 897/3000 [04:01<09:27,  3.71it/s]Testing DataLoader 0:  30%|██▉       | 898/3000 [04:02<09:26,  3.71it/s]Testing DataLoader 0:  30%|██▉       | 899/3000 [04:02<09:26,  3.71it/s]Testing DataLoader 0:  30%|███       | 900/3000 [04:02<09:26,  3.71it/s]Testing DataLoader 0:  30%|███       | 901/3000 [04:02<09:26,  3.71it/s]Testing DataLoader 0:  30%|███       | 902/3000 [04:03<09:25,  3.71it/s]Testing DataLoader 0:  30%|███       | 903/3000 [04:03<09:25,  3.71it/s]Testing DataLoader 0:  30%|███       | 904/3000 [04:03<09:25,  3.71it/s]Testing DataLoader 0:  30%|███       | 905/3000 [04:04<09:24,  3.71it/s]Testing DataLoader 0:  30%|███       | 906/3000 [04:04<09:24,  3.71it/s]Testing DataLoader 0:  30%|███       | 907/3000 [04:04<09:24,  3.71it/s]Testing DataLoader 0:  30%|███       | 908/3000 [04:04<09:24,  3.71it/s]Testing DataLoader 0:  30%|███       | 909/3000 [04:05<09:23,  3.71it/s]Testing DataLoader 0:  30%|███       | 910/3000 [04:05<09:23,  3.71it/s]Testing DataLoader 0:  30%|███       | 911/3000 [04:05<09:23,  3.71it/s]Testing DataLoader 0:  30%|███       | 912/3000 [04:05<09:22,  3.71it/s]Testing DataLoader 0:  30%|███       | 913/3000 [04:06<09:22,  3.71it/s]Testing DataLoader 0:  30%|███       | 914/3000 [04:06<09:22,  3.71it/s]Testing DataLoader 0:  30%|███       | 915/3000 [04:06<09:22,  3.71it/s]Testing DataLoader 0:  31%|███       | 916/3000 [04:06<09:21,  3.71it/s]Testing DataLoader 0:  31%|███       | 917/3000 [04:07<09:21,  3.71it/s]Testing DataLoader 0:  31%|███       | 918/3000 [04:07<09:21,  3.71it/s]Testing DataLoader 0:  31%|███       | 919/3000 [04:07<09:21,  3.71it/s]Testing DataLoader 0:  31%|███       | 920/3000 [04:08<09:20,  3.71it/s]Testing DataLoader 0:  31%|███       | 921/3000 [04:08<09:20,  3.71it/s]Testing DataLoader 0:  31%|███       | 922/3000 [04:08<09:20,  3.71it/s]Testing DataLoader 0:  31%|███       | 923/3000 [04:08<09:19,  3.71it/s]Testing DataLoader 0:  31%|███       | 924/3000 [04:09<09:19,  3.71it/s]Testing DataLoader 0:  31%|███       | 925/3000 [04:09<09:19,  3.71it/s]Testing DataLoader 0:  31%|███       | 926/3000 [04:09<09:19,  3.71it/s]Testing DataLoader 0:  31%|███       | 927/3000 [04:09<09:18,  3.71it/s]Testing DataLoader 0:  31%|███       | 928/3000 [04:10<09:18,  3.71it/s]Testing DataLoader 0:  31%|███       | 929/3000 [04:10<09:18,  3.71it/s]Testing DataLoader 0:  31%|███       | 930/3000 [04:10<09:18,  3.71it/s]Testing DataLoader 0:  31%|███       | 931/3000 [04:10<09:17,  3.71it/s]Testing DataLoader 0:  31%|███       | 932/3000 [04:11<09:17,  3.71it/s]Testing DataLoader 0:  31%|███       | 933/3000 [04:11<09:17,  3.71it/s]Testing DataLoader 0:  31%|███       | 934/3000 [04:11<09:16,  3.71it/s]Testing DataLoader 0:  31%|███       | 935/3000 [04:12<09:16,  3.71it/s]Testing DataLoader 0:  31%|███       | 936/3000 [04:12<09:16,  3.71it/s]Testing DataLoader 0:  31%|███       | 937/3000 [04:12<09:16,  3.71it/s]Testing DataLoader 0:  31%|███▏      | 938/3000 [04:12<09:15,  3.71it/s]Testing DataLoader 0:  31%|███▏      | 939/3000 [04:13<09:15,  3.71it/s]Testing DataLoader 0:  31%|███▏      | 940/3000 [04:13<09:15,  3.71it/s]Testing DataLoader 0:  31%|███▏      | 941/3000 [04:13<09:14,  3.71it/s]Testing DataLoader 0:  31%|███▏      | 942/3000 [04:13<09:14,  3.71it/s]Testing DataLoader 0:  31%|███▏      | 943/3000 [04:14<09:14,  3.71it/s]Testing DataLoader 0:  31%|███▏      | 944/3000 [04:14<09:14,  3.71it/s]Testing DataLoader 0:  32%|███▏      | 945/3000 [04:14<09:13,  3.71it/s]Testing DataLoader 0:  32%|███▏      | 946/3000 [04:14<09:13,  3.71it/s]Testing DataLoader 0:  32%|███▏      | 947/3000 [04:15<09:13,  3.71it/s]Testing DataLoader 0:  32%|███▏      | 948/3000 [04:15<09:13,  3.71it/s]Testing DataLoader 0:  32%|███▏      | 949/3000 [04:15<09:12,  3.71it/s]Testing DataLoader 0:  32%|███▏      | 950/3000 [04:16<09:12,  3.71it/s]Testing DataLoader 0:  32%|███▏      | 951/3000 [04:16<09:12,  3.71it/s]Testing DataLoader 0:  32%|███▏      | 952/3000 [04:16<09:11,  3.71it/s]Testing DataLoader 0:  32%|███▏      | 953/3000 [04:16<09:11,  3.71it/s]Testing DataLoader 0:  32%|███▏      | 954/3000 [04:17<09:11,  3.71it/s]Testing DataLoader 0:  32%|███▏      | 955/3000 [04:17<09:11,  3.71it/s]Testing DataLoader 0:  32%|███▏      | 956/3000 [04:17<09:10,  3.71it/s]Testing DataLoader 0:  32%|███▏      | 957/3000 [04:17<09:10,  3.71it/s]Testing DataLoader 0:  32%|███▏      | 958/3000 [04:18<09:10,  3.71it/s]Testing DataLoader 0:  32%|███▏      | 959/3000 [04:18<09:09,  3.71it/s]Testing DataLoader 0:  32%|███▏      | 960/3000 [04:18<09:09,  3.71it/s]Testing DataLoader 0:  32%|███▏      | 961/3000 [04:18<09:09,  3.71it/s]Testing DataLoader 0:  32%|███▏      | 962/3000 [04:19<09:09,  3.71it/s]Testing DataLoader 0:  32%|███▏      | 963/3000 [04:19<09:08,  3.71it/s]Testing DataLoader 0:  32%|███▏      | 964/3000 [04:19<09:08,  3.71it/s]Testing DataLoader 0:  32%|███▏      | 965/3000 [04:20<09:08,  3.71it/s]Testing DataLoader 0:  32%|███▏      | 966/3000 [04:20<09:08,  3.71it/s]Testing DataLoader 0:  32%|███▏      | 967/3000 [04:20<09:07,  3.71it/s]Testing DataLoader 0:  32%|███▏      | 968/3000 [04:20<09:07,  3.71it/s]Testing DataLoader 0:  32%|███▏      | 969/3000 [04:21<09:07,  3.71it/s]Testing DataLoader 0:  32%|███▏      | 970/3000 [04:21<09:06,  3.71it/s]Testing DataLoader 0:  32%|███▏      | 971/3000 [04:21<09:06,  3.71it/s]Testing DataLoader 0:  32%|███▏      | 972/3000 [04:21<09:06,  3.71it/s]Testing DataLoader 0:  32%|███▏      | 973/3000 [04:22<09:06,  3.71it/s]Testing DataLoader 0:  32%|███▏      | 974/3000 [04:22<09:05,  3.71it/s]Testing DataLoader 0:  32%|███▎      | 975/3000 [04:22<09:05,  3.71it/s]Testing DataLoader 0:  33%|███▎      | 976/3000 [04:22<09:05,  3.71it/s]Testing DataLoader 0:  33%|███▎      | 977/3000 [04:23<09:04,  3.71it/s]Testing DataLoader 0:  33%|███▎      | 978/3000 [04:23<09:04,  3.71it/s]Testing DataLoader 0:  33%|███▎      | 979/3000 [04:23<09:04,  3.71it/s]Testing DataLoader 0:  33%|███▎      | 980/3000 [04:23<09:04,  3.71it/s]Testing DataLoader 0:  33%|███▎      | 981/3000 [04:24<09:03,  3.71it/s]Testing DataLoader 0:  33%|███▎      | 982/3000 [04:24<09:03,  3.71it/s]Testing DataLoader 0:  33%|███▎      | 983/3000 [04:24<09:03,  3.71it/s]Testing DataLoader 0:  33%|███▎      | 984/3000 [04:25<09:03,  3.71it/s]Testing DataLoader 0:  33%|███▎      | 985/3000 [04:25<09:02,  3.71it/s]Testing DataLoader 0:  33%|███▎      | 986/3000 [04:25<09:02,  3.71it/s]Testing DataLoader 0:  33%|███▎      | 987/3000 [04:25<09:02,  3.71it/s]Testing DataLoader 0:  33%|███▎      | 988/3000 [04:26<09:01,  3.71it/s]Testing DataLoader 0:  33%|███▎      | 989/3000 [04:26<09:01,  3.71it/s]Testing DataLoader 0:  33%|███▎      | 990/3000 [04:26<09:01,  3.71it/s]Testing DataLoader 0:  33%|███▎      | 991/3000 [04:26<09:01,  3.71it/s]Testing DataLoader 0:  33%|███▎      | 992/3000 [04:27<09:00,  3.71it/s]Testing DataLoader 0:  33%|███▎      | 993/3000 [04:27<09:00,  3.71it/s]Testing DataLoader 0:  33%|███▎      | 994/3000 [04:27<09:00,  3.71it/s]Testing DataLoader 0:  33%|███▎      | 995/3000 [04:27<09:00,  3.71it/s]Testing DataLoader 0:  33%|███▎      | 996/3000 [04:28<08:59,  3.71it/s]Testing DataLoader 0:  33%|███▎      | 997/3000 [04:28<08:59,  3.71it/s]Testing DataLoader 0:  33%|███▎      | 998/3000 [04:28<08:59,  3.71it/s]Testing DataLoader 0:  33%|███▎      | 999/3000 [04:29<08:58,  3.71it/s]Testing DataLoader 0:  33%|███▎      | 1000/3000 [04:29<08:58,  3.71it/s]Testing DataLoader 0:  33%|███▎      | 1001/3000 [04:29<08:58,  3.71it/s]Testing DataLoader 0:  33%|███▎      | 1002/3000 [04:29<08:58,  3.71it/s]Testing DataLoader 0:  33%|███▎      | 1003/3000 [04:30<08:57,  3.71it/s]Testing DataLoader 0:  33%|███▎      | 1004/3000 [04:30<08:57,  3.71it/s]Testing DataLoader 0:  34%|███▎      | 1005/3000 [04:30<08:57,  3.71it/s]Testing DataLoader 0:  34%|███▎      | 1006/3000 [04:30<08:56,  3.71it/s]Testing DataLoader 0:  34%|███▎      | 1007/3000 [04:31<08:56,  3.71it/s]Testing DataLoader 0:  34%|███▎      | 1008/3000 [04:31<08:56,  3.71it/s]Testing DataLoader 0:  34%|███▎      | 1009/3000 [04:31<08:56,  3.71it/s]Testing DataLoader 0:  34%|███▎      | 1010/3000 [04:31<08:55,  3.71it/s]Testing DataLoader 0:  34%|███▎      | 1011/3000 [04:32<08:55,  3.71it/s]Testing DataLoader 0:  34%|███▎      | 1012/3000 [04:32<08:55,  3.71it/s]Testing DataLoader 0:  34%|███▍      | 1013/3000 [04:32<08:55,  3.71it/s]Testing DataLoader 0:  34%|███▍      | 1014/3000 [04:33<08:54,  3.71it/s]Testing DataLoader 0:  34%|███▍      | 1015/3000 [04:33<08:54,  3.71it/s]Testing DataLoader 0:  34%|███▍      | 1016/3000 [04:33<08:54,  3.71it/s]Testing DataLoader 0:  34%|███▍      | 1017/3000 [04:33<08:53,  3.71it/s]Testing DataLoader 0:  34%|███▍      | 1018/3000 [04:34<08:53,  3.71it/s]Testing DataLoader 0:  34%|███▍      | 1019/3000 [04:34<08:53,  3.71it/s]Testing DataLoader 0:  34%|███▍      | 1020/3000 [04:34<08:53,  3.71it/s]Testing DataLoader 0:  34%|███▍      | 1021/3000 [04:34<08:52,  3.71it/s]Testing DataLoader 0:  34%|███▍      | 1022/3000 [04:35<08:52,  3.71it/s]Testing DataLoader 0:  34%|███▍      | 1023/3000 [04:35<08:52,  3.71it/s]Testing DataLoader 0:  34%|███▍      | 1024/3000 [04:35<08:51,  3.71it/s]Testing DataLoader 0:  34%|███▍      | 1025/3000 [04:35<08:51,  3.71it/s]Testing DataLoader 0:  34%|███▍      | 1026/3000 [04:36<08:51,  3.71it/s]Testing DataLoader 0:  34%|███▍      | 1027/3000 [04:36<08:51,  3.71it/s]Testing DataLoader 0:  34%|███▍      | 1028/3000 [04:36<08:50,  3.71it/s]Testing DataLoader 0:  34%|███▍      | 1029/3000 [04:37<08:50,  3.71it/s]Testing DataLoader 0:  34%|███▍      | 1030/3000 [04:37<08:50,  3.71it/s]Testing DataLoader 0:  34%|███▍      | 1031/3000 [04:37<08:50,  3.71it/s]Testing DataLoader 0:  34%|███▍      | 1032/3000 [04:37<08:49,  3.71it/s]Testing DataLoader 0:  34%|███▍      | 1033/3000 [04:38<08:49,  3.71it/s]Testing DataLoader 0:  34%|███▍      | 1034/3000 [04:38<08:49,  3.71it/s]Testing DataLoader 0:  34%|███▍      | 1035/3000 [04:38<08:48,  3.71it/s]Testing DataLoader 0:  35%|███▍      | 1036/3000 [04:38<08:48,  3.71it/s]Testing DataLoader 0:  35%|███▍      | 1037/3000 [04:39<08:48,  3.71it/s]Testing DataLoader 0:  35%|███▍      | 1038/3000 [04:39<08:48,  3.71it/s]Testing DataLoader 0:  35%|███▍      | 1039/3000 [04:39<08:47,  3.71it/s]Testing DataLoader 0:  35%|███▍      | 1040/3000 [04:39<08:47,  3.71it/s]Testing DataLoader 0:  35%|███▍      | 1041/3000 [04:40<08:47,  3.71it/s]Testing DataLoader 0:  35%|███▍      | 1042/3000 [04:40<08:47,  3.72it/s]Testing DataLoader 0:  35%|███▍      | 1043/3000 [04:40<08:46,  3.72it/s]Testing DataLoader 0:  35%|███▍      | 1044/3000 [04:41<08:46,  3.72it/s]Testing DataLoader 0:  35%|███▍      | 1045/3000 [04:41<08:46,  3.72it/s]Testing DataLoader 0:  35%|███▍      | 1046/3000 [04:41<08:45,  3.72it/s]Testing DataLoader 0:  35%|███▍      | 1047/3000 [04:41<08:45,  3.72it/s]Testing DataLoader 0:  35%|███▍      | 1048/3000 [04:42<08:45,  3.72it/s]Testing DataLoader 0:  35%|███▍      | 1049/3000 [04:42<08:45,  3.72it/s]Testing DataLoader 0:  35%|███▌      | 1050/3000 [04:42<08:44,  3.72it/s]Testing DataLoader 0:  35%|███▌      | 1051/3000 [04:42<08:44,  3.72it/s]Testing DataLoader 0:  35%|███▌      | 1052/3000 [04:43<08:44,  3.72it/s]Testing DataLoader 0:  35%|███▌      | 1053/3000 [04:43<08:44,  3.72it/s]Testing DataLoader 0:  35%|███▌      | 1054/3000 [04:43<08:43,  3.72it/s]Testing DataLoader 0:  35%|███▌      | 1055/3000 [04:43<08:43,  3.72it/s]Testing DataLoader 0:  35%|███▌      | 1056/3000 [04:44<08:43,  3.72it/s]Testing DataLoader 0:  35%|███▌      | 1057/3000 [04:44<08:42,  3.72it/s]Testing DataLoader 0:  35%|███▌      | 1058/3000 [04:44<08:42,  3.72it/s]Testing DataLoader 0:  35%|███▌      | 1059/3000 [04:45<08:42,  3.72it/s]Testing DataLoader 0:  35%|███▌      | 1060/3000 [04:45<08:42,  3.72it/s]Testing DataLoader 0:  35%|███▌      | 1061/3000 [04:45<08:41,  3.72it/s]Testing DataLoader 0:  35%|███▌      | 1062/3000 [04:45<08:41,  3.72it/s]Testing DataLoader 0:  35%|███▌      | 1063/3000 [04:46<08:41,  3.72it/s]Testing DataLoader 0:  35%|███▌      | 1064/3000 [04:46<08:41,  3.72it/s]Testing DataLoader 0:  36%|███▌      | 1065/3000 [04:46<08:40,  3.72it/s]Testing DataLoader 0:  36%|███▌      | 1066/3000 [04:46<08:40,  3.72it/s]Testing DataLoader 0:  36%|███▌      | 1067/3000 [04:47<08:40,  3.72it/s]Testing DataLoader 0:  36%|███▌      | 1068/3000 [04:47<08:39,  3.72it/s]Testing DataLoader 0:  36%|███▌      | 1069/3000 [04:47<08:39,  3.72it/s]Testing DataLoader 0:  36%|███▌      | 1070/3000 [04:47<08:39,  3.72it/s]Testing DataLoader 0:  36%|███▌      | 1071/3000 [04:48<08:39,  3.72it/s]Testing DataLoader 0:  36%|███▌      | 1072/3000 [04:48<08:38,  3.72it/s]Testing DataLoader 0:  36%|███▌      | 1073/3000 [04:48<08:38,  3.72it/s]Testing DataLoader 0:  36%|███▌      | 1074/3000 [04:48<08:38,  3.72it/s]Testing DataLoader 0:  36%|███▌      | 1075/3000 [04:49<08:37,  3.72it/s]Testing DataLoader 0:  36%|███▌      | 1076/3000 [04:49<08:37,  3.72it/s]Testing DataLoader 0:  36%|███▌      | 1077/3000 [04:49<08:37,  3.72it/s]Testing DataLoader 0:  36%|███▌      | 1078/3000 [04:50<08:37,  3.72it/s]Testing DataLoader 0:  36%|███▌      | 1079/3000 [04:50<08:36,  3.72it/s]Testing DataLoader 0:  36%|███▌      | 1080/3000 [04:50<08:36,  3.72it/s]Testing DataLoader 0:  36%|███▌      | 1081/3000 [04:50<08:36,  3.72it/s]Testing DataLoader 0:  36%|███▌      | 1082/3000 [04:51<08:36,  3.72it/s]Testing DataLoader 0:  36%|███▌      | 1083/3000 [04:51<08:35,  3.72it/s]Testing DataLoader 0:  36%|███▌      | 1084/3000 [04:51<08:35,  3.72it/s]Testing DataLoader 0:  36%|███▌      | 1085/3000 [04:51<08:35,  3.72it/s]Testing DataLoader 0:  36%|███▌      | 1086/3000 [04:52<08:34,  3.72it/s]Testing DataLoader 0:  36%|███▌      | 1087/3000 [04:52<08:34,  3.72it/s]Testing DataLoader 0:  36%|███▋      | 1088/3000 [04:52<08:34,  3.72it/s]Testing DataLoader 0:  36%|███▋      | 1089/3000 [04:52<08:34,  3.72it/s]Testing DataLoader 0:  36%|███▋      | 1090/3000 [04:53<08:33,  3.72it/s]Testing DataLoader 0:  36%|███▋      | 1091/3000 [04:53<08:33,  3.72it/s]Testing DataLoader 0:  36%|███▋      | 1092/3000 [04:53<08:33,  3.72it/s]Testing DataLoader 0:  36%|███▋      | 1093/3000 [04:54<08:33,  3.72it/s]Testing DataLoader 0:  36%|███▋      | 1094/3000 [04:54<08:32,  3.72it/s]Testing DataLoader 0:  36%|███▋      | 1095/3000 [04:54<08:32,  3.72it/s]Testing DataLoader 0:  37%|███▋      | 1096/3000 [04:54<08:32,  3.72it/s]Testing DataLoader 0:  37%|███▋      | 1097/3000 [04:55<08:31,  3.72it/s]Testing DataLoader 0:  37%|███▋      | 1098/3000 [04:55<08:31,  3.72it/s]Testing DataLoader 0:  37%|███▋      | 1099/3000 [04:55<08:31,  3.72it/s]Testing DataLoader 0:  37%|███▋      | 1100/3000 [04:55<08:31,  3.72it/s]Testing DataLoader 0:  37%|███▋      | 1101/3000 [04:56<08:30,  3.72it/s]Testing DataLoader 0:  37%|███▋      | 1102/3000 [04:56<08:30,  3.72it/s]Testing DataLoader 0:  37%|███▋      | 1103/3000 [04:56<08:30,  3.72it/s]Testing DataLoader 0:  37%|███▋      | 1104/3000 [04:56<08:30,  3.72it/s]Testing DataLoader 0:  37%|███▋      | 1105/3000 [04:57<08:29,  3.72it/s]Testing DataLoader 0:  37%|███▋      | 1106/3000 [04:57<08:29,  3.72it/s]Testing DataLoader 0:  37%|███▋      | 1107/3000 [04:57<08:29,  3.72it/s]Testing DataLoader 0:  37%|███▋      | 1108/3000 [04:58<08:28,  3.72it/s]Testing DataLoader 0:  37%|███▋      | 1109/3000 [04:58<08:28,  3.72it/s]Testing DataLoader 0:  37%|███▋      | 1110/3000 [04:58<08:28,  3.72it/s]Testing DataLoader 0:  37%|███▋      | 1111/3000 [04:58<08:28,  3.72it/s]Testing DataLoader 0:  37%|███▋      | 1112/3000 [04:59<08:27,  3.72it/s]Testing DataLoader 0:  37%|███▋      | 1113/3000 [04:59<08:27,  3.72it/s]Testing DataLoader 0:  37%|███▋      | 1114/3000 [04:59<08:27,  3.72it/s]Testing DataLoader 0:  37%|███▋      | 1115/3000 [04:59<08:27,  3.72it/s]Testing DataLoader 0:  37%|███▋      | 1116/3000 [05:00<08:26,  3.72it/s]Testing DataLoader 0:  37%|███▋      | 1117/3000 [05:00<08:26,  3.72it/s]Testing DataLoader 0:  37%|███▋      | 1118/3000 [05:00<08:26,  3.72it/s]Testing DataLoader 0:  37%|███▋      | 1119/3000 [05:00<08:25,  3.72it/s]Testing DataLoader 0:  37%|███▋      | 1120/3000 [05:01<08:25,  3.72it/s]Testing DataLoader 0:  37%|███▋      | 1121/3000 [05:01<08:25,  3.72it/s]Testing DataLoader 0:  37%|███▋      | 1122/3000 [05:01<08:25,  3.72it/s]Testing DataLoader 0:  37%|███▋      | 1123/3000 [05:02<08:24,  3.72it/s]Testing DataLoader 0:  37%|███▋      | 1124/3000 [05:02<08:24,  3.72it/s]Testing DataLoader 0:  38%|███▊      | 1125/3000 [05:02<08:24,  3.72it/s]Testing DataLoader 0:  38%|███▊      | 1126/3000 [05:02<08:24,  3.72it/s]Testing DataLoader 0:  38%|███▊      | 1127/3000 [05:03<08:23,  3.72it/s]Testing DataLoader 0:  38%|███▊      | 1128/3000 [05:03<08:23,  3.72it/s]Testing DataLoader 0:  38%|███▊      | 1129/3000 [05:03<08:23,  3.72it/s]Testing DataLoader 0:  38%|███▊      | 1130/3000 [05:03<08:22,  3.72it/s]Testing DataLoader 0:  38%|███▊      | 1131/3000 [05:04<08:22,  3.72it/s]Testing DataLoader 0:  38%|███▊      | 1132/3000 [05:04<08:22,  3.72it/s]Testing DataLoader 0:  38%|███▊      | 1133/3000 [05:04<08:22,  3.72it/s]Testing DataLoader 0:  38%|███▊      | 1134/3000 [05:04<08:21,  3.72it/s]Testing DataLoader 0:  38%|███▊      | 1135/3000 [05:05<08:21,  3.72it/s]Testing DataLoader 0:  38%|███▊      | 1136/3000 [05:05<08:21,  3.72it/s]Testing DataLoader 0:  38%|███▊      | 1137/3000 [05:05<08:20,  3.72it/s]Testing DataLoader 0:  38%|███▊      | 1138/3000 [05:06<08:20,  3.72it/s]Testing DataLoader 0:  38%|███▊      | 1139/3000 [05:06<08:20,  3.72it/s]Testing DataLoader 0:  38%|███▊      | 1140/3000 [05:06<08:20,  3.72it/s]Testing DataLoader 0:  38%|███▊      | 1141/3000 [05:06<08:19,  3.72it/s]Testing DataLoader 0:  38%|███▊      | 1142/3000 [05:07<08:19,  3.72it/s]Testing DataLoader 0:  38%|███▊      | 1143/3000 [05:07<08:19,  3.72it/s]Testing DataLoader 0:  38%|███▊      | 1144/3000 [05:07<08:19,  3.72it/s]Testing DataLoader 0:  38%|███▊      | 1145/3000 [05:07<08:18,  3.72it/s]Testing DataLoader 0:  38%|███▊      | 1146/3000 [05:08<08:18,  3.72it/s]Testing DataLoader 0:  38%|███▊      | 1147/3000 [05:08<08:18,  3.72it/s]Testing DataLoader 0:  38%|███▊      | 1148/3000 [05:08<08:17,  3.72it/s]Testing DataLoader 0:  38%|███▊      | 1149/3000 [05:08<08:17,  3.72it/s]Testing DataLoader 0:  38%|███▊      | 1150/3000 [05:09<08:17,  3.72it/s]Testing DataLoader 0:  38%|███▊      | 1151/3000 [05:09<08:17,  3.72it/s]Testing DataLoader 0:  38%|███▊      | 1152/3000 [05:09<08:16,  3.72it/s]Testing DataLoader 0:  38%|███▊      | 1153/3000 [05:10<08:16,  3.72it/s]Testing DataLoader 0:  38%|███▊      | 1154/3000 [05:10<08:16,  3.72it/s]Testing DataLoader 0:  38%|███▊      | 1155/3000 [05:10<08:16,  3.72it/s]Testing DataLoader 0:  39%|███▊      | 1156/3000 [05:10<08:15,  3.72it/s]Testing DataLoader 0:  39%|███▊      | 1157/3000 [05:11<08:15,  3.72it/s]Testing DataLoader 0:  39%|███▊      | 1158/3000 [05:11<08:15,  3.72it/s]Testing DataLoader 0:  39%|███▊      | 1159/3000 [05:11<08:14,  3.72it/s]Testing DataLoader 0:  39%|███▊      | 1160/3000 [05:11<08:14,  3.72it/s]Testing DataLoader 0:  39%|███▊      | 1161/3000 [05:12<08:14,  3.72it/s]Testing DataLoader 0:  39%|███▊      | 1162/3000 [05:12<08:14,  3.72it/s]Testing DataLoader 0:  39%|███▉      | 1163/3000 [05:12<08:13,  3.72it/s]Testing DataLoader 0:  39%|███▉      | 1164/3000 [05:12<08:13,  3.72it/s]Testing DataLoader 0:  39%|███▉      | 1165/3000 [05:13<08:13,  3.72it/s]Testing DataLoader 0:  39%|███▉      | 1166/3000 [05:13<08:13,  3.72it/s]Testing DataLoader 0:  39%|███▉      | 1167/3000 [05:13<08:12,  3.72it/s]Testing DataLoader 0:  39%|███▉      | 1168/3000 [05:14<08:12,  3.72it/s]Testing DataLoader 0:  39%|███▉      | 1169/3000 [05:14<08:12,  3.72it/s]Testing DataLoader 0:  39%|███▉      | 1170/3000 [05:14<08:11,  3.72it/s]Testing DataLoader 0:  39%|███▉      | 1171/3000 [05:14<08:11,  3.72it/s]Testing DataLoader 0:  39%|███▉      | 1172/3000 [05:15<08:11,  3.72it/s]Testing DataLoader 0:  39%|███▉      | 1173/3000 [05:15<08:11,  3.72it/s]Testing DataLoader 0:  39%|███▉      | 1174/3000 [05:15<08:10,  3.72it/s]Testing DataLoader 0:  39%|███▉      | 1175/3000 [05:15<08:10,  3.72it/s]Testing DataLoader 0:  39%|███▉      | 1176/3000 [05:16<08:10,  3.72it/s]Testing DataLoader 0:  39%|███▉      | 1177/3000 [05:16<08:10,  3.72it/s]Testing DataLoader 0:  39%|███▉      | 1178/3000 [05:16<08:09,  3.72it/s]Testing DataLoader 0:  39%|███▉      | 1179/3000 [05:16<08:09,  3.72it/s]Testing DataLoader 0:  39%|███▉      | 1180/3000 [05:17<08:09,  3.72it/s]Testing DataLoader 0:  39%|███▉      | 1181/3000 [05:17<08:08,  3.72it/s]Testing DataLoader 0:  39%|███▉      | 1182/3000 [05:17<08:08,  3.72it/s]Testing DataLoader 0:  39%|███▉      | 1183/3000 [05:17<08:08,  3.72it/s]Testing DataLoader 0:  39%|███▉      | 1184/3000 [05:18<08:08,  3.72it/s]Testing DataLoader 0:  40%|███▉      | 1185/3000 [05:18<08:07,  3.72it/s]Testing DataLoader 0:  40%|███▉      | 1186/3000 [05:18<08:07,  3.72it/s]Testing DataLoader 0:  40%|███▉      | 1187/3000 [05:19<08:07,  3.72it/s]Testing DataLoader 0:  40%|███▉      | 1188/3000 [05:19<08:07,  3.72it/s]Testing DataLoader 0:  40%|███▉      | 1189/3000 [05:19<08:06,  3.72it/s]Testing DataLoader 0:  40%|███▉      | 1190/3000 [05:19<08:06,  3.72it/s]Testing DataLoader 0:  40%|███▉      | 1191/3000 [05:20<08:06,  3.72it/s]Testing DataLoader 0:  40%|███▉      | 1192/3000 [05:20<08:05,  3.72it/s]Testing DataLoader 0:  40%|███▉      | 1193/3000 [05:20<08:05,  3.72it/s]Testing DataLoader 0:  40%|███▉      | 1194/3000 [05:20<08:05,  3.72it/s]Testing DataLoader 0:  40%|███▉      | 1195/3000 [05:21<08:05,  3.72it/s]Testing DataLoader 0:  40%|███▉      | 1196/3000 [05:21<08:04,  3.72it/s]Testing DataLoader 0:  40%|███▉      | 1197/3000 [05:21<08:04,  3.72it/s]Testing DataLoader 0:  40%|███▉      | 1198/3000 [05:21<08:04,  3.72it/s]Testing DataLoader 0:  40%|███▉      | 1199/3000 [05:22<08:04,  3.72it/s]Testing DataLoader 0:  40%|████      | 1200/3000 [05:22<08:03,  3.72it/s]Testing DataLoader 0:  40%|████      | 1201/3000 [05:22<08:03,  3.72it/s]Testing DataLoader 0:  40%|████      | 1202/3000 [05:23<08:03,  3.72it/s]Testing DataLoader 0:  40%|████      | 1203/3000 [05:23<08:02,  3.72it/s]Testing DataLoader 0:  40%|████      | 1204/3000 [05:23<08:02,  3.72it/s]Testing DataLoader 0:  40%|████      | 1205/3000 [05:23<08:02,  3.72it/s]Testing DataLoader 0:  40%|████      | 1206/3000 [05:24<08:02,  3.72it/s]Testing DataLoader 0:  40%|████      | 1207/3000 [05:24<08:01,  3.72it/s]Testing DataLoader 0:  40%|████      | 1208/3000 [05:24<08:01,  3.72it/s]Testing DataLoader 0:  40%|████      | 1209/3000 [05:24<08:01,  3.72it/s]Testing DataLoader 0:  40%|████      | 1210/3000 [05:25<08:01,  3.72it/s]Testing DataLoader 0:  40%|████      | 1211/3000 [05:25<08:00,  3.72it/s]Testing DataLoader 0:  40%|████      | 1212/3000 [05:25<08:00,  3.72it/s]Testing DataLoader 0:  40%|████      | 1213/3000 [05:25<08:00,  3.72it/s]Testing DataLoader 0:  40%|████      | 1214/3000 [05:26<07:59,  3.72it/s]Testing DataLoader 0:  40%|████      | 1215/3000 [05:26<07:59,  3.72it/s]Testing DataLoader 0:  41%|████      | 1216/3000 [05:26<07:59,  3.72it/s]Testing DataLoader 0:  41%|████      | 1217/3000 [05:27<07:59,  3.72it/s]Testing DataLoader 0:  41%|████      | 1218/3000 [05:27<07:58,  3.72it/s]Testing DataLoader 0:  41%|████      | 1219/3000 [05:27<07:58,  3.72it/s]Testing DataLoader 0:  41%|████      | 1220/3000 [05:27<07:58,  3.72it/s]Testing DataLoader 0:  41%|████      | 1221/3000 [05:28<07:58,  3.72it/s]Testing DataLoader 0:  41%|████      | 1222/3000 [05:28<07:57,  3.72it/s]Testing DataLoader 0:  41%|████      | 1223/3000 [05:28<07:57,  3.72it/s]Testing DataLoader 0:  41%|████      | 1224/3000 [05:28<07:57,  3.72it/s]Testing DataLoader 0:  41%|████      | 1225/3000 [05:29<07:56,  3.72it/s]Testing DataLoader 0:  41%|████      | 1226/3000 [05:29<07:56,  3.72it/s]Testing DataLoader 0:  41%|████      | 1227/3000 [05:29<07:56,  3.72it/s]Testing DataLoader 0:  41%|████      | 1228/3000 [05:29<07:56,  3.72it/s]Testing DataLoader 0:  41%|████      | 1229/3000 [05:30<07:55,  3.72it/s]Testing DataLoader 0:  41%|████      | 1230/3000 [05:30<07:55,  3.72it/s]Testing DataLoader 0:  41%|████      | 1231/3000 [05:30<07:55,  3.72it/s]Testing DataLoader 0:  41%|████      | 1232/3000 [05:31<07:55,  3.72it/s]Testing DataLoader 0:  41%|████      | 1233/3000 [05:31<07:54,  3.72it/s]Testing DataLoader 0:  41%|████      | 1234/3000 [05:31<07:54,  3.72it/s]Testing DataLoader 0:  41%|████      | 1235/3000 [05:31<07:54,  3.72it/s]Testing DataLoader 0:  41%|████      | 1236/3000 [05:32<07:53,  3.72it/s]Testing DataLoader 0:  41%|████      | 1237/3000 [05:32<07:53,  3.72it/s]Testing DataLoader 0:  41%|████▏     | 1238/3000 [05:32<07:53,  3.72it/s]Testing DataLoader 0:  41%|████▏     | 1239/3000 [05:32<07:53,  3.72it/s]Testing DataLoader 0:  41%|████▏     | 1240/3000 [05:33<07:52,  3.72it/s]Testing DataLoader 0:  41%|████▏     | 1241/3000 [05:33<07:52,  3.72it/s]Testing DataLoader 0:  41%|████▏     | 1242/3000 [05:33<07:52,  3.72it/s]Testing DataLoader 0:  41%|████▏     | 1243/3000 [05:33<07:52,  3.72it/s]Testing DataLoader 0:  41%|████▏     | 1244/3000 [05:34<07:51,  3.72it/s]Testing DataLoader 0:  42%|████▏     | 1245/3000 [05:34<07:51,  3.72it/s]Testing DataLoader 0:  42%|████▏     | 1246/3000 [05:34<07:51,  3.72it/s]Testing DataLoader 0:  42%|████▏     | 1247/3000 [05:35<07:50,  3.72it/s]Testing DataLoader 0:  42%|████▏     | 1248/3000 [05:35<07:50,  3.72it/s]Testing DataLoader 0:  42%|████▏     | 1249/3000 [05:35<07:50,  3.72it/s]Testing DataLoader 0:  42%|████▏     | 1250/3000 [05:35<07:50,  3.72it/s]Testing DataLoader 0:  42%|████▏     | 1251/3000 [05:36<07:49,  3.72it/s]Testing DataLoader 0:  42%|████▏     | 1252/3000 [05:36<07:49,  3.72it/s]Testing DataLoader 0:  42%|████▏     | 1253/3000 [05:36<07:49,  3.72it/s]Testing DataLoader 0:  42%|████▏     | 1254/3000 [05:36<07:49,  3.72it/s]Testing DataLoader 0:  42%|████▏     | 1255/3000 [05:37<07:48,  3.72it/s]Testing DataLoader 0:  42%|████▏     | 1256/3000 [05:37<07:48,  3.72it/s]Testing DataLoader 0:  42%|████▏     | 1257/3000 [05:37<07:48,  3.72it/s]Testing DataLoader 0:  42%|████▏     | 1258/3000 [05:37<07:48,  3.72it/s]Testing DataLoader 0:  42%|████▏     | 1259/3000 [05:38<07:47,  3.72it/s]Testing DataLoader 0:  42%|████▏     | 1260/3000 [05:38<07:47,  3.72it/s]Testing DataLoader 0:  42%|████▏     | 1261/3000 [05:38<07:47,  3.72it/s]Testing DataLoader 0:  42%|████▏     | 1262/3000 [05:39<07:46,  3.72it/s]Testing DataLoader 0:  42%|████▏     | 1263/3000 [05:39<07:46,  3.72it/s]Testing DataLoader 0:  42%|████▏     | 1264/3000 [05:39<07:46,  3.72it/s]Testing DataLoader 0:  42%|████▏     | 1265/3000 [05:39<07:46,  3.72it/s]Testing DataLoader 0:  42%|████▏     | 1266/3000 [05:40<07:45,  3.72it/s]Testing DataLoader 0:  42%|████▏     | 1267/3000 [05:40<07:45,  3.72it/s]Testing DataLoader 0:  42%|████▏     | 1268/3000 [05:40<07:45,  3.72it/s]Testing DataLoader 0:  42%|████▏     | 1269/3000 [05:40<07:45,  3.72it/s]Testing DataLoader 0:  42%|████▏     | 1270/3000 [05:41<07:44,  3.72it/s]Testing DataLoader 0:  42%|████▏     | 1271/3000 [05:41<07:44,  3.72it/s]Testing DataLoader 0:  42%|████▏     | 1272/3000 [05:41<07:44,  3.72it/s]Testing DataLoader 0:  42%|████▏     | 1273/3000 [05:41<07:43,  3.72it/s]Testing DataLoader 0:  42%|████▏     | 1274/3000 [05:42<07:43,  3.72it/s]Testing DataLoader 0:  42%|████▎     | 1275/3000 [05:42<07:43,  3.72it/s]Testing DataLoader 0:  43%|████▎     | 1276/3000 [05:42<07:43,  3.72it/s]Testing DataLoader 0:  43%|████▎     | 1277/3000 [05:43<07:42,  3.72it/s]Testing DataLoader 0:  43%|████▎     | 1278/3000 [05:43<07:42,  3.72it/s]Testing DataLoader 0:  43%|████▎     | 1279/3000 [05:43<07:42,  3.72it/s]Testing DataLoader 0:  43%|████▎     | 1280/3000 [05:43<07:42,  3.72it/s]Testing DataLoader 0:  43%|████▎     | 1281/3000 [05:44<07:41,  3.72it/s]Testing DataLoader 0:  43%|████▎     | 1282/3000 [05:44<07:41,  3.72it/s]Testing DataLoader 0:  43%|████▎     | 1283/3000 [05:44<07:41,  3.72it/s]Testing DataLoader 0:  43%|████▎     | 1284/3000 [05:44<07:40,  3.72it/s]Testing DataLoader 0:  43%|████▎     | 1285/3000 [05:45<07:40,  3.72it/s]Testing DataLoader 0:  43%|████▎     | 1286/3000 [05:45<07:40,  3.72it/s]Testing DataLoader 0:  43%|████▎     | 1287/3000 [05:45<07:40,  3.72it/s]Testing DataLoader 0:  43%|████▎     | 1288/3000 [05:45<07:39,  3.72it/s]Testing DataLoader 0:  43%|████▎     | 1289/3000 [05:46<07:39,  3.72it/s]Testing DataLoader 0:  43%|████▎     | 1290/3000 [05:46<07:39,  3.72it/s]Testing DataLoader 0:  43%|████▎     | 1291/3000 [05:46<07:39,  3.72it/s]Testing DataLoader 0:  43%|████▎     | 1292/3000 [05:47<07:38,  3.72it/s]Testing DataLoader 0:  43%|████▎     | 1293/3000 [05:47<07:38,  3.72it/s]Testing DataLoader 0:  43%|████▎     | 1294/3000 [05:47<07:38,  3.72it/s]Testing DataLoader 0:  43%|████▎     | 1295/3000 [05:47<07:37,  3.72it/s]Testing DataLoader 0:  43%|████▎     | 1296/3000 [05:48<07:37,  3.72it/s]Testing DataLoader 0:  43%|████▎     | 1297/3000 [05:48<07:37,  3.72it/s]Testing DataLoader 0:  43%|████▎     | 1298/3000 [05:48<07:37,  3.72it/s]Testing DataLoader 0:  43%|████▎     | 1299/3000 [05:48<07:36,  3.72it/s]Testing DataLoader 0:  43%|████▎     | 1300/3000 [05:49<07:36,  3.72it/s]Testing DataLoader 0:  43%|████▎     | 1301/3000 [05:49<07:36,  3.72it/s]Testing DataLoader 0:  43%|████▎     | 1302/3000 [05:49<07:36,  3.72it/s]Testing DataLoader 0:  43%|████▎     | 1303/3000 [05:49<07:35,  3.72it/s]Testing DataLoader 0:  43%|████▎     | 1304/3000 [05:50<07:35,  3.72it/s]Testing DataLoader 0:  44%|████▎     | 1305/3000 [05:50<07:35,  3.72it/s]Testing DataLoader 0:  44%|████▎     | 1306/3000 [05:50<07:34,  3.72it/s]Testing DataLoader 0:  44%|████▎     | 1307/3000 [05:51<07:34,  3.72it/s]Testing DataLoader 0:  44%|████▎     | 1308/3000 [05:51<07:34,  3.72it/s]Testing DataLoader 0:  44%|████▎     | 1309/3000 [05:51<07:34,  3.72it/s]Testing DataLoader 0:  44%|████▎     | 1310/3000 [05:51<07:33,  3.72it/s]Testing DataLoader 0:  44%|████▎     | 1311/3000 [05:52<07:33,  3.72it/s]Testing DataLoader 0:  44%|████▎     | 1312/3000 [05:52<07:33,  3.72it/s]Testing DataLoader 0:  44%|████▍     | 1313/3000 [05:52<07:33,  3.72it/s]Testing DataLoader 0:  44%|████▍     | 1314/3000 [05:52<07:32,  3.72it/s]Testing DataLoader 0:  44%|████▍     | 1315/3000 [05:53<07:32,  3.72it/s]Testing DataLoader 0:  44%|████▍     | 1316/3000 [05:53<07:32,  3.72it/s]Testing DataLoader 0:  44%|████▍     | 1317/3000 [05:53<07:31,  3.72it/s]Testing DataLoader 0:  44%|████▍     | 1318/3000 [05:53<07:31,  3.72it/s]Testing DataLoader 0:  44%|████▍     | 1319/3000 [05:54<07:31,  3.72it/s]Testing DataLoader 0:  44%|████▍     | 1320/3000 [05:54<07:31,  3.72it/s]Testing DataLoader 0:  44%|████▍     | 1321/3000 [05:54<07:30,  3.72it/s]Testing DataLoader 0:  44%|████▍     | 1322/3000 [05:54<07:30,  3.72it/s]Testing DataLoader 0:  44%|████▍     | 1323/3000 [05:55<07:30,  3.72it/s]Testing DataLoader 0:  44%|████▍     | 1324/3000 [05:55<07:30,  3.72it/s]Testing DataLoader 0:  44%|████▍     | 1325/3000 [05:55<07:29,  3.72it/s]Testing DataLoader 0:  44%|████▍     | 1326/3000 [05:56<07:29,  3.72it/s]Testing DataLoader 0:  44%|████▍     | 1327/3000 [05:56<07:29,  3.72it/s]Testing DataLoader 0:  44%|████▍     | 1328/3000 [05:56<07:28,  3.72it/s]Testing DataLoader 0:  44%|████▍     | 1329/3000 [05:56<07:28,  3.72it/s]Testing DataLoader 0:  44%|████▍     | 1330/3000 [05:57<07:28,  3.72it/s]Testing DataLoader 0:  44%|████▍     | 1331/3000 [05:57<07:28,  3.72it/s]Testing DataLoader 0:  44%|████▍     | 1332/3000 [05:57<07:27,  3.72it/s]Testing DataLoader 0:  44%|████▍     | 1333/3000 [05:57<07:27,  3.72it/s]Testing DataLoader 0:  44%|████▍     | 1334/3000 [05:58<07:27,  3.72it/s]Testing DataLoader 0:  44%|████▍     | 1335/3000 [05:58<07:27,  3.72it/s]Testing DataLoader 0:  45%|████▍     | 1336/3000 [05:58<07:26,  3.72it/s]Testing DataLoader 0:  45%|████▍     | 1337/3000 [05:58<07:26,  3.72it/s]Testing DataLoader 0:  45%|████▍     | 1338/3000 [05:59<07:26,  3.72it/s]Testing DataLoader 0:  45%|████▍     | 1339/3000 [05:59<07:25,  3.72it/s]Testing DataLoader 0:  45%|████▍     | 1340/3000 [05:59<07:25,  3.72it/s]Testing DataLoader 0:  45%|████▍     | 1341/3000 [06:00<07:25,  3.72it/s]Testing DataLoader 0:  45%|████▍     | 1342/3000 [06:00<07:25,  3.72it/s]Testing DataLoader 0:  45%|████▍     | 1343/3000 [06:00<07:24,  3.72it/s]Testing DataLoader 0:  45%|████▍     | 1344/3000 [06:00<07:24,  3.72it/s]Testing DataLoader 0:  45%|████▍     | 1345/3000 [06:01<07:24,  3.72it/s]Testing DataLoader 0:  45%|████▍     | 1346/3000 [06:01<07:24,  3.72it/s]Testing DataLoader 0:  45%|████▍     | 1347/3000 [06:01<07:23,  3.72it/s]Testing DataLoader 0:  45%|████▍     | 1348/3000 [06:01<07:23,  3.72it/s]Testing DataLoader 0:  45%|████▍     | 1349/3000 [06:02<07:23,  3.72it/s]Testing DataLoader 0:  45%|████▌     | 1350/3000 [06:02<07:23,  3.72it/s]Testing DataLoader 0:  45%|████▌     | 1351/3000 [06:02<07:22,  3.72it/s]Testing DataLoader 0:  45%|████▌     | 1352/3000 [06:02<07:22,  3.72it/s]Testing DataLoader 0:  45%|████▌     | 1353/3000 [06:03<07:22,  3.72it/s]Testing DataLoader 0:  45%|████▌     | 1354/3000 [06:03<07:21,  3.72it/s]Testing DataLoader 0:  45%|████▌     | 1355/3000 [06:03<07:21,  3.72it/s]Testing DataLoader 0:  45%|████▌     | 1356/3000 [06:04<07:21,  3.72it/s]Testing DataLoader 0:  45%|████▌     | 1357/3000 [06:04<07:21,  3.72it/s]Testing DataLoader 0:  45%|████▌     | 1358/3000 [06:04<07:20,  3.72it/s]Testing DataLoader 0:  45%|████▌     | 1359/3000 [06:04<07:20,  3.72it/s]Testing DataLoader 0:  45%|████▌     | 1360/3000 [06:05<07:20,  3.72it/s]Testing DataLoader 0:  45%|████▌     | 1361/3000 [06:05<07:20,  3.72it/s]Testing DataLoader 0:  45%|████▌     | 1362/3000 [06:05<07:19,  3.72it/s]Testing DataLoader 0:  45%|████▌     | 1363/3000 [06:05<07:19,  3.72it/s]Testing DataLoader 0:  45%|████▌     | 1364/3000 [06:06<07:19,  3.72it/s]Testing DataLoader 0:  46%|████▌     | 1365/3000 [06:06<07:18,  3.72it/s]Testing DataLoader 0:  46%|████▌     | 1366/3000 [06:06<07:18,  3.72it/s]Testing DataLoader 0:  46%|████▌     | 1367/3000 [06:07<07:18,  3.72it/s]Testing DataLoader 0:  46%|████▌     | 1368/3000 [06:07<07:18,  3.72it/s]Testing DataLoader 0:  46%|████▌     | 1369/3000 [06:07<07:17,  3.72it/s]Testing DataLoader 0:  46%|████▌     | 1370/3000 [06:07<07:17,  3.72it/s]Testing DataLoader 0:  46%|████▌     | 1371/3000 [06:08<07:17,  3.72it/s]Testing DataLoader 0:  46%|████▌     | 1372/3000 [06:08<07:17,  3.72it/s]Testing DataLoader 0:  46%|████▌     | 1373/3000 [06:08<07:16,  3.72it/s]Testing DataLoader 0:  46%|████▌     | 1374/3000 [06:08<07:16,  3.72it/s]Testing DataLoader 0:  46%|████▌     | 1375/3000 [06:09<07:16,  3.72it/s]Testing DataLoader 0:  46%|████▌     | 1376/3000 [06:09<07:15,  3.72it/s]Testing DataLoader 0:  46%|████▌     | 1377/3000 [06:09<07:15,  3.72it/s]Testing DataLoader 0:  46%|████▌     | 1378/3000 [06:09<07:15,  3.72it/s]Testing DataLoader 0:  46%|████▌     | 1379/3000 [06:10<07:15,  3.72it/s]Testing DataLoader 0:  46%|████▌     | 1380/3000 [06:10<07:14,  3.72it/s]Testing DataLoader 0:  46%|████▌     | 1381/3000 [06:10<07:14,  3.72it/s]Testing DataLoader 0:  46%|████▌     | 1382/3000 [06:11<07:14,  3.72it/s]Testing DataLoader 0:  46%|████▌     | 1383/3000 [06:11<07:14,  3.72it/s]Testing DataLoader 0:  46%|████▌     | 1384/3000 [06:11<07:13,  3.72it/s]Testing DataLoader 0:  46%|████▌     | 1385/3000 [06:11<07:13,  3.73it/s]Testing DataLoader 0:  46%|████▌     | 1386/3000 [06:12<07:13,  3.73it/s]Testing DataLoader 0:  46%|████▌     | 1387/3000 [06:12<07:13,  3.73it/s]Testing DataLoader 0:  46%|████▋     | 1388/3000 [06:12<07:12,  3.73it/s]Testing DataLoader 0:  46%|████▋     | 1389/3000 [06:12<07:12,  3.73it/s]Testing DataLoader 0:  46%|████▋     | 1390/3000 [06:13<07:12,  3.73it/s]Testing DataLoader 0:  46%|████▋     | 1391/3000 [06:13<07:11,  3.73it/s]Testing DataLoader 0:  46%|████▋     | 1392/3000 [06:13<07:11,  3.73it/s]Testing DataLoader 0:  46%|████▋     | 1393/3000 [06:13<07:11,  3.73it/s]Testing DataLoader 0:  46%|████▋     | 1394/3000 [06:14<07:11,  3.73it/s]Testing DataLoader 0:  46%|████▋     | 1395/3000 [06:14<07:10,  3.73it/s]Testing DataLoader 0:  47%|████▋     | 1396/3000 [06:14<07:10,  3.73it/s]Testing DataLoader 0:  47%|████▋     | 1397/3000 [06:15<07:10,  3.73it/s]Testing DataLoader 0:  47%|████▋     | 1398/3000 [06:15<07:10,  3.73it/s]Testing DataLoader 0:  47%|████▋     | 1399/3000 [06:15<07:09,  3.73it/s]Testing DataLoader 0:  47%|████▋     | 1400/3000 [06:15<07:09,  3.73it/s]Testing DataLoader 0:  47%|████▋     | 1401/3000 [06:16<07:09,  3.73it/s]Testing DataLoader 0:  47%|████▋     | 1402/3000 [06:16<07:08,  3.73it/s]Testing DataLoader 0:  47%|████▋     | 1403/3000 [06:16<07:08,  3.73it/s]Testing DataLoader 0:  47%|████▋     | 1404/3000 [06:16<07:08,  3.73it/s]Testing DataLoader 0:  47%|████▋     | 1405/3000 [06:17<07:08,  3.73it/s]Testing DataLoader 0:  47%|████▋     | 1406/3000 [06:17<07:07,  3.73it/s]Testing DataLoader 0:  47%|████▋     | 1407/3000 [06:17<07:07,  3.73it/s]Testing DataLoader 0:  47%|████▋     | 1408/3000 [06:17<07:07,  3.73it/s]Testing DataLoader 0:  47%|████▋     | 1409/3000 [06:18<07:07,  3.73it/s]Testing DataLoader 0:  47%|████▋     | 1410/3000 [06:18<07:06,  3.73it/s]Testing DataLoader 0:  47%|████▋     | 1411/3000 [06:18<07:06,  3.73it/s]Testing DataLoader 0:  47%|████▋     | 1412/3000 [06:18<07:06,  3.73it/s]Testing DataLoader 0:  47%|████▋     | 1413/3000 [06:19<07:05,  3.73it/s]Testing DataLoader 0:  47%|████▋     | 1414/3000 [06:19<07:05,  3.73it/s]Testing DataLoader 0:  47%|████▋     | 1415/3000 [06:19<07:05,  3.73it/s]Testing DataLoader 0:  47%|████▋     | 1416/3000 [06:20<07:05,  3.73it/s]Testing DataLoader 0:  47%|████▋     | 1417/3000 [06:20<07:04,  3.73it/s]Testing DataLoader 0:  47%|████▋     | 1418/3000 [06:20<07:04,  3.73it/s]Testing DataLoader 0:  47%|████▋     | 1419/3000 [06:20<07:04,  3.73it/s]Testing DataLoader 0:  47%|████▋     | 1420/3000 [06:21<07:04,  3.73it/s]Testing DataLoader 0:  47%|████▋     | 1421/3000 [06:21<07:03,  3.73it/s]Testing DataLoader 0:  47%|████▋     | 1422/3000 [06:21<07:03,  3.73it/s]Testing DataLoader 0:  47%|████▋     | 1423/3000 [06:21<07:03,  3.73it/s]Testing DataLoader 0:  47%|████▋     | 1424/3000 [06:22<07:02,  3.73it/s]Testing DataLoader 0:  48%|████▊     | 1425/3000 [06:22<07:02,  3.73it/s]Testing DataLoader 0:  48%|████▊     | 1426/3000 [06:22<07:02,  3.73it/s]Testing DataLoader 0:  48%|████▊     | 1427/3000 [06:22<07:02,  3.73it/s]Testing DataLoader 0:  48%|████▊     | 1428/3000 [06:23<07:01,  3.73it/s]Testing DataLoader 0:  48%|████▊     | 1429/3000 [06:23<07:01,  3.73it/s]Testing DataLoader 0:  48%|████▊     | 1430/3000 [06:23<07:01,  3.73it/s]Testing DataLoader 0:  48%|████▊     | 1431/3000 [06:24<07:01,  3.73it/s]Testing DataLoader 0:  48%|████▊     | 1432/3000 [06:24<07:00,  3.73it/s]Testing DataLoader 0:  48%|████▊     | 1433/3000 [06:24<07:00,  3.73it/s]Testing DataLoader 0:  48%|████▊     | 1434/3000 [06:24<07:00,  3.73it/s]Testing DataLoader 0:  48%|████▊     | 1435/3000 [06:25<07:00,  3.73it/s]Testing DataLoader 0:  48%|████▊     | 1436/3000 [06:25<06:59,  3.73it/s]Testing DataLoader 0:  48%|████▊     | 1437/3000 [06:25<06:59,  3.73it/s]Testing DataLoader 0:  48%|████▊     | 1438/3000 [06:25<06:59,  3.73it/s]Testing DataLoader 0:  48%|████▊     | 1439/3000 [06:26<06:58,  3.73it/s]Testing DataLoader 0:  48%|████▊     | 1440/3000 [06:26<06:58,  3.73it/s]Testing DataLoader 0:  48%|████▊     | 1441/3000 [06:26<06:58,  3.73it/s]Testing DataLoader 0:  48%|████▊     | 1442/3000 [06:26<06:58,  3.73it/s]Testing DataLoader 0:  48%|████▊     | 1443/3000 [06:27<06:57,  3.73it/s]Testing DataLoader 0:  48%|████▊     | 1444/3000 [06:27<06:57,  3.73it/s]Testing DataLoader 0:  48%|████▊     | 1445/3000 [06:27<06:57,  3.73it/s]Testing DataLoader 0:  48%|████▊     | 1446/3000 [06:28<06:57,  3.73it/s]Testing DataLoader 0:  48%|████▊     | 1447/3000 [06:28<06:56,  3.73it/s]Testing DataLoader 0:  48%|████▊     | 1448/3000 [06:28<06:56,  3.73it/s]Testing DataLoader 0:  48%|████▊     | 1449/3000 [06:28<06:56,  3.73it/s]Testing DataLoader 0:  48%|████▊     | 1450/3000 [06:29<06:55,  3.73it/s]Testing DataLoader 0:  48%|████▊     | 1451/3000 [06:29<06:55,  3.73it/s]Testing DataLoader 0:  48%|████▊     | 1452/3000 [06:29<06:55,  3.73it/s]Testing DataLoader 0:  48%|████▊     | 1453/3000 [06:29<06:55,  3.73it/s]Testing DataLoader 0:  48%|████▊     | 1454/3000 [06:30<06:54,  3.73it/s]Testing DataLoader 0:  48%|████▊     | 1455/3000 [06:30<06:54,  3.73it/s]Testing DataLoader 0:  49%|████▊     | 1456/3000 [06:30<06:54,  3.73it/s]Testing DataLoader 0:  49%|████▊     | 1457/3000 [06:30<06:54,  3.73it/s]Testing DataLoader 0:  49%|████▊     | 1458/3000 [06:31<06:53,  3.73it/s]Testing DataLoader 0:  49%|████▊     | 1459/3000 [06:31<06:53,  3.73it/s]Testing DataLoader 0:  49%|████▊     | 1460/3000 [06:31<06:53,  3.73it/s]Testing DataLoader 0:  49%|████▊     | 1461/3000 [06:32<06:52,  3.73it/s]Testing DataLoader 0:  49%|████▊     | 1462/3000 [06:32<06:52,  3.73it/s]Testing DataLoader 0:  49%|████▉     | 1463/3000 [06:32<06:52,  3.73it/s]Testing DataLoader 0:  49%|████▉     | 1464/3000 [06:32<06:52,  3.73it/s]Testing DataLoader 0:  49%|████▉     | 1465/3000 [06:33<06:51,  3.73it/s]Testing DataLoader 0:  49%|████▉     | 1466/3000 [06:33<06:51,  3.73it/s]Testing DataLoader 0:  49%|████▉     | 1467/3000 [06:33<06:51,  3.73it/s]Testing DataLoader 0:  49%|████▉     | 1468/3000 [06:33<06:51,  3.73it/s]Testing DataLoader 0:  49%|████▉     | 1469/3000 [06:34<06:50,  3.73it/s]Testing DataLoader 0:  49%|████▉     | 1470/3000 [06:34<06:50,  3.73it/s]Testing DataLoader 0:  49%|████▉     | 1471/3000 [06:34<06:50,  3.73it/s]Testing DataLoader 0:  49%|████▉     | 1472/3000 [06:34<06:49,  3.73it/s]Testing DataLoader 0:  49%|████▉     | 1473/3000 [06:35<06:49,  3.73it/s]Testing DataLoader 0:  49%|████▉     | 1474/3000 [06:35<06:49,  3.73it/s]Testing DataLoader 0:  49%|████▉     | 1475/3000 [06:35<06:49,  3.73it/s]Testing DataLoader 0:  49%|████▉     | 1476/3000 [06:36<06:48,  3.73it/s]Testing DataLoader 0:  49%|████▉     | 1477/3000 [06:36<06:48,  3.73it/s]Testing DataLoader 0:  49%|████▉     | 1478/3000 [06:36<06:48,  3.73it/s]Testing DataLoader 0:  49%|████▉     | 1479/3000 [06:36<06:48,  3.73it/s]Testing DataLoader 0:  49%|████▉     | 1480/3000 [06:37<06:47,  3.73it/s]Testing DataLoader 0:  49%|████▉     | 1481/3000 [06:37<06:47,  3.73it/s]Testing DataLoader 0:  49%|████▉     | 1482/3000 [06:37<06:47,  3.73it/s]Testing DataLoader 0:  49%|████▉     | 1483/3000 [06:37<06:47,  3.73it/s]Testing DataLoader 0:  49%|████▉     | 1484/3000 [06:38<06:46,  3.73it/s]Testing DataLoader 0:  50%|████▉     | 1485/3000 [06:38<06:46,  3.73it/s]Testing DataLoader 0:  50%|████▉     | 1486/3000 [06:38<06:46,  3.73it/s]Testing DataLoader 0:  50%|████▉     | 1487/3000 [06:38<06:45,  3.73it/s]Testing DataLoader 0:  50%|████▉     | 1488/3000 [06:39<06:45,  3.73it/s]Testing DataLoader 0:  50%|████▉     | 1489/3000 [06:39<06:45,  3.73it/s]Testing DataLoader 0:  50%|████▉     | 1490/3000 [06:39<06:45,  3.73it/s]Testing DataLoader 0:  50%|████▉     | 1491/3000 [06:40<06:44,  3.73it/s]Testing DataLoader 0:  50%|████▉     | 1492/3000 [06:40<06:44,  3.73it/s]Testing DataLoader 0:  50%|████▉     | 1493/3000 [06:40<06:44,  3.73it/s]Testing DataLoader 0:  50%|████▉     | 1494/3000 [06:40<06:44,  3.73it/s]Testing DataLoader 0:  50%|████▉     | 1495/3000 [06:41<06:43,  3.73it/s]Testing DataLoader 0:  50%|████▉     | 1496/3000 [06:41<06:43,  3.73it/s]Testing DataLoader 0:  50%|████▉     | 1497/3000 [06:41<06:43,  3.73it/s]Testing DataLoader 0:  50%|████▉     | 1498/3000 [06:41<06:42,  3.73it/s]Testing DataLoader 0:  50%|████▉     | 1499/3000 [06:42<06:42,  3.73it/s]Testing DataLoader 0:  50%|█████     | 1500/3000 [06:42<06:42,  3.73it/s]Testing DataLoader 0:  50%|█████     | 1501/3000 [06:42<06:42,  3.73it/s]Testing DataLoader 0:  50%|█████     | 1502/3000 [06:42<06:41,  3.73it/s]Testing DataLoader 0:  50%|█████     | 1503/3000 [06:43<06:41,  3.73it/s]Testing DataLoader 0:  50%|█████     | 1504/3000 [06:43<06:41,  3.73it/s]Testing DataLoader 0:  50%|█████     | 1505/3000 [06:43<06:41,  3.73it/s]Testing DataLoader 0:  50%|█████     | 1506/3000 [06:44<06:40,  3.73it/s]Testing DataLoader 0:  50%|█████     | 1507/3000 [06:44<06:40,  3.73it/s]Testing DataLoader 0:  50%|█████     | 1508/3000 [06:44<06:40,  3.73it/s]Testing DataLoader 0:  50%|█████     | 1509/3000 [06:44<06:39,  3.73it/s]Testing DataLoader 0:  50%|█████     | 1510/3000 [06:45<06:39,  3.73it/s]Testing DataLoader 0:  50%|█████     | 1511/3000 [06:45<06:39,  3.73it/s]Testing DataLoader 0:  50%|█████     | 1512/3000 [06:45<06:39,  3.73it/s]Testing DataLoader 0:  50%|█████     | 1513/3000 [06:45<06:38,  3.73it/s]Testing DataLoader 0:  50%|█████     | 1514/3000 [06:46<06:38,  3.73it/s]Testing DataLoader 0:  50%|█████     | 1515/3000 [06:46<06:38,  3.73it/s]Testing DataLoader 0:  51%|█████     | 1516/3000 [06:46<06:38,  3.73it/s]Testing DataLoader 0:  51%|█████     | 1517/3000 [06:46<06:37,  3.73it/s]Testing DataLoader 0:  51%|█████     | 1518/3000 [06:47<06:37,  3.73it/s]Testing DataLoader 0:  51%|█████     | 1519/3000 [06:47<06:37,  3.73it/s]Testing DataLoader 0:  51%|█████     | 1520/3000 [06:47<06:37,  3.73it/s]Testing DataLoader 0:  51%|█████     | 1521/3000 [06:48<06:36,  3.73it/s]Testing DataLoader 0:  51%|█████     | 1522/3000 [06:48<06:36,  3.73it/s]Testing DataLoader 0:  51%|█████     | 1523/3000 [06:48<06:36,  3.73it/s]Testing DataLoader 0:  51%|█████     | 1524/3000 [06:48<06:35,  3.73it/s]Testing DataLoader 0:  51%|█████     | 1525/3000 [06:49<06:35,  3.73it/s]Testing DataLoader 0:  51%|█████     | 1526/3000 [06:49<06:35,  3.73it/s]Testing DataLoader 0:  51%|█████     | 1527/3000 [06:49<06:35,  3.73it/s]Testing DataLoader 0:  51%|█████     | 1528/3000 [06:49<06:34,  3.73it/s]Testing DataLoader 0:  51%|█████     | 1529/3000 [06:50<06:34,  3.73it/s]Testing DataLoader 0:  51%|█████     | 1530/3000 [06:50<06:34,  3.73it/s]Testing DataLoader 0:  51%|█████     | 1531/3000 [06:50<06:34,  3.73it/s]Testing DataLoader 0:  51%|█████     | 1532/3000 [06:50<06:33,  3.73it/s]Testing DataLoader 0:  51%|█████     | 1533/3000 [06:51<06:33,  3.73it/s]Testing DataLoader 0:  51%|█████     | 1534/3000 [06:51<06:33,  3.73it/s]Testing DataLoader 0:  51%|█████     | 1535/3000 [06:51<06:32,  3.73it/s]Testing DataLoader 0:  51%|█████     | 1536/3000 [06:52<06:32,  3.73it/s]Testing DataLoader 0:  51%|█████     | 1537/3000 [06:52<06:32,  3.73it/s]Testing DataLoader 0:  51%|█████▏    | 1538/3000 [06:52<06:32,  3.73it/s]Testing DataLoader 0:  51%|█████▏    | 1539/3000 [06:52<06:31,  3.73it/s]Testing DataLoader 0:  51%|█████▏    | 1540/3000 [06:53<06:31,  3.73it/s]Testing DataLoader 0:  51%|█████▏    | 1541/3000 [06:53<06:31,  3.73it/s]Testing DataLoader 0:  51%|█████▏    | 1542/3000 [06:53<06:31,  3.73it/s]Testing DataLoader 0:  51%|█████▏    | 1543/3000 [06:53<06:30,  3.73it/s]Testing DataLoader 0:  51%|█████▏    | 1544/3000 [06:54<06:30,  3.73it/s]Testing DataLoader 0:  52%|█████▏    | 1545/3000 [06:54<06:30,  3.73it/s]Testing DataLoader 0:  52%|█████▏    | 1546/3000 [06:54<06:29,  3.73it/s]Testing DataLoader 0:  52%|█████▏    | 1547/3000 [06:54<06:29,  3.73it/s]Testing DataLoader 0:  52%|█████▏    | 1548/3000 [06:55<06:29,  3.73it/s]Testing DataLoader 0:  52%|█████▏    | 1549/3000 [06:55<06:29,  3.73it/s]Testing DataLoader 0:  52%|█████▏    | 1550/3000 [06:55<06:28,  3.73it/s]Testing DataLoader 0:  52%|█████▏    | 1551/3000 [06:56<06:28,  3.73it/s]Testing DataLoader 0:  52%|█████▏    | 1552/3000 [06:56<06:28,  3.73it/s]Testing DataLoader 0:  52%|█████▏    | 1553/3000 [06:56<06:28,  3.73it/s]Testing DataLoader 0:  52%|█████▏    | 1554/3000 [06:56<06:27,  3.73it/s]Testing DataLoader 0:  52%|█████▏    | 1555/3000 [06:57<06:27,  3.73it/s]Testing DataLoader 0:  52%|█████▏    | 1556/3000 [06:57<06:27,  3.73it/s]Testing DataLoader 0:  52%|█████▏    | 1557/3000 [06:57<06:27,  3.73it/s]Testing DataLoader 0:  52%|█████▏    | 1558/3000 [06:57<06:26,  3.73it/s]Testing DataLoader 0:  52%|█████▏    | 1559/3000 [06:58<06:26,  3.73it/s]Testing DataLoader 0:  52%|█████▏    | 1560/3000 [06:58<06:26,  3.73it/s]Testing DataLoader 0:  52%|█████▏    | 1561/3000 [06:58<06:25,  3.73it/s]Testing DataLoader 0:  52%|█████▏    | 1562/3000 [06:58<06:25,  3.73it/s]Testing DataLoader 0:  52%|█████▏    | 1563/3000 [06:59<06:25,  3.73it/s]Testing DataLoader 0:  52%|█████▏    | 1564/3000 [06:59<06:25,  3.73it/s]Testing DataLoader 0:  52%|█████▏    | 1565/3000 [06:59<06:24,  3.73it/s]Testing DataLoader 0:  52%|█████▏    | 1566/3000 [06:59<06:24,  3.73it/s]Testing DataLoader 0:  52%|█████▏    | 1567/3000 [07:00<06:24,  3.73it/s]Testing DataLoader 0:  52%|█████▏    | 1568/3000 [07:00<06:24,  3.73it/s]Testing DataLoader 0:  52%|█████▏    | 1569/3000 [07:00<06:23,  3.73it/s]Testing DataLoader 0:  52%|█████▏    | 1570/3000 [07:01<06:23,  3.73it/s]Testing DataLoader 0:  52%|█████▏    | 1571/3000 [07:01<06:23,  3.73it/s]Testing DataLoader 0:  52%|█████▏    | 1572/3000 [07:01<06:22,  3.73it/s]Testing DataLoader 0:  52%|█████▏    | 1573/3000 [07:01<06:22,  3.73it/s]Testing DataLoader 0:  52%|█████▏    | 1574/3000 [07:02<06:22,  3.73it/s]Testing DataLoader 0:  52%|█████▎    | 1575/3000 [07:02<06:22,  3.73it/s]Testing DataLoader 0:  53%|█████▎    | 1576/3000 [07:02<06:21,  3.73it/s]Testing DataLoader 0:  53%|█████▎    | 1577/3000 [07:02<06:21,  3.73it/s]Testing DataLoader 0:  53%|█████▎    | 1578/3000 [07:03<06:21,  3.73it/s]Testing DataLoader 0:  53%|█████▎    | 1579/3000 [07:03<06:21,  3.73it/s]Testing DataLoader 0:  53%|█████▎    | 1580/3000 [07:03<06:20,  3.73it/s]Testing DataLoader 0:  53%|█████▎    | 1581/3000 [07:03<06:20,  3.73it/s]Testing DataLoader 0:  53%|█████▎    | 1582/3000 [07:04<06:20,  3.73it/s]Testing DataLoader 0:  53%|█████▎    | 1583/3000 [07:04<06:20,  3.73it/s]Testing DataLoader 0:  53%|█████▎    | 1584/3000 [07:04<06:19,  3.73it/s]Testing DataLoader 0:  53%|█████▎    | 1585/3000 [07:05<06:19,  3.73it/s]Testing DataLoader 0:  53%|█████▎    | 1586/3000 [07:05<06:19,  3.73it/s]Testing DataLoader 0:  53%|█████▎    | 1587/3000 [07:05<06:18,  3.73it/s]Testing DataLoader 0:  53%|█████▎    | 1588/3000 [07:05<06:18,  3.73it/s]Testing DataLoader 0:  53%|█████▎    | 1589/3000 [07:06<06:18,  3.73it/s]Testing DataLoader 0:  53%|█████▎    | 1590/3000 [07:06<06:18,  3.73it/s]Testing DataLoader 0:  53%|█████▎    | 1591/3000 [07:06<06:17,  3.73it/s]Testing DataLoader 0:  53%|█████▎    | 1592/3000 [07:06<06:17,  3.73it/s]Testing DataLoader 0:  53%|█████▎    | 1593/3000 [07:07<06:17,  3.73it/s]Testing DataLoader 0:  53%|█████▎    | 1594/3000 [07:07<06:17,  3.73it/s]Testing DataLoader 0:  53%|█████▎    | 1595/3000 [07:07<06:16,  3.73it/s]Testing DataLoader 0:  53%|█████▎    | 1596/3000 [07:07<06:16,  3.73it/s]Testing DataLoader 0:  53%|█████▎    | 1597/3000 [07:08<06:16,  3.73it/s]Testing DataLoader 0:  53%|█████▎    | 1598/3000 [07:08<06:15,  3.73it/s]Testing DataLoader 0:  53%|█████▎    | 1599/3000 [07:08<06:15,  3.73it/s]Testing DataLoader 0:  53%|█████▎    | 1600/3000 [07:09<06:15,  3.73it/s]Testing DataLoader 0:  53%|█████▎    | 1601/3000 [07:09<06:15,  3.73it/s]Testing DataLoader 0:  53%|█████▎    | 1602/3000 [07:09<06:14,  3.73it/s]Testing DataLoader 0:  53%|█████▎    | 1603/3000 [07:09<06:14,  3.73it/s]Testing DataLoader 0:  53%|█████▎    | 1604/3000 [07:10<06:14,  3.73it/s]Testing DataLoader 0:  54%|█████▎    | 1605/3000 [07:10<06:14,  3.73it/s]Testing DataLoader 0:  54%|█████▎    | 1606/3000 [07:10<06:13,  3.73it/s]Testing DataLoader 0:  54%|█████▎    | 1607/3000 [07:10<06:13,  3.73it/s]Testing DataLoader 0:  54%|█████▎    | 1608/3000 [07:11<06:13,  3.73it/s]Testing DataLoader 0:  54%|█████▎    | 1609/3000 [07:11<06:12,  3.73it/s]Testing DataLoader 0:  54%|█████▎    | 1610/3000 [07:11<06:12,  3.73it/s]Testing DataLoader 0:  54%|█████▎    | 1611/3000 [07:11<06:12,  3.73it/s]Testing DataLoader 0:  54%|█████▎    | 1612/3000 [07:12<06:12,  3.73it/s]Testing DataLoader 0:  54%|█████▍    | 1613/3000 [07:12<06:11,  3.73it/s]Testing DataLoader 0:  54%|█████▍    | 1614/3000 [07:12<06:11,  3.73it/s]Testing DataLoader 0:  54%|█████▍    | 1615/3000 [07:13<06:11,  3.73it/s]Testing DataLoader 0:  54%|█████▍    | 1616/3000 [07:13<06:11,  3.73it/s]Testing DataLoader 0:  54%|█████▍    | 1617/3000 [07:13<06:10,  3.73it/s]Testing DataLoader 0:  54%|█████▍    | 1618/3000 [07:13<06:10,  3.73it/s]Testing DataLoader 0:  54%|█████▍    | 1619/3000 [07:14<06:10,  3.73it/s]Testing DataLoader 0:  54%|█████▍    | 1620/3000 [07:14<06:10,  3.73it/s]Testing DataLoader 0:  54%|█████▍    | 1621/3000 [07:14<06:09,  3.73it/s]Testing DataLoader 0:  54%|█████▍    | 1622/3000 [07:14<06:09,  3.73it/s]Testing DataLoader 0:  54%|█████▍    | 1623/3000 [07:15<06:09,  3.73it/s]Testing DataLoader 0:  54%|█████▍    | 1624/3000 [07:15<06:08,  3.73it/s]Testing DataLoader 0:  54%|█████▍    | 1625/3000 [07:15<06:08,  3.73it/s]Testing DataLoader 0:  54%|█████▍    | 1626/3000 [07:16<06:08,  3.73it/s]Testing DataLoader 0:  54%|█████▍    | 1627/3000 [07:16<06:08,  3.73it/s]Testing DataLoader 0:  54%|█████▍    | 1628/3000 [07:16<06:07,  3.73it/s]Testing DataLoader 0:  54%|█████▍    | 1629/3000 [07:16<06:07,  3.73it/s]Testing DataLoader 0:  54%|█████▍    | 1630/3000 [07:17<06:07,  3.73it/s]Testing DataLoader 0:  54%|█████▍    | 1631/3000 [07:17<06:07,  3.73it/s]Testing DataLoader 0:  54%|█████▍    | 1632/3000 [07:17<06:06,  3.73it/s]Testing DataLoader 0:  54%|█████▍    | 1633/3000 [07:17<06:06,  3.73it/s]Testing DataLoader 0:  54%|█████▍    | 1634/3000 [07:18<06:06,  3.73it/s]Testing DataLoader 0:  55%|█████▍    | 1635/3000 [07:18<06:06,  3.73it/s]Testing DataLoader 0:  55%|█████▍    | 1636/3000 [07:18<06:05,  3.73it/s]Testing DataLoader 0:  55%|█████▍    | 1637/3000 [07:18<06:05,  3.73it/s]Testing DataLoader 0:  55%|█████▍    | 1638/3000 [07:19<06:05,  3.73it/s]Testing DataLoader 0:  55%|█████▍    | 1639/3000 [07:19<06:04,  3.73it/s]Testing DataLoader 0:  55%|█████▍    | 1640/3000 [07:19<06:04,  3.73it/s]Testing DataLoader 0:  55%|█████▍    | 1641/3000 [07:20<06:04,  3.73it/s]Testing DataLoader 0:  55%|█████▍    | 1642/3000 [07:20<06:04,  3.73it/s]Testing DataLoader 0:  55%|█████▍    | 1643/3000 [07:20<06:03,  3.73it/s]Testing DataLoader 0:  55%|█████▍    | 1644/3000 [07:20<06:03,  3.73it/s]Testing DataLoader 0:  55%|█████▍    | 1645/3000 [07:21<06:03,  3.73it/s]Testing DataLoader 0:  55%|█████▍    | 1646/3000 [07:21<06:03,  3.73it/s]Testing DataLoader 0:  55%|█████▍    | 1647/3000 [07:21<06:02,  3.73it/s]Testing DataLoader 0:  55%|█████▍    | 1648/3000 [07:21<06:02,  3.73it/s]Testing DataLoader 0:  55%|█████▍    | 1649/3000 [07:22<06:02,  3.73it/s]Testing DataLoader 0:  55%|█████▌    | 1650/3000 [07:22<06:01,  3.73it/s]Testing DataLoader 0:  55%|█████▌    | 1651/3000 [07:22<06:01,  3.73it/s]Testing DataLoader 0:  55%|█████▌    | 1652/3000 [07:22<06:01,  3.73it/s]Testing DataLoader 0:  55%|█████▌    | 1653/3000 [07:23<06:01,  3.73it/s]Testing DataLoader 0:  55%|█████▌    | 1654/3000 [07:23<06:00,  3.73it/s]Testing DataLoader 0:  55%|█████▌    | 1655/3000 [07:23<06:00,  3.73it/s]Testing DataLoader 0:  55%|█████▌    | 1656/3000 [07:24<06:00,  3.73it/s]Testing DataLoader 0:  55%|█████▌    | 1657/3000 [07:24<06:00,  3.73it/s]Testing DataLoader 0:  55%|█████▌    | 1658/3000 [07:24<05:59,  3.73it/s]Testing DataLoader 0:  55%|█████▌    | 1659/3000 [07:24<05:59,  3.73it/s]Testing DataLoader 0:  55%|█████▌    | 1660/3000 [07:25<05:59,  3.73it/s]Testing DataLoader 0:  55%|█████▌    | 1661/3000 [07:25<05:59,  3.73it/s]Testing DataLoader 0:  55%|█████▌    | 1662/3000 [07:25<05:58,  3.73it/s]Testing DataLoader 0:  55%|█████▌    | 1663/3000 [07:25<05:58,  3.73it/s]Testing DataLoader 0:  55%|█████▌    | 1664/3000 [07:26<05:58,  3.73it/s]Testing DataLoader 0:  56%|█████▌    | 1665/3000 [07:26<05:57,  3.73it/s]Testing DataLoader 0:  56%|█████▌    | 1666/3000 [07:26<05:57,  3.73it/s]Testing DataLoader 0:  56%|█████▌    | 1667/3000 [07:26<05:57,  3.73it/s]Testing DataLoader 0:  56%|█████▌    | 1668/3000 [07:27<05:57,  3.73it/s]Testing DataLoader 0:  56%|█████▌    | 1669/3000 [07:27<05:56,  3.73it/s]Testing DataLoader 0:  56%|█████▌    | 1670/3000 [07:27<05:56,  3.73it/s]Testing DataLoader 0:  56%|█████▌    | 1671/3000 [07:28<05:56,  3.73it/s]Testing DataLoader 0:  56%|█████▌    | 1672/3000 [07:28<05:56,  3.73it/s]Testing DataLoader 0:  56%|█████▌    | 1673/3000 [07:28<05:55,  3.73it/s]Testing DataLoader 0:  56%|█████▌    | 1674/3000 [07:28<05:55,  3.73it/s]Testing DataLoader 0:  56%|█████▌    | 1675/3000 [07:29<05:55,  3.73it/s]Testing DataLoader 0:  56%|█████▌    | 1676/3000 [07:29<05:54,  3.73it/s]Testing DataLoader 0:  56%|█████▌    | 1677/3000 [07:29<05:54,  3.73it/s]Testing DataLoader 0:  56%|█████▌    | 1678/3000 [07:29<05:54,  3.73it/s]Testing DataLoader 0:  56%|█████▌    | 1679/3000 [07:30<05:54,  3.73it/s]Testing DataLoader 0:  56%|█████▌    | 1680/3000 [07:30<05:53,  3.73it/s]Testing DataLoader 0:  56%|█████▌    | 1681/3000 [07:30<05:53,  3.73it/s]Testing DataLoader 0:  56%|█████▌    | 1682/3000 [07:30<05:53,  3.73it/s]Testing DataLoader 0:  56%|█████▌    | 1683/3000 [07:31<05:53,  3.73it/s]Testing DataLoader 0:  56%|█████▌    | 1684/3000 [07:31<05:52,  3.73it/s]Testing DataLoader 0:  56%|█████▌    | 1685/3000 [07:31<05:52,  3.73it/s]Testing DataLoader 0:  56%|█████▌    | 1686/3000 [07:32<05:52,  3.73it/s]Testing DataLoader 0:  56%|█████▌    | 1687/3000 [07:32<05:52,  3.73it/s]Testing DataLoader 0:  56%|█████▋    | 1688/3000 [07:32<05:51,  3.73it/s]Testing DataLoader 0:  56%|█████▋    | 1689/3000 [07:32<05:51,  3.73it/s]Testing DataLoader 0:  56%|█████▋    | 1690/3000 [07:33<05:51,  3.73it/s]Testing DataLoader 0:  56%|█████▋    | 1691/3000 [07:33<05:50,  3.73it/s]Testing DataLoader 0:  56%|█████▋    | 1692/3000 [07:33<05:50,  3.73it/s]Testing DataLoader 0:  56%|█████▋    | 1693/3000 [07:33<05:50,  3.73it/s]Testing DataLoader 0:  56%|█████▋    | 1694/3000 [07:34<05:50,  3.73it/s]Testing DataLoader 0:  56%|█████▋    | 1695/3000 [07:34<05:49,  3.73it/s]Testing DataLoader 0:  57%|█████▋    | 1696/3000 [07:34<05:49,  3.73it/s]Testing DataLoader 0:  57%|█████▋    | 1697/3000 [07:34<05:49,  3.73it/s]Testing DataLoader 0:  57%|█████▋    | 1698/3000 [07:35<05:49,  3.73it/s]Testing DataLoader 0:  57%|█████▋    | 1699/3000 [07:35<05:48,  3.73it/s]Testing DataLoader 0:  57%|█████▋    | 1700/3000 [07:35<05:48,  3.73it/s]Testing DataLoader 0:  57%|█████▋    | 1701/3000 [07:36<05:48,  3.73it/s]Testing DataLoader 0:  57%|█████▋    | 1702/3000 [07:36<05:47,  3.73it/s]Testing DataLoader 0:  57%|█████▋    | 1703/3000 [07:36<05:47,  3.73it/s]Testing DataLoader 0:  57%|█████▋    | 1704/3000 [07:36<05:47,  3.73it/s]Testing DataLoader 0:  57%|█████▋    | 1705/3000 [07:37<05:47,  3.73it/s]Testing DataLoader 0:  57%|█████▋    | 1706/3000 [07:37<05:46,  3.73it/s]Testing DataLoader 0:  57%|█████▋    | 1707/3000 [07:37<05:46,  3.73it/s]Testing DataLoader 0:  57%|█████▋    | 1708/3000 [07:37<05:46,  3.73it/s]Testing DataLoader 0:  57%|█████▋    | 1709/3000 [07:38<05:46,  3.73it/s]Testing DataLoader 0:  57%|█████▋    | 1710/3000 [07:38<05:45,  3.73it/s]Testing DataLoader 0:  57%|█████▋    | 1711/3000 [07:38<05:45,  3.73it/s]Testing DataLoader 0:  57%|█████▋    | 1712/3000 [07:38<05:45,  3.73it/s]Testing DataLoader 0:  57%|█████▋    | 1713/3000 [07:39<05:45,  3.73it/s]Testing DataLoader 0:  57%|█████▋    | 1714/3000 [07:39<05:44,  3.73it/s]Testing DataLoader 0:  57%|█████▋    | 1715/3000 [07:39<05:44,  3.73it/s]Testing DataLoader 0:  57%|█████▋    | 1716/3000 [07:40<05:44,  3.73it/s]Testing DataLoader 0:  57%|█████▋    | 1717/3000 [07:40<05:43,  3.73it/s]Testing DataLoader 0:  57%|█████▋    | 1718/3000 [07:40<05:43,  3.73it/s]Testing DataLoader 0:  57%|█████▋    | 1719/3000 [07:40<05:43,  3.73it/s]Testing DataLoader 0:  57%|█████▋    | 1720/3000 [07:41<05:43,  3.73it/s]Testing DataLoader 0:  57%|█████▋    | 1721/3000 [07:41<05:42,  3.73it/s]Testing DataLoader 0:  57%|█████▋    | 1722/3000 [07:41<05:42,  3.73it/s]Testing DataLoader 0:  57%|█████▋    | 1723/3000 [07:41<05:42,  3.73it/s]Testing DataLoader 0:  57%|█████▋    | 1724/3000 [07:42<05:42,  3.73it/s]Testing DataLoader 0:  57%|█████▊    | 1725/3000 [07:42<05:41,  3.73it/s]Testing DataLoader 0:  58%|█████▊    | 1726/3000 [07:42<05:41,  3.73it/s]Testing DataLoader 0:  58%|█████▊    | 1727/3000 [07:42<05:41,  3.73it/s]Testing DataLoader 0:  58%|█████▊    | 1728/3000 [07:43<05:41,  3.73it/s]Testing DataLoader 0:  58%|█████▊    | 1729/3000 [07:43<05:40,  3.73it/s]Testing DataLoader 0:  58%|█████▊    | 1730/3000 [07:43<05:40,  3.73it/s]Testing DataLoader 0:  58%|█████▊    | 1731/3000 [07:44<05:40,  3.73it/s]Testing DataLoader 0:  58%|█████▊    | 1732/3000 [07:44<05:39,  3.73it/s]Testing DataLoader 0:  58%|█████▊    | 1733/3000 [07:44<05:39,  3.73it/s]Testing DataLoader 0:  58%|█████▊    | 1734/3000 [07:44<05:39,  3.73it/s]Testing DataLoader 0:  58%|█████▊    | 1735/3000 [07:45<05:39,  3.73it/s]Testing DataLoader 0:  58%|█████▊    | 1736/3000 [07:45<05:38,  3.73it/s]Testing DataLoader 0:  58%|█████▊    | 1737/3000 [07:45<05:38,  3.73it/s]Testing DataLoader 0:  58%|█████▊    | 1738/3000 [07:45<05:38,  3.73it/s]Testing DataLoader 0:  58%|█████▊    | 1739/3000 [07:46<05:38,  3.73it/s]Testing DataLoader 0:  58%|█████▊    | 1740/3000 [07:46<05:37,  3.73it/s]Testing DataLoader 0:  58%|█████▊    | 1741/3000 [07:46<05:37,  3.73it/s]Testing DataLoader 0:  58%|█████▊    | 1742/3000 [07:47<05:37,  3.73it/s]Testing DataLoader 0:  58%|█████▊    | 1743/3000 [07:47<05:36,  3.73it/s]Testing DataLoader 0:  58%|█████▊    | 1744/3000 [07:47<05:36,  3.73it/s]Testing DataLoader 0:  58%|█████▊    | 1745/3000 [07:47<05:36,  3.73it/s]Testing DataLoader 0:  58%|█████▊    | 1746/3000 [07:48<05:36,  3.73it/s]Testing DataLoader 0:  58%|█████▊    | 1747/3000 [07:48<05:35,  3.73it/s]Testing DataLoader 0:  58%|█████▊    | 1748/3000 [07:48<05:35,  3.73it/s]Testing DataLoader 0:  58%|█████▊    | 1749/3000 [07:48<05:35,  3.73it/s]Testing DataLoader 0:  58%|█████▊    | 1750/3000 [07:49<05:35,  3.73it/s]Testing DataLoader 0:  58%|█████▊    | 1751/3000 [07:49<05:34,  3.73it/s]Testing DataLoader 0:  58%|█████▊    | 1752/3000 [07:49<05:34,  3.73it/s]Testing DataLoader 0:  58%|█████▊    | 1753/3000 [07:49<05:34,  3.73it/s]Testing DataLoader 0:  58%|█████▊    | 1754/3000 [07:50<05:34,  3.73it/s]Testing DataLoader 0:  58%|█████▊    | 1755/3000 [07:50<05:33,  3.73it/s]Testing DataLoader 0:  59%|█████▊    | 1756/3000 [07:50<05:33,  3.73it/s]Testing DataLoader 0:  59%|█████▊    | 1757/3000 [07:51<05:33,  3.73it/s]Testing DataLoader 0:  59%|█████▊    | 1758/3000 [07:51<05:32,  3.73it/s]Testing DataLoader 0:  59%|█████▊    | 1759/3000 [07:51<05:32,  3.73it/s]Testing DataLoader 0:  59%|█████▊    | 1760/3000 [07:51<05:32,  3.73it/s]Testing DataLoader 0:  59%|█████▊    | 1761/3000 [07:52<05:32,  3.73it/s]Testing DataLoader 0:  59%|█████▊    | 1762/3000 [07:52<05:31,  3.73it/s]Testing DataLoader 0:  59%|█████▉    | 1763/3000 [07:52<05:31,  3.73it/s]Testing DataLoader 0:  59%|█████▉    | 1764/3000 [07:52<05:31,  3.73it/s]Testing DataLoader 0:  59%|█████▉    | 1765/3000 [07:53<05:31,  3.73it/s]Testing DataLoader 0:  59%|█████▉    | 1766/3000 [07:53<05:30,  3.73it/s]Testing DataLoader 0:  59%|█████▉    | 1767/3000 [07:53<05:30,  3.73it/s]Testing DataLoader 0:  59%|█████▉    | 1768/3000 [07:53<05:30,  3.73it/s]Testing DataLoader 0:  59%|█████▉    | 1769/3000 [07:54<05:30,  3.73it/s]Testing DataLoader 0:  59%|█████▉    | 1770/3000 [07:54<05:29,  3.73it/s]Testing DataLoader 0:  59%|█████▉    | 1771/3000 [07:54<05:29,  3.73it/s]Testing DataLoader 0:  59%|█████▉    | 1772/3000 [07:55<05:29,  3.73it/s]Testing DataLoader 0:  59%|█████▉    | 1773/3000 [07:55<05:28,  3.73it/s]Testing DataLoader 0:  59%|█████▉    | 1774/3000 [07:55<05:28,  3.73it/s]Testing DataLoader 0:  59%|█████▉    | 1775/3000 [07:55<05:28,  3.73it/s]Testing DataLoader 0:  59%|█████▉    | 1776/3000 [07:56<05:28,  3.73it/s]Testing DataLoader 0:  59%|█████▉    | 1777/3000 [07:56<05:27,  3.73it/s]Testing DataLoader 0:  59%|█████▉    | 1778/3000 [07:56<05:27,  3.73it/s]Testing DataLoader 0:  59%|█████▉    | 1779/3000 [07:56<05:27,  3.73it/s]Testing DataLoader 0:  59%|█████▉    | 1780/3000 [07:57<05:27,  3.73it/s]Testing DataLoader 0:  59%|█████▉    | 1781/3000 [07:57<05:26,  3.73it/s]Testing DataLoader 0:  59%|█████▉    | 1782/3000 [07:57<05:26,  3.73it/s]Testing DataLoader 0:  59%|█████▉    | 1783/3000 [07:57<05:26,  3.73it/s]Testing DataLoader 0:  59%|█████▉    | 1784/3000 [07:58<05:25,  3.73it/s]Testing DataLoader 0:  60%|█████▉    | 1785/3000 [07:58<05:25,  3.73it/s]Testing DataLoader 0:  60%|█████▉    | 1786/3000 [07:58<05:25,  3.73it/s]Testing DataLoader 0:  60%|█████▉    | 1787/3000 [07:59<05:25,  3.73it/s]Testing DataLoader 0:  60%|█████▉    | 1788/3000 [07:59<05:24,  3.73it/s]Testing DataLoader 0:  60%|█████▉    | 1789/3000 [07:59<05:24,  3.73it/s]Testing DataLoader 0:  60%|█████▉    | 1790/3000 [07:59<05:24,  3.73it/s]Testing DataLoader 0:  60%|█████▉    | 1791/3000 [08:00<05:24,  3.73it/s]Testing DataLoader 0:  60%|█████▉    | 1792/3000 [08:00<05:23,  3.73it/s]Testing DataLoader 0:  60%|█████▉    | 1793/3000 [08:00<05:23,  3.73it/s]Testing DataLoader 0:  60%|█████▉    | 1794/3000 [08:00<05:23,  3.73it/s]Testing DataLoader 0:  60%|█████▉    | 1795/3000 [08:01<05:23,  3.73it/s]Testing DataLoader 0:  60%|█████▉    | 1796/3000 [08:01<05:22,  3.73it/s]Testing DataLoader 0:  60%|█████▉    | 1797/3000 [08:01<05:22,  3.73it/s]Testing DataLoader 0:  60%|█████▉    | 1798/3000 [08:01<05:22,  3.73it/s]Testing DataLoader 0:  60%|█████▉    | 1799/3000 [08:02<05:21,  3.73it/s]Testing DataLoader 0:  60%|██████    | 1800/3000 [08:02<05:21,  3.73it/s]Testing DataLoader 0:  60%|██████    | 1801/3000 [08:02<05:21,  3.73it/s]Testing DataLoader 0:  60%|██████    | 1802/3000 [08:03<05:21,  3.73it/s]Testing DataLoader 0:  60%|██████    | 1803/3000 [08:03<05:20,  3.73it/s]Testing DataLoader 0:  60%|██████    | 1804/3000 [08:03<05:20,  3.73it/s]Testing DataLoader 0:  60%|██████    | 1805/3000 [08:03<05:20,  3.73it/s]Testing DataLoader 0:  60%|██████    | 1806/3000 [08:04<05:20,  3.73it/s]Testing DataLoader 0:  60%|██████    | 1807/3000 [08:04<05:19,  3.73it/s]Testing DataLoader 0:  60%|██████    | 1808/3000 [08:04<05:19,  3.73it/s]Testing DataLoader 0:  60%|██████    | 1809/3000 [08:04<05:19,  3.73it/s]Testing DataLoader 0:  60%|██████    | 1810/3000 [08:05<05:18,  3.73it/s]Testing DataLoader 0:  60%|██████    | 1811/3000 [08:05<05:18,  3.73it/s]Testing DataLoader 0:  60%|██████    | 1812/3000 [08:05<05:18,  3.73it/s]Testing DataLoader 0:  60%|██████    | 1813/3000 [08:05<05:18,  3.73it/s]Testing DataLoader 0:  60%|██████    | 1814/3000 [08:06<05:17,  3.73it/s]Testing DataLoader 0:  60%|██████    | 1815/3000 [08:06<05:17,  3.73it/s]Testing DataLoader 0:  61%|██████    | 1816/3000 [08:06<05:17,  3.73it/s]Testing DataLoader 0:  61%|██████    | 1817/3000 [08:07<05:17,  3.73it/s]Testing DataLoader 0:  61%|██████    | 1818/3000 [08:07<05:16,  3.73it/s]Testing DataLoader 0:  61%|██████    | 1819/3000 [08:07<05:16,  3.73it/s]Testing DataLoader 0:  61%|██████    | 1820/3000 [08:07<05:16,  3.73it/s]Testing DataLoader 0:  61%|██████    | 1821/3000 [08:08<05:16,  3.73it/s]Testing DataLoader 0:  61%|██████    | 1822/3000 [08:08<05:15,  3.73it/s]Testing DataLoader 0:  61%|██████    | 1823/3000 [08:08<05:15,  3.73it/s]Testing DataLoader 0:  61%|██████    | 1824/3000 [08:08<05:15,  3.73it/s]Testing DataLoader 0:  61%|██████    | 1825/3000 [08:09<05:14,  3.73it/s]Testing DataLoader 0:  61%|██████    | 1826/3000 [08:09<05:14,  3.73it/s]Testing DataLoader 0:  61%|██████    | 1827/3000 [08:09<05:14,  3.73it/s]Testing DataLoader 0:  61%|██████    | 1828/3000 [08:09<05:14,  3.73it/s]Testing DataLoader 0:  61%|██████    | 1829/3000 [08:10<05:13,  3.73it/s]Testing DataLoader 0:  61%|██████    | 1830/3000 [08:10<05:13,  3.73it/s]Testing DataLoader 0:  61%|██████    | 1831/3000 [08:10<05:13,  3.73it/s]Testing DataLoader 0:  61%|██████    | 1832/3000 [08:11<05:13,  3.73it/s]Testing DataLoader 0:  61%|██████    | 1833/3000 [08:11<05:12,  3.73it/s]Testing DataLoader 0:  61%|██████    | 1834/3000 [08:11<05:12,  3.73it/s]Testing DataLoader 0:  61%|██████    | 1835/3000 [08:11<05:12,  3.73it/s]Testing DataLoader 0:  61%|██████    | 1836/3000 [08:12<05:11,  3.73it/s]Testing DataLoader 0:  61%|██████    | 1837/3000 [08:12<05:11,  3.73it/s]Testing DataLoader 0:  61%|██████▏   | 1838/3000 [08:12<05:11,  3.73it/s]Testing DataLoader 0:  61%|██████▏   | 1839/3000 [08:12<05:11,  3.73it/s]Testing DataLoader 0:  61%|██████▏   | 1840/3000 [08:13<05:10,  3.73it/s]Testing DataLoader 0:  61%|██████▏   | 1841/3000 [08:13<05:10,  3.73it/s]Testing DataLoader 0:  61%|██████▏   | 1842/3000 [08:13<05:10,  3.73it/s]Testing DataLoader 0:  61%|██████▏   | 1843/3000 [08:13<05:10,  3.73it/s]Testing DataLoader 0:  61%|██████▏   | 1844/3000 [08:14<05:09,  3.73it/s]Testing DataLoader 0:  62%|██████▏   | 1845/3000 [08:14<05:09,  3.73it/s]Testing DataLoader 0:  62%|██████▏   | 1846/3000 [08:14<05:09,  3.73it/s]Testing DataLoader 0:  62%|██████▏   | 1847/3000 [08:15<05:09,  3.73it/s]Testing DataLoader 0:  62%|██████▏   | 1848/3000 [08:15<05:08,  3.73it/s]Testing DataLoader 0:  62%|██████▏   | 1849/3000 [08:15<05:08,  3.73it/s]Testing DataLoader 0:  62%|██████▏   | 1850/3000 [08:15<05:08,  3.73it/s]Testing DataLoader 0:  62%|██████▏   | 1851/3000 [08:16<05:07,  3.73it/s]Testing DataLoader 0:  62%|██████▏   | 1852/3000 [08:16<05:07,  3.73it/s]Testing DataLoader 0:  62%|██████▏   | 1853/3000 [08:16<05:07,  3.73it/s]Testing DataLoader 0:  62%|██████▏   | 1854/3000 [08:16<05:07,  3.73it/s]Testing DataLoader 0:  62%|██████▏   | 1855/3000 [08:17<05:06,  3.73it/s]Testing DataLoader 0:  62%|██████▏   | 1856/3000 [08:17<05:06,  3.73it/s]Testing DataLoader 0:  62%|██████▏   | 1857/3000 [08:17<05:06,  3.73it/s]Testing DataLoader 0:  62%|██████▏   | 1858/3000 [08:17<05:06,  3.73it/s]Testing DataLoader 0:  62%|██████▏   | 1859/3000 [08:18<05:05,  3.73it/s]Testing DataLoader 0:  62%|██████▏   | 1860/3000 [08:18<05:05,  3.73it/s]Testing DataLoader 0:  62%|██████▏   | 1861/3000 [08:18<05:05,  3.73it/s]Testing DataLoader 0:  62%|██████▏   | 1862/3000 [08:19<05:05,  3.73it/s]Testing DataLoader 0:  62%|██████▏   | 1863/3000 [08:19<05:04,  3.73it/s]Testing DataLoader 0:  62%|██████▏   | 1864/3000 [08:19<05:04,  3.73it/s]Testing DataLoader 0:  62%|██████▏   | 1865/3000 [08:19<05:04,  3.73it/s]Testing DataLoader 0:  62%|██████▏   | 1866/3000 [08:20<05:03,  3.73it/s]Testing DataLoader 0:  62%|██████▏   | 1867/3000 [08:20<05:03,  3.73it/s]Testing DataLoader 0:  62%|██████▏   | 1868/3000 [08:20<05:03,  3.73it/s]Testing DataLoader 0:  62%|██████▏   | 1869/3000 [08:20<05:03,  3.73it/s]Testing DataLoader 0:  62%|██████▏   | 1870/3000 [08:21<05:02,  3.73it/s]Testing DataLoader 0:  62%|██████▏   | 1871/3000 [08:21<05:02,  3.73it/s]Testing DataLoader 0:  62%|██████▏   | 1872/3000 [08:21<05:02,  3.73it/s]Testing DataLoader 0:  62%|██████▏   | 1873/3000 [08:21<05:02,  3.73it/s]Testing DataLoader 0:  62%|██████▏   | 1874/3000 [08:22<05:01,  3.73it/s]Testing DataLoader 0:  62%|██████▎   | 1875/3000 [08:22<05:01,  3.73it/s]Testing DataLoader 0:  63%|██████▎   | 1876/3000 [08:22<05:01,  3.73it/s]Testing DataLoader 0:  63%|██████▎   | 1877/3000 [08:23<05:00,  3.73it/s]Testing DataLoader 0:  63%|██████▎   | 1878/3000 [08:23<05:00,  3.73it/s]Testing DataLoader 0:  63%|██████▎   | 1879/3000 [08:23<05:00,  3.73it/s]Testing DataLoader 0:  63%|██████▎   | 1880/3000 [08:23<05:00,  3.73it/s]Testing DataLoader 0:  63%|██████▎   | 1881/3000 [08:24<04:59,  3.73it/s]Testing DataLoader 0:  63%|██████▎   | 1882/3000 [08:24<04:59,  3.73it/s]Testing DataLoader 0:  63%|██████▎   | 1883/3000 [08:24<04:59,  3.73it/s]Testing DataLoader 0:  63%|██████▎   | 1884/3000 [08:24<04:59,  3.73it/s]Testing DataLoader 0:  63%|██████▎   | 1885/3000 [08:25<04:58,  3.73it/s]Testing DataLoader 0:  63%|██████▎   | 1886/3000 [08:25<04:58,  3.73it/s]Testing DataLoader 0:  63%|██████▎   | 1887/3000 [08:25<04:58,  3.73it/s]Testing DataLoader 0:  63%|██████▎   | 1888/3000 [08:25<04:58,  3.73it/s]Testing DataLoader 0:  63%|██████▎   | 1889/3000 [08:26<04:57,  3.73it/s]Testing DataLoader 0:  63%|██████▎   | 1890/3000 [08:26<04:57,  3.73it/s]Testing DataLoader 0:  63%|██████▎   | 1891/3000 [08:26<04:57,  3.73it/s]Testing DataLoader 0:  63%|██████▎   | 1892/3000 [08:27<04:56,  3.73it/s]Testing DataLoader 0:  63%|██████▎   | 1893/3000 [08:27<04:56,  3.73it/s]Testing DataLoader 0:  63%|██████▎   | 1894/3000 [08:27<04:56,  3.73it/s]Testing DataLoader 0:  63%|██████▎   | 1895/3000 [08:27<04:56,  3.73it/s]Testing DataLoader 0:  63%|██████▎   | 1896/3000 [08:28<04:55,  3.73it/s]Testing DataLoader 0:  63%|██████▎   | 1897/3000 [08:28<04:55,  3.73it/s]Testing DataLoader 0:  63%|██████▎   | 1898/3000 [08:28<04:55,  3.73it/s]Testing DataLoader 0:  63%|██████▎   | 1899/3000 [08:28<04:55,  3.73it/s]Testing DataLoader 0:  63%|██████▎   | 1900/3000 [08:29<04:54,  3.73it/s]Testing DataLoader 0:  63%|██████▎   | 1901/3000 [08:29<04:54,  3.73it/s]Testing DataLoader 0:  63%|██████▎   | 1902/3000 [08:29<04:54,  3.73it/s]Testing DataLoader 0:  63%|██████▎   | 1903/3000 [08:29<04:53,  3.73it/s]Testing DataLoader 0:  63%|██████▎   | 1904/3000 [08:30<04:53,  3.73it/s]Testing DataLoader 0:  64%|██████▎   | 1905/3000 [08:30<04:53,  3.73it/s]Testing DataLoader 0:  64%|██████▎   | 1906/3000 [08:30<04:53,  3.73it/s]Testing DataLoader 0:  64%|██████▎   | 1907/3000 [08:31<04:52,  3.73it/s]Testing DataLoader 0:  64%|██████▎   | 1908/3000 [08:31<04:52,  3.73it/s]Testing DataLoader 0:  64%|██████▎   | 1909/3000 [08:31<04:52,  3.73it/s]Testing DataLoader 0:  64%|██████▎   | 1910/3000 [08:31<04:52,  3.73it/s]Testing DataLoader 0:  64%|██████▎   | 1911/3000 [08:32<04:51,  3.73it/s]Testing DataLoader 0:  64%|██████▎   | 1912/3000 [08:32<04:51,  3.73it/s]Testing DataLoader 0:  64%|██████▍   | 1913/3000 [08:32<04:51,  3.73it/s]Testing DataLoader 0:  64%|██████▍   | 1914/3000 [08:32<04:51,  3.73it/s]Testing DataLoader 0:  64%|██████▍   | 1915/3000 [08:33<04:50,  3.73it/s]Testing DataLoader 0:  64%|██████▍   | 1916/3000 [08:33<04:50,  3.73it/s]Testing DataLoader 0:  64%|██████▍   | 1917/3000 [08:33<04:50,  3.73it/s]Testing DataLoader 0:  64%|██████▍   | 1918/3000 [08:33<04:49,  3.73it/s]Testing DataLoader 0:  64%|██████▍   | 1919/3000 [08:34<04:49,  3.73it/s]Testing DataLoader 0:  64%|██████▍   | 1920/3000 [08:34<04:49,  3.73it/s]Testing DataLoader 0:  64%|██████▍   | 1921/3000 [08:34<04:49,  3.73it/s]Testing DataLoader 0:  64%|██████▍   | 1922/3000 [08:35<04:48,  3.73it/s]Testing DataLoader 0:  64%|██████▍   | 1923/3000 [08:35<04:48,  3.73it/s]Testing DataLoader 0:  64%|██████▍   | 1924/3000 [08:35<04:48,  3.73it/s]Testing DataLoader 0:  64%|██████▍   | 1925/3000 [08:35<04:48,  3.73it/s]Testing DataLoader 0:  64%|██████▍   | 1926/3000 [08:36<04:47,  3.73it/s]Testing DataLoader 0:  64%|██████▍   | 1927/3000 [08:36<04:47,  3.73it/s]Testing DataLoader 0:  64%|██████▍   | 1928/3000 [08:36<04:47,  3.73it/s]Testing DataLoader 0:  64%|██████▍   | 1929/3000 [08:36<04:47,  3.73it/s]Testing DataLoader 0:  64%|██████▍   | 1930/3000 [08:37<04:46,  3.73it/s]Testing DataLoader 0:  64%|██████▍   | 1931/3000 [08:37<04:46,  3.73it/s]Testing DataLoader 0:  64%|██████▍   | 1932/3000 [08:37<04:46,  3.73it/s]Testing DataLoader 0:  64%|██████▍   | 1933/3000 [08:38<04:45,  3.73it/s]Testing DataLoader 0:  64%|██████▍   | 1934/3000 [08:38<04:45,  3.73it/s]Testing DataLoader 0:  64%|██████▍   | 1935/3000 [08:38<04:45,  3.73it/s]Testing DataLoader 0:  65%|██████▍   | 1936/3000 [08:38<04:45,  3.73it/s]Testing DataLoader 0:  65%|██████▍   | 1937/3000 [08:39<04:44,  3.73it/s]Testing DataLoader 0:  65%|██████▍   | 1938/3000 [08:39<04:44,  3.73it/s]Testing DataLoader 0:  65%|██████▍   | 1939/3000 [08:39<04:44,  3.73it/s]Testing DataLoader 0:  65%|██████▍   | 1940/3000 [08:39<04:44,  3.73it/s]Testing DataLoader 0:  65%|██████▍   | 1941/3000 [08:40<04:43,  3.73it/s]Testing DataLoader 0:  65%|██████▍   | 1942/3000 [08:40<04:43,  3.73it/s]Testing DataLoader 0:  65%|██████▍   | 1943/3000 [08:40<04:43,  3.73it/s]Testing DataLoader 0:  65%|██████▍   | 1944/3000 [08:40<04:42,  3.73it/s]Testing DataLoader 0:  65%|██████▍   | 1945/3000 [08:41<04:42,  3.73it/s]Testing DataLoader 0:  65%|██████▍   | 1946/3000 [08:41<04:42,  3.73it/s]Testing DataLoader 0:  65%|██████▍   | 1947/3000 [08:41<04:42,  3.73it/s]Testing DataLoader 0:  65%|██████▍   | 1948/3000 [08:42<04:41,  3.73it/s]Testing DataLoader 0:  65%|██████▍   | 1949/3000 [08:42<04:41,  3.73it/s]Testing DataLoader 0:  65%|██████▌   | 1950/3000 [08:42<04:41,  3.73it/s]Testing DataLoader 0:  65%|██████▌   | 1951/3000 [08:42<04:41,  3.73it/s]Testing DataLoader 0:  65%|██████▌   | 1952/3000 [08:43<04:40,  3.73it/s]Testing DataLoader 0:  65%|██████▌   | 1953/3000 [08:43<04:40,  3.73it/s]Testing DataLoader 0:  65%|██████▌   | 1954/3000 [08:43<04:40,  3.73it/s]Testing DataLoader 0:  65%|██████▌   | 1955/3000 [08:43<04:40,  3.73it/s]Testing DataLoader 0:  65%|██████▌   | 1956/3000 [08:44<04:39,  3.73it/s]Testing DataLoader 0:  65%|██████▌   | 1957/3000 [08:44<04:39,  3.73it/s]Testing DataLoader 0:  65%|██████▌   | 1958/3000 [08:44<04:39,  3.73it/s]Testing DataLoader 0:  65%|██████▌   | 1959/3000 [08:44<04:38,  3.73it/s]Testing DataLoader 0:  65%|██████▌   | 1960/3000 [08:45<04:38,  3.73it/s]Testing DataLoader 0:  65%|██████▌   | 1961/3000 [08:45<04:38,  3.73it/s]Testing DataLoader 0:  65%|██████▌   | 1962/3000 [08:45<04:38,  3.73it/s]Testing DataLoader 0:  65%|██████▌   | 1963/3000 [08:46<04:37,  3.73it/s]Testing DataLoader 0:  65%|██████▌   | 1964/3000 [08:46<04:37,  3.73it/s]Testing DataLoader 0:  66%|██████▌   | 1965/3000 [08:46<04:37,  3.73it/s]Testing DataLoader 0:  66%|██████▌   | 1966/3000 [08:46<04:37,  3.73it/s]Testing DataLoader 0:  66%|██████▌   | 1967/3000 [08:47<04:36,  3.73it/s]Testing DataLoader 0:  66%|██████▌   | 1968/3000 [08:47<04:36,  3.73it/s]Testing DataLoader 0:  66%|██████▌   | 1969/3000 [08:47<04:36,  3.73it/s]Testing DataLoader 0:  66%|██████▌   | 1970/3000 [08:47<04:36,  3.73it/s]Testing DataLoader 0:  66%|██████▌   | 1971/3000 [08:48<04:35,  3.73it/s]Testing DataLoader 0:  66%|██████▌   | 1972/3000 [08:48<04:35,  3.73it/s]Testing DataLoader 0:  66%|██████▌   | 1973/3000 [08:48<04:35,  3.73it/s]Testing DataLoader 0:  66%|██████▌   | 1974/3000 [08:48<04:34,  3.73it/s]Testing DataLoader 0:  66%|██████▌   | 1975/3000 [08:49<04:34,  3.73it/s]Testing DataLoader 0:  66%|██████▌   | 1976/3000 [08:49<04:34,  3.73it/s]Testing DataLoader 0:  66%|██████▌   | 1977/3000 [08:49<04:34,  3.73it/s]Testing DataLoader 0:  66%|██████▌   | 1978/3000 [08:50<04:33,  3.73it/s]Testing DataLoader 0:  66%|██████▌   | 1979/3000 [08:50<04:33,  3.73it/s]Testing DataLoader 0:  66%|██████▌   | 1980/3000 [08:50<04:33,  3.73it/s]Testing DataLoader 0:  66%|██████▌   | 1981/3000 [08:50<04:33,  3.73it/s]Testing DataLoader 0:  66%|██████▌   | 1982/3000 [08:51<04:32,  3.73it/s]Testing DataLoader 0:  66%|██████▌   | 1983/3000 [08:51<04:32,  3.73it/s]Testing DataLoader 0:  66%|██████▌   | 1984/3000 [08:51<04:32,  3.73it/s]Testing DataLoader 0:  66%|██████▌   | 1985/3000 [08:51<04:31,  3.73it/s]Testing DataLoader 0:  66%|██████▌   | 1986/3000 [08:52<04:31,  3.73it/s]Testing DataLoader 0:  66%|██████▌   | 1987/3000 [08:52<04:31,  3.73it/s]Testing DataLoader 0:  66%|██████▋   | 1988/3000 [08:52<04:31,  3.73it/s]Testing DataLoader 0:  66%|██████▋   | 1989/3000 [08:52<04:30,  3.73it/s]Testing DataLoader 0:  66%|██████▋   | 1990/3000 [08:53<04:30,  3.73it/s]Testing DataLoader 0:  66%|██████▋   | 1991/3000 [08:53<04:30,  3.73it/s]Testing DataLoader 0:  66%|██████▋   | 1992/3000 [08:53<04:30,  3.73it/s]Testing DataLoader 0:  66%|██████▋   | 1993/3000 [08:54<04:29,  3.73it/s]Testing DataLoader 0:  66%|██████▋   | 1994/3000 [08:54<04:29,  3.73it/s]Testing DataLoader 0:  66%|██████▋   | 1995/3000 [08:54<04:29,  3.73it/s]Testing DataLoader 0:  67%|██████▋   | 1996/3000 [08:54<04:29,  3.73it/s]Testing DataLoader 0:  67%|██████▋   | 1997/3000 [08:55<04:28,  3.73it/s]Testing DataLoader 0:  67%|██████▋   | 1998/3000 [08:55<04:28,  3.73it/s]Testing DataLoader 0:  67%|██████▋   | 1999/3000 [08:55<04:28,  3.73it/s]Testing DataLoader 0:  67%|██████▋   | 2000/3000 [08:55<04:27,  3.73it/s]Testing DataLoader 0:  67%|██████▋   | 2001/3000 [08:56<04:27,  3.73it/s]Testing DataLoader 0:  67%|██████▋   | 2002/3000 [08:56<04:27,  3.73it/s]Testing DataLoader 0:  67%|██████▋   | 2003/3000 [08:56<04:27,  3.73it/s]Testing DataLoader 0:  67%|██████▋   | 2004/3000 [08:56<04:26,  3.73it/s]Testing DataLoader 0:  67%|██████▋   | 2005/3000 [08:57<04:26,  3.73it/s]Testing DataLoader 0:  67%|██████▋   | 2006/3000 [08:57<04:26,  3.73it/s]Testing DataLoader 0:  67%|██████▋   | 2007/3000 [08:57<04:26,  3.73it/s]Testing DataLoader 0:  67%|██████▋   | 2008/3000 [08:58<04:25,  3.73it/s]Testing DataLoader 0:  67%|██████▋   | 2009/3000 [08:58<04:25,  3.73it/s]Testing DataLoader 0:  67%|██████▋   | 2010/3000 [08:58<04:25,  3.73it/s]Testing DataLoader 0:  67%|██████▋   | 2011/3000 [08:58<04:24,  3.73it/s]Testing DataLoader 0:  67%|██████▋   | 2012/3000 [08:59<04:24,  3.73it/s]Testing DataLoader 0:  67%|██████▋   | 2013/3000 [08:59<04:24,  3.73it/s]Testing DataLoader 0:  67%|██████▋   | 2014/3000 [08:59<04:24,  3.73it/s]Testing DataLoader 0:  67%|██████▋   | 2015/3000 [08:59<04:23,  3.73it/s]Testing DataLoader 0:  67%|██████▋   | 2016/3000 [09:00<04:23,  3.73it/s]Testing DataLoader 0:  67%|██████▋   | 2017/3000 [09:00<04:23,  3.73it/s]Testing DataLoader 0:  67%|██████▋   | 2018/3000 [09:00<04:23,  3.73it/s]Testing DataLoader 0:  67%|██████▋   | 2019/3000 [09:00<04:22,  3.73it/s]Testing DataLoader 0:  67%|██████▋   | 2020/3000 [09:01<04:22,  3.73it/s]Testing DataLoader 0:  67%|██████▋   | 2021/3000 [09:01<04:22,  3.73it/s]Testing DataLoader 0:  67%|██████▋   | 2022/3000 [09:01<04:22,  3.73it/s]Testing DataLoader 0:  67%|██████▋   | 2023/3000 [09:02<04:21,  3.73it/s]Testing DataLoader 0:  67%|██████▋   | 2024/3000 [09:02<04:21,  3.73it/s]Testing DataLoader 0:  68%|██████▊   | 2025/3000 [09:02<04:21,  3.73it/s]Testing DataLoader 0:  68%|██████▊   | 2026/3000 [09:02<04:20,  3.73it/s]Testing DataLoader 0:  68%|██████▊   | 2027/3000 [09:03<04:20,  3.73it/s]Testing DataLoader 0:  68%|██████▊   | 2028/3000 [09:03<04:20,  3.73it/s]Testing DataLoader 0:  68%|██████▊   | 2029/3000 [09:03<04:20,  3.73it/s]Testing DataLoader 0:  68%|██████▊   | 2030/3000 [09:03<04:19,  3.73it/s]Testing DataLoader 0:  68%|██████▊   | 2031/3000 [09:04<04:19,  3.73it/s]Testing DataLoader 0:  68%|██████▊   | 2032/3000 [09:04<04:19,  3.73it/s]Testing DataLoader 0:  68%|██████▊   | 2033/3000 [09:04<04:19,  3.73it/s]Testing DataLoader 0:  68%|██████▊   | 2034/3000 [09:04<04:18,  3.73it/s]Testing DataLoader 0:  68%|██████▊   | 2035/3000 [09:05<04:18,  3.73it/s]Testing DataLoader 0:  68%|██████▊   | 2036/3000 [09:05<04:18,  3.73it/s]Testing DataLoader 0:  68%|██████▊   | 2037/3000 [09:05<04:18,  3.73it/s]Testing DataLoader 0:  68%|██████▊   | 2038/3000 [09:06<04:17,  3.73it/s]Testing DataLoader 0:  68%|██████▊   | 2039/3000 [09:06<04:17,  3.73it/s]Testing DataLoader 0:  68%|██████▊   | 2040/3000 [09:06<04:17,  3.73it/s]Testing DataLoader 0:  68%|██████▊   | 2041/3000 [09:06<04:16,  3.73it/s]Testing DataLoader 0:  68%|██████▊   | 2042/3000 [09:07<04:16,  3.73it/s]Testing DataLoader 0:  68%|██████▊   | 2043/3000 [09:07<04:16,  3.73it/s]Testing DataLoader 0:  68%|██████▊   | 2044/3000 [09:07<04:16,  3.73it/s]Testing DataLoader 0:  68%|██████▊   | 2045/3000 [09:07<04:15,  3.73it/s]Testing DataLoader 0:  68%|██████▊   | 2046/3000 [09:08<04:15,  3.73it/s]Testing DataLoader 0:  68%|██████▊   | 2047/3000 [09:08<04:15,  3.73it/s]Testing DataLoader 0:  68%|██████▊   | 2048/3000 [09:08<04:15,  3.73it/s]Testing DataLoader 0:  68%|██████▊   | 2049/3000 [09:08<04:14,  3.73it/s]Testing DataLoader 0:  68%|██████▊   | 2050/3000 [09:09<04:14,  3.73it/s]Testing DataLoader 0:  68%|██████▊   | 2051/3000 [09:09<04:14,  3.73it/s]Testing DataLoader 0:  68%|██████▊   | 2052/3000 [09:09<04:13,  3.73it/s]Testing DataLoader 0:  68%|██████▊   | 2053/3000 [09:10<04:13,  3.73it/s]Testing DataLoader 0:  68%|██████▊   | 2054/3000 [09:10<04:13,  3.73it/s]Testing DataLoader 0:  68%|██████▊   | 2055/3000 [09:10<04:13,  3.73it/s]Testing DataLoader 0:  69%|██████▊   | 2056/3000 [09:10<04:12,  3.73it/s]Testing DataLoader 0:  69%|██████▊   | 2057/3000 [09:11<04:12,  3.73it/s]Testing DataLoader 0:  69%|██████▊   | 2058/3000 [09:11<04:12,  3.73it/s]Testing DataLoader 0:  69%|██████▊   | 2059/3000 [09:11<04:12,  3.73it/s]Testing DataLoader 0:  69%|██████▊   | 2060/3000 [09:11<04:11,  3.73it/s]Testing DataLoader 0:  69%|██████▊   | 2061/3000 [09:12<04:11,  3.73it/s]Testing DataLoader 0:  69%|██████▊   | 2062/3000 [09:12<04:11,  3.73it/s]Testing DataLoader 0:  69%|██████▉   | 2063/3000 [09:12<04:11,  3.73it/s]Testing DataLoader 0:  69%|██████▉   | 2064/3000 [09:12<04:10,  3.73it/s]Testing DataLoader 0:  69%|██████▉   | 2065/3000 [09:13<04:10,  3.73it/s]Testing DataLoader 0:  69%|██████▉   | 2066/3000 [09:13<04:10,  3.73it/s]Testing DataLoader 0:  69%|██████▉   | 2067/3000 [09:13<04:09,  3.73it/s]Testing DataLoader 0:  69%|██████▉   | 2068/3000 [09:14<04:09,  3.73it/s]Testing DataLoader 0:  69%|██████▉   | 2069/3000 [09:14<04:09,  3.73it/s]Testing DataLoader 0:  69%|██████▉   | 2070/3000 [09:14<04:09,  3.73it/s]Testing DataLoader 0:  69%|██████▉   | 2071/3000 [09:14<04:08,  3.73it/s]Testing DataLoader 0:  69%|██████▉   | 2072/3000 [09:15<04:08,  3.73it/s]Testing DataLoader 0:  69%|██████▉   | 2073/3000 [09:15<04:08,  3.73it/s]Testing DataLoader 0:  69%|██████▉   | 2074/3000 [09:15<04:08,  3.73it/s]Testing DataLoader 0:  69%|██████▉   | 2075/3000 [09:15<04:07,  3.73it/s]Testing DataLoader 0:  69%|██████▉   | 2076/3000 [09:16<04:07,  3.73it/s]Testing DataLoader 0:  69%|██████▉   | 2077/3000 [09:16<04:07,  3.73it/s]Testing DataLoader 0:  69%|██████▉   | 2078/3000 [09:16<04:07,  3.73it/s]Testing DataLoader 0:  69%|██████▉   | 2079/3000 [09:16<04:06,  3.73it/s]Testing DataLoader 0:  69%|██████▉   | 2080/3000 [09:17<04:06,  3.73it/s]Testing DataLoader 0:  69%|██████▉   | 2081/3000 [09:17<04:06,  3.73it/s]Testing DataLoader 0:  69%|██████▉   | 2082/3000 [09:17<04:05,  3.73it/s]Testing DataLoader 0:  69%|██████▉   | 2083/3000 [09:18<04:05,  3.73it/s]Testing DataLoader 0:  69%|██████▉   | 2084/3000 [09:18<04:05,  3.73it/s]Testing DataLoader 0:  70%|██████▉   | 2085/3000 [09:18<04:05,  3.73it/s]Testing DataLoader 0:  70%|██████▉   | 2086/3000 [09:18<04:04,  3.73it/s]Testing DataLoader 0:  70%|██████▉   | 2087/3000 [09:19<04:04,  3.73it/s]Testing DataLoader 0:  70%|██████▉   | 2088/3000 [09:19<04:04,  3.73it/s]Testing DataLoader 0:  70%|██████▉   | 2089/3000 [09:19<04:04,  3.73it/s]Testing DataLoader 0:  70%|██████▉   | 2090/3000 [09:19<04:03,  3.73it/s]Testing DataLoader 0:  70%|██████▉   | 2091/3000 [09:20<04:03,  3.73it/s]Testing DataLoader 0:  70%|██████▉   | 2092/3000 [09:20<04:03,  3.73it/s]Testing DataLoader 0:  70%|██████▉   | 2093/3000 [09:20<04:02,  3.73it/s]Testing DataLoader 0:  70%|██████▉   | 2094/3000 [09:20<04:02,  3.73it/s]Testing DataLoader 0:  70%|██████▉   | 2095/3000 [09:21<04:02,  3.73it/s]Testing DataLoader 0:  70%|██████▉   | 2096/3000 [09:21<04:02,  3.73it/s]Testing DataLoader 0:  70%|██████▉   | 2097/3000 [09:21<04:01,  3.73it/s]Testing DataLoader 0:  70%|██████▉   | 2098/3000 [09:22<04:01,  3.73it/s]Testing DataLoader 0:  70%|██████▉   | 2099/3000 [09:22<04:01,  3.73it/s]Testing DataLoader 0:  70%|███████   | 2100/3000 [09:22<04:01,  3.73it/s]Testing DataLoader 0:  70%|███████   | 2101/3000 [09:22<04:00,  3.73it/s]Testing DataLoader 0:  70%|███████   | 2102/3000 [09:23<04:00,  3.73it/s]Testing DataLoader 0:  70%|███████   | 2103/3000 [09:23<04:00,  3.73it/s]Testing DataLoader 0:  70%|███████   | 2104/3000 [09:23<04:00,  3.73it/s]Testing DataLoader 0:  70%|███████   | 2105/3000 [09:23<03:59,  3.73it/s]Testing DataLoader 0:  70%|███████   | 2106/3000 [09:24<03:59,  3.73it/s]Testing DataLoader 0:  70%|███████   | 2107/3000 [09:24<03:59,  3.73it/s]Testing DataLoader 0:  70%|███████   | 2108/3000 [09:24<03:58,  3.73it/s]Testing DataLoader 0:  70%|███████   | 2109/3000 [09:24<03:58,  3.73it/s]Testing DataLoader 0:  70%|███████   | 2110/3000 [09:25<03:58,  3.73it/s]Testing DataLoader 0:  70%|███████   | 2111/3000 [09:25<03:58,  3.73it/s]Testing DataLoader 0:  70%|███████   | 2112/3000 [09:25<03:57,  3.73it/s]Testing DataLoader 0:  70%|███████   | 2113/3000 [09:26<03:57,  3.73it/s]Testing DataLoader 0:  70%|███████   | 2114/3000 [09:26<03:57,  3.73it/s]Testing DataLoader 0:  70%|███████   | 2115/3000 [09:26<03:57,  3.73it/s]Testing DataLoader 0:  71%|███████   | 2116/3000 [09:26<03:56,  3.73it/s]Testing DataLoader 0:  71%|███████   | 2117/3000 [09:27<03:56,  3.73it/s]Testing DataLoader 0:  71%|███████   | 2118/3000 [09:27<03:56,  3.73it/s]Testing DataLoader 0:  71%|███████   | 2119/3000 [09:27<03:55,  3.73it/s]Testing DataLoader 0:  71%|███████   | 2120/3000 [09:27<03:55,  3.73it/s]Testing DataLoader 0:  71%|███████   | 2121/3000 [09:28<03:55,  3.73it/s]Testing DataLoader 0:  71%|███████   | 2122/3000 [09:28<03:55,  3.73it/s]Testing DataLoader 0:  71%|███████   | 2123/3000 [09:28<03:54,  3.73it/s]Testing DataLoader 0:  71%|███████   | 2124/3000 [09:28<03:54,  3.73it/s]Testing DataLoader 0:  71%|███████   | 2125/3000 [09:29<03:54,  3.73it/s]Testing DataLoader 0:  71%|███████   | 2126/3000 [09:29<03:54,  3.73it/s]Testing DataLoader 0:  71%|███████   | 2127/3000 [09:29<03:53,  3.73it/s]Testing DataLoader 0:  71%|███████   | 2128/3000 [09:30<03:53,  3.73it/s]Testing DataLoader 0:  71%|███████   | 2129/3000 [09:30<03:53,  3.73it/s]Testing DataLoader 0:  71%|███████   | 2130/3000 [09:30<03:53,  3.73it/s]Testing DataLoader 0:  71%|███████   | 2131/3000 [09:30<03:52,  3.73it/s]Testing DataLoader 0:  71%|███████   | 2132/3000 [09:31<03:52,  3.73it/s]Testing DataLoader 0:  71%|███████   | 2133/3000 [09:31<03:52,  3.73it/s]Testing DataLoader 0:  71%|███████   | 2134/3000 [09:31<03:51,  3.73it/s]Testing DataLoader 0:  71%|███████   | 2135/3000 [09:31<03:51,  3.73it/s]Testing DataLoader 0:  71%|███████   | 2136/3000 [09:32<03:51,  3.73it/s]Testing DataLoader 0:  71%|███████   | 2137/3000 [09:32<03:51,  3.73it/s]Testing DataLoader 0:  71%|███████▏  | 2138/3000 [09:32<03:50,  3.73it/s]Testing DataLoader 0:  71%|███████▏  | 2139/3000 [09:32<03:50,  3.73it/s]Testing DataLoader 0:  71%|███████▏  | 2140/3000 [09:33<03:50,  3.73it/s]Testing DataLoader 0:  71%|███████▏  | 2141/3000 [09:33<03:50,  3.73it/s]Testing DataLoader 0:  71%|███████▏  | 2142/3000 [09:33<03:49,  3.73it/s]Testing DataLoader 0:  71%|███████▏  | 2143/3000 [09:34<03:49,  3.73it/s]Testing DataLoader 0:  71%|███████▏  | 2144/3000 [09:34<03:49,  3.73it/s]Testing DataLoader 0:  72%|███████▏  | 2145/3000 [09:34<03:49,  3.73it/s]Testing DataLoader 0:  72%|███████▏  | 2146/3000 [09:34<03:48,  3.73it/s]Testing DataLoader 0:  72%|███████▏  | 2147/3000 [09:35<03:48,  3.73it/s]Testing DataLoader 0:  72%|███████▏  | 2148/3000 [09:35<03:48,  3.73it/s]Testing DataLoader 0:  72%|███████▏  | 2149/3000 [09:35<03:47,  3.73it/s]Testing DataLoader 0:  72%|███████▏  | 2150/3000 [09:35<03:47,  3.73it/s]Testing DataLoader 0:  72%|███████▏  | 2151/3000 [09:36<03:47,  3.73it/s]Testing DataLoader 0:  72%|███████▏  | 2152/3000 [09:36<03:47,  3.73it/s]Testing DataLoader 0:  72%|███████▏  | 2153/3000 [09:36<03:46,  3.73it/s]Testing DataLoader 0:  72%|███████▏  | 2154/3000 [09:36<03:46,  3.73it/s]Testing DataLoader 0:  72%|███████▏  | 2155/3000 [09:37<03:46,  3.73it/s]Testing DataLoader 0:  72%|███████▏  | 2156/3000 [09:37<03:46,  3.73it/s]Testing DataLoader 0:  72%|███████▏  | 2157/3000 [09:37<03:45,  3.73it/s]Testing DataLoader 0:  72%|███████▏  | 2158/3000 [09:38<03:45,  3.73it/s]Testing DataLoader 0:  72%|███████▏  | 2159/3000 [09:38<03:45,  3.73it/s]Testing DataLoader 0:  72%|███████▏  | 2160/3000 [09:38<03:44,  3.73it/s]Testing DataLoader 0:  72%|███████▏  | 2161/3000 [09:38<03:44,  3.73it/s]Testing DataLoader 0:  72%|███████▏  | 2162/3000 [09:39<03:44,  3.73it/s]Testing DataLoader 0:  72%|███████▏  | 2163/3000 [09:39<03:44,  3.73it/s]Testing DataLoader 0:  72%|███████▏  | 2164/3000 [09:39<03:43,  3.73it/s]Testing DataLoader 0:  72%|███████▏  | 2165/3000 [09:39<03:43,  3.73it/s]Testing DataLoader 0:  72%|███████▏  | 2166/3000 [09:40<03:43,  3.73it/s]Testing DataLoader 0:  72%|███████▏  | 2167/3000 [09:40<03:43,  3.73it/s]Testing DataLoader 0:  72%|███████▏  | 2168/3000 [09:40<03:42,  3.73it/s]Testing DataLoader 0:  72%|███████▏  | 2169/3000 [09:40<03:42,  3.73it/s]Testing DataLoader 0:  72%|███████▏  | 2170/3000 [09:41<03:42,  3.73it/s]Testing DataLoader 0:  72%|███████▏  | 2171/3000 [09:41<03:42,  3.73it/s]Testing DataLoader 0:  72%|███████▏  | 2172/3000 [09:41<03:41,  3.73it/s]Testing DataLoader 0:  72%|███████▏  | 2173/3000 [09:42<03:41,  3.73it/s]Testing DataLoader 0:  72%|███████▏  | 2174/3000 [09:42<03:41,  3.73it/s]Testing DataLoader 0:  72%|███████▎  | 2175/3000 [09:42<03:40,  3.73it/s]Testing DataLoader 0:  73%|███████▎  | 2176/3000 [09:42<03:40,  3.73it/s]Testing DataLoader 0:  73%|███████▎  | 2177/3000 [09:43<03:40,  3.73it/s]Testing DataLoader 0:  73%|███████▎  | 2178/3000 [09:43<03:40,  3.73it/s]Testing DataLoader 0:  73%|███████▎  | 2179/3000 [09:43<03:39,  3.73it/s]Testing DataLoader 0:  73%|███████▎  | 2180/3000 [09:43<03:39,  3.73it/s]Testing DataLoader 0:  73%|███████▎  | 2181/3000 [09:44<03:39,  3.73it/s]Testing DataLoader 0:  73%|███████▎  | 2182/3000 [09:44<03:39,  3.73it/s]Testing DataLoader 0:  73%|███████▎  | 2183/3000 [09:44<03:38,  3.73it/s]Testing DataLoader 0:  73%|███████▎  | 2184/3000 [09:44<03:38,  3.73it/s]Testing DataLoader 0:  73%|███████▎  | 2185/3000 [09:45<03:38,  3.73it/s]Testing DataLoader 0:  73%|███████▎  | 2186/3000 [09:45<03:38,  3.73it/s]Testing DataLoader 0:  73%|███████▎  | 2187/3000 [09:45<03:37,  3.73it/s]Testing DataLoader 0:  73%|███████▎  | 2188/3000 [09:45<03:37,  3.73it/s]Testing DataLoader 0:  73%|███████▎  | 2189/3000 [09:46<03:37,  3.73it/s]Testing DataLoader 0:  73%|███████▎  | 2190/3000 [09:46<03:36,  3.73it/s]Testing DataLoader 0:  73%|███████▎  | 2191/3000 [09:46<03:36,  3.73it/s]Testing DataLoader 0:  73%|███████▎  | 2192/3000 [09:47<03:36,  3.73it/s]Testing DataLoader 0:  73%|███████▎  | 2193/3000 [09:47<03:36,  3.73it/s]Testing DataLoader 0:  73%|███████▎  | 2194/3000 [09:47<03:35,  3.73it/s]Testing DataLoader 0:  73%|███████▎  | 2195/3000 [09:47<03:35,  3.73it/s]Testing DataLoader 0:  73%|███████▎  | 2196/3000 [09:48<03:35,  3.73it/s]Testing DataLoader 0:  73%|███████▎  | 2197/3000 [09:48<03:35,  3.73it/s]Testing DataLoader 0:  73%|███████▎  | 2198/3000 [09:48<03:34,  3.73it/s]Testing DataLoader 0:  73%|███████▎  | 2199/3000 [09:48<03:34,  3.73it/s]Testing DataLoader 0:  73%|███████▎  | 2200/3000 [09:49<03:34,  3.73it/s]Testing DataLoader 0:  73%|███████▎  | 2201/3000 [09:49<03:33,  3.73it/s]Testing DataLoader 0:  73%|███████▎  | 2202/3000 [09:49<03:33,  3.73it/s]Testing DataLoader 0:  73%|███████▎  | 2203/3000 [09:49<03:33,  3.73it/s]Testing DataLoader 0:  73%|███████▎  | 2204/3000 [09:50<03:33,  3.73it/s]Testing DataLoader 0:  74%|███████▎  | 2205/3000 [09:50<03:32,  3.73it/s]Testing DataLoader 0:  74%|███████▎  | 2206/3000 [09:50<03:32,  3.73it/s]Testing DataLoader 0:  74%|███████▎  | 2207/3000 [09:51<03:32,  3.73it/s]Testing DataLoader 0:  74%|███████▎  | 2208/3000 [09:51<03:32,  3.73it/s]Testing DataLoader 0:  74%|███████▎  | 2209/3000 [09:51<03:31,  3.73it/s]Testing DataLoader 0:  74%|███████▎  | 2210/3000 [09:51<03:31,  3.73it/s]Testing DataLoader 0:  74%|███████▎  | 2211/3000 [09:52<03:31,  3.73it/s]Testing DataLoader 0:  74%|███████▎  | 2212/3000 [09:52<03:31,  3.73it/s]Testing DataLoader 0:  74%|███████▍  | 2213/3000 [09:52<03:30,  3.73it/s]Testing DataLoader 0:  74%|███████▍  | 2214/3000 [09:52<03:30,  3.73it/s]Testing DataLoader 0:  74%|███████▍  | 2215/3000 [09:53<03:30,  3.73it/s]Testing DataLoader 0:  74%|███████▍  | 2216/3000 [09:53<03:29,  3.73it/s]Testing DataLoader 0:  74%|███████▍  | 2217/3000 [09:53<03:29,  3.73it/s]Testing DataLoader 0:  74%|███████▍  | 2218/3000 [09:53<03:29,  3.73it/s]Testing DataLoader 0:  74%|███████▍  | 2219/3000 [09:54<03:29,  3.73it/s]Testing DataLoader 0:  74%|███████▍  | 2220/3000 [09:54<03:28,  3.73it/s]Testing DataLoader 0:  74%|███████▍  | 2221/3000 [09:54<03:28,  3.73it/s]Testing DataLoader 0:  74%|███████▍  | 2222/3000 [09:55<03:28,  3.73it/s]Testing DataLoader 0:  74%|███████▍  | 2223/3000 [09:55<03:28,  3.73it/s]Testing DataLoader 0:  74%|███████▍  | 2224/3000 [09:55<03:27,  3.73it/s]Testing DataLoader 0:  74%|███████▍  | 2225/3000 [09:55<03:27,  3.73it/s]Testing DataLoader 0:  74%|███████▍  | 2226/3000 [09:56<03:27,  3.73it/s]Testing DataLoader 0:  74%|███████▍  | 2227/3000 [09:56<03:27,  3.73it/s]Testing DataLoader 0:  74%|███████▍  | 2228/3000 [09:56<03:26,  3.73it/s]Testing DataLoader 0:  74%|███████▍  | 2229/3000 [09:56<03:26,  3.73it/s]Testing DataLoader 0:  74%|███████▍  | 2230/3000 [09:57<03:26,  3.73it/s]Testing DataLoader 0:  74%|███████▍  | 2231/3000 [09:57<03:25,  3.73it/s]Testing DataLoader 0:  74%|███████▍  | 2232/3000 [09:57<03:25,  3.73it/s]Testing DataLoader 0:  74%|███████▍  | 2233/3000 [09:57<03:25,  3.73it/s]Testing DataLoader 0:  74%|███████▍  | 2234/3000 [09:58<03:25,  3.73it/s]Testing DataLoader 0:  74%|███████▍  | 2235/3000 [09:58<03:24,  3.73it/s]Testing DataLoader 0:  75%|███████▍  | 2236/3000 [09:58<03:24,  3.73it/s]Testing DataLoader 0:  75%|███████▍  | 2237/3000 [09:59<03:24,  3.73it/s]Testing DataLoader 0:  75%|███████▍  | 2238/3000 [09:59<03:24,  3.73it/s]Testing DataLoader 0:  75%|███████▍  | 2239/3000 [09:59<03:23,  3.73it/s]Testing DataLoader 0:  75%|███████▍  | 2240/3000 [09:59<03:23,  3.73it/s]Testing DataLoader 0:  75%|███████▍  | 2241/3000 [10:00<03:23,  3.73it/s]Testing DataLoader 0:  75%|███████▍  | 2242/3000 [10:00<03:22,  3.73it/s]Testing DataLoader 0:  75%|███████▍  | 2243/3000 [10:00<03:22,  3.73it/s]Testing DataLoader 0:  75%|███████▍  | 2244/3000 [10:00<03:22,  3.73it/s]Testing DataLoader 0:  75%|███████▍  | 2245/3000 [10:01<03:22,  3.73it/s]Testing DataLoader 0:  75%|███████▍  | 2246/3000 [10:01<03:21,  3.73it/s]Testing DataLoader 0:  75%|███████▍  | 2247/3000 [10:01<03:21,  3.73it/s]Testing DataLoader 0:  75%|███████▍  | 2248/3000 [10:01<03:21,  3.73it/s]Testing DataLoader 0:  75%|███████▍  | 2249/3000 [10:02<03:21,  3.73it/s]Testing DataLoader 0:  75%|███████▌  | 2250/3000 [10:02<03:20,  3.73it/s]Testing DataLoader 0:  75%|███████▌  | 2251/3000 [10:02<03:20,  3.73it/s]Testing DataLoader 0:  75%|███████▌  | 2252/3000 [10:03<03:20,  3.73it/s]Testing DataLoader 0:  75%|███████▌  | 2253/3000 [10:03<03:20,  3.73it/s]Testing DataLoader 0:  75%|███████▌  | 2254/3000 [10:03<03:19,  3.73it/s]Testing DataLoader 0:  75%|███████▌  | 2255/3000 [10:03<03:19,  3.73it/s]Testing DataLoader 0:  75%|███████▌  | 2256/3000 [10:04<03:19,  3.73it/s]Testing DataLoader 0:  75%|███████▌  | 2257/3000 [10:04<03:18,  3.73it/s]Testing DataLoader 0:  75%|███████▌  | 2258/3000 [10:04<03:18,  3.73it/s]Testing DataLoader 0:  75%|███████▌  | 2259/3000 [10:04<03:18,  3.73it/s]Testing DataLoader 0:  75%|███████▌  | 2260/3000 [10:05<03:18,  3.73it/s]Testing DataLoader 0:  75%|███████▌  | 2261/3000 [10:05<03:17,  3.73it/s]Testing DataLoader 0:  75%|███████▌  | 2262/3000 [10:05<03:17,  3.73it/s]Testing DataLoader 0:  75%|███████▌  | 2263/3000 [10:05<03:17,  3.73it/s]Testing DataLoader 0:  75%|███████▌  | 2264/3000 [10:06<03:17,  3.73it/s]Testing DataLoader 0:  76%|███████▌  | 2265/3000 [10:06<03:16,  3.73it/s]Testing DataLoader 0:  76%|███████▌  | 2266/3000 [10:06<03:16,  3.73it/s]Testing DataLoader 0:  76%|███████▌  | 2267/3000 [10:07<03:16,  3.73it/s]Testing DataLoader 0:  76%|███████▌  | 2268/3000 [10:07<03:16,  3.73it/s]Testing DataLoader 0:  76%|███████▌  | 2269/3000 [10:07<03:15,  3.73it/s]Testing DataLoader 0:  76%|███████▌  | 2270/3000 [10:07<03:15,  3.73it/s]Testing DataLoader 0:  76%|███████▌  | 2271/3000 [10:08<03:15,  3.73it/s]Testing DataLoader 0:  76%|███████▌  | 2272/3000 [10:08<03:14,  3.73it/s]Testing DataLoader 0:  76%|███████▌  | 2273/3000 [10:08<03:14,  3.73it/s]Testing DataLoader 0:  76%|███████▌  | 2274/3000 [10:08<03:14,  3.73it/s]Testing DataLoader 0:  76%|███████▌  | 2275/3000 [10:09<03:14,  3.73it/s]Testing DataLoader 0:  76%|███████▌  | 2276/3000 [10:09<03:13,  3.73it/s]Testing DataLoader 0:  76%|███████▌  | 2277/3000 [10:09<03:13,  3.73it/s]Testing DataLoader 0:  76%|███████▌  | 2278/3000 [10:09<03:13,  3.73it/s]Testing DataLoader 0:  76%|███████▌  | 2279/3000 [10:10<03:13,  3.73it/s]Testing DataLoader 0:  76%|███████▌  | 2280/3000 [10:10<03:12,  3.73it/s]Testing DataLoader 0:  76%|███████▌  | 2281/3000 [10:10<03:12,  3.73it/s]Testing DataLoader 0:  76%|███████▌  | 2282/3000 [10:11<03:12,  3.73it/s]Testing DataLoader 0:  76%|███████▌  | 2283/3000 [10:11<03:11,  3.73it/s]Testing DataLoader 0:  76%|███████▌  | 2284/3000 [10:11<03:11,  3.73it/s]Testing DataLoader 0:  76%|███████▌  | 2285/3000 [10:11<03:11,  3.73it/s]Testing DataLoader 0:  76%|███████▌  | 2286/3000 [10:12<03:11,  3.73it/s]Testing DataLoader 0:  76%|███████▌  | 2287/3000 [10:12<03:10,  3.73it/s]Testing DataLoader 0:  76%|███████▋  | 2288/3000 [10:12<03:10,  3.73it/s]Testing DataLoader 0:  76%|███████▋  | 2289/3000 [10:12<03:10,  3.73it/s]Testing DataLoader 0:  76%|███████▋  | 2290/3000 [10:13<03:10,  3.73it/s]Testing DataLoader 0:  76%|███████▋  | 2291/3000 [10:13<03:09,  3.73it/s]Testing DataLoader 0:  76%|███████▋  | 2292/3000 [10:13<03:09,  3.73it/s]Testing DataLoader 0:  76%|███████▋  | 2293/3000 [10:13<03:09,  3.73it/s]Testing DataLoader 0:  76%|███████▋  | 2294/3000 [10:14<03:09,  3.73it/s]Testing DataLoader 0:  76%|███████▋  | 2295/3000 [10:14<03:08,  3.73it/s]Testing DataLoader 0:  77%|███████▋  | 2296/3000 [10:14<03:08,  3.73it/s]Testing DataLoader 0:  77%|███████▋  | 2297/3000 [10:15<03:08,  3.73it/s]Testing DataLoader 0:  77%|███████▋  | 2298/3000 [10:15<03:07,  3.73it/s]Testing DataLoader 0:  77%|███████▋  | 2299/3000 [10:15<03:07,  3.73it/s]Testing DataLoader 0:  77%|███████▋  | 2300/3000 [10:15<03:07,  3.73it/s]Testing DataLoader 0:  77%|███████▋  | 2301/3000 [10:16<03:07,  3.73it/s]Testing DataLoader 0:  77%|███████▋  | 2302/3000 [10:16<03:06,  3.73it/s]Testing DataLoader 0:  77%|███████▋  | 2303/3000 [10:16<03:06,  3.73it/s]Testing DataLoader 0:  77%|███████▋  | 2304/3000 [10:16<03:06,  3.73it/s]Testing DataLoader 0:  77%|███████▋  | 2305/3000 [10:17<03:06,  3.73it/s]Testing DataLoader 0:  77%|███████▋  | 2306/3000 [10:17<03:05,  3.73it/s]Testing DataLoader 0:  77%|███████▋  | 2307/3000 [10:17<03:05,  3.73it/s]Testing DataLoader 0:  77%|███████▋  | 2308/3000 [10:17<03:05,  3.73it/s]Testing DataLoader 0:  77%|███████▋  | 2309/3000 [10:18<03:05,  3.73it/s]Testing DataLoader 0:  77%|███████▋  | 2310/3000 [10:18<03:04,  3.74it/s]Testing DataLoader 0:  77%|███████▋  | 2311/3000 [10:18<03:04,  3.74it/s]Testing DataLoader 0:  77%|███████▋  | 2312/3000 [10:19<03:04,  3.74it/s]Testing DataLoader 0:  77%|███████▋  | 2313/3000 [10:19<03:03,  3.74it/s]Testing DataLoader 0:  77%|███████▋  | 2314/3000 [10:19<03:03,  3.74it/s]Testing DataLoader 0:  77%|███████▋  | 2315/3000 [10:19<03:03,  3.74it/s]Testing DataLoader 0:  77%|███████▋  | 2316/3000 [10:20<03:03,  3.74it/s]Testing DataLoader 0:  77%|███████▋  | 2317/3000 [10:20<03:02,  3.74it/s]Testing DataLoader 0:  77%|███████▋  | 2318/3000 [10:20<03:02,  3.74it/s]Testing DataLoader 0:  77%|███████▋  | 2319/3000 [10:20<03:02,  3.74it/s]Testing DataLoader 0:  77%|███████▋  | 2320/3000 [10:21<03:02,  3.74it/s]Testing DataLoader 0:  77%|███████▋  | 2321/3000 [10:21<03:01,  3.74it/s]Testing DataLoader 0:  77%|███████▋  | 2322/3000 [10:21<03:01,  3.74it/s]Testing DataLoader 0:  77%|███████▋  | 2323/3000 [10:21<03:01,  3.74it/s]Testing DataLoader 0:  77%|███████▋  | 2324/3000 [10:22<03:00,  3.74it/s]Testing DataLoader 0:  78%|███████▊  | 2325/3000 [10:22<03:00,  3.74it/s]Testing DataLoader 0:  78%|███████▊  | 2326/3000 [10:22<03:00,  3.74it/s]Testing DataLoader 0:  78%|███████▊  | 2327/3000 [10:23<03:00,  3.74it/s]Testing DataLoader 0:  78%|███████▊  | 2328/3000 [10:23<02:59,  3.74it/s]Testing DataLoader 0:  78%|███████▊  | 2329/3000 [10:23<02:59,  3.74it/s]Testing DataLoader 0:  78%|███████▊  | 2330/3000 [10:23<02:59,  3.74it/s]Testing DataLoader 0:  78%|███████▊  | 2331/3000 [10:24<02:59,  3.74it/s]Testing DataLoader 0:  78%|███████▊  | 2332/3000 [10:24<02:58,  3.74it/s]Testing DataLoader 0:  78%|███████▊  | 2333/3000 [10:24<02:58,  3.74it/s]Testing DataLoader 0:  78%|███████▊  | 2334/3000 [10:24<02:58,  3.74it/s]Testing DataLoader 0:  78%|███████▊  | 2335/3000 [10:25<02:58,  3.74it/s]Testing DataLoader 0:  78%|███████▊  | 2336/3000 [10:25<02:57,  3.74it/s]Testing DataLoader 0:  78%|███████▊  | 2337/3000 [10:25<02:57,  3.74it/s]Testing DataLoader 0:  78%|███████▊  | 2338/3000 [10:25<02:57,  3.74it/s]Testing DataLoader 0:  78%|███████▊  | 2339/3000 [10:26<02:56,  3.74it/s]Testing DataLoader 0:  78%|███████▊  | 2340/3000 [10:26<02:56,  3.74it/s]Testing DataLoader 0:  78%|███████▊  | 2341/3000 [10:26<02:56,  3.74it/s]Testing DataLoader 0:  78%|███████▊  | 2342/3000 [10:26<02:56,  3.74it/s]Testing DataLoader 0:  78%|███████▊  | 2343/3000 [10:27<02:55,  3.74it/s]Testing DataLoader 0:  78%|███████▊  | 2344/3000 [10:27<02:55,  3.74it/s]Testing DataLoader 0:  78%|███████▊  | 2345/3000 [10:27<02:55,  3.74it/s]Testing DataLoader 0:  78%|███████▊  | 2346/3000 [10:28<02:55,  3.74it/s]Testing DataLoader 0:  78%|███████▊  | 2347/3000 [10:28<02:54,  3.74it/s]Testing DataLoader 0:  78%|███████▊  | 2348/3000 [10:28<02:54,  3.74it/s]Testing DataLoader 0:  78%|███████▊  | 2349/3000 [10:28<02:54,  3.74it/s]Testing DataLoader 0:  78%|███████▊  | 2350/3000 [10:29<02:54,  3.74it/s]Testing DataLoader 0:  78%|███████▊  | 2351/3000 [10:29<02:53,  3.74it/s]Testing DataLoader 0:  78%|███████▊  | 2352/3000 [10:29<02:53,  3.74it/s]Testing DataLoader 0:  78%|███████▊  | 2353/3000 [10:29<02:53,  3.74it/s]Testing DataLoader 0:  78%|███████▊  | 2354/3000 [10:30<02:52,  3.74it/s]Testing DataLoader 0:  78%|███████▊  | 2355/3000 [10:30<02:52,  3.74it/s]Testing DataLoader 0:  79%|███████▊  | 2356/3000 [10:30<02:52,  3.74it/s]Testing DataLoader 0:  79%|███████▊  | 2357/3000 [10:30<02:52,  3.74it/s]Testing DataLoader 0:  79%|███████▊  | 2358/3000 [10:31<02:51,  3.74it/s]Testing DataLoader 0:  79%|███████▊  | 2359/3000 [10:31<02:51,  3.74it/s]Testing DataLoader 0:  79%|███████▊  | 2360/3000 [10:31<02:51,  3.74it/s]Testing DataLoader 0:  79%|███████▊  | 2361/3000 [10:32<02:51,  3.74it/s]Testing DataLoader 0:  79%|███████▊  | 2362/3000 [10:32<02:50,  3.74it/s]Testing DataLoader 0:  79%|███████▉  | 2363/3000 [10:32<02:50,  3.74it/s]Testing DataLoader 0:  79%|███████▉  | 2364/3000 [10:32<02:50,  3.74it/s]Testing DataLoader 0:  79%|███████▉  | 2365/3000 [10:33<02:49,  3.74it/s]Testing DataLoader 0:  79%|███████▉  | 2366/3000 [10:33<02:49,  3.74it/s]Testing DataLoader 0:  79%|███████▉  | 2367/3000 [10:33<02:49,  3.74it/s]Testing DataLoader 0:  79%|███████▉  | 2368/3000 [10:33<02:49,  3.74it/s]Testing DataLoader 0:  79%|███████▉  | 2369/3000 [10:34<02:48,  3.74it/s]Testing DataLoader 0:  79%|███████▉  | 2370/3000 [10:34<02:48,  3.74it/s]Testing DataLoader 0:  79%|███████▉  | 2371/3000 [10:34<02:48,  3.74it/s]Testing DataLoader 0:  79%|███████▉  | 2372/3000 [10:34<02:48,  3.74it/s]Testing DataLoader 0:  79%|███████▉  | 2373/3000 [10:35<02:47,  3.74it/s]Testing DataLoader 0:  79%|███████▉  | 2374/3000 [10:35<02:47,  3.74it/s]Testing DataLoader 0:  79%|███████▉  | 2375/3000 [10:35<02:47,  3.74it/s]Testing DataLoader 0:  79%|███████▉  | 2376/3000 [10:36<02:47,  3.74it/s]Testing DataLoader 0:  79%|███████▉  | 2377/3000 [10:36<02:46,  3.74it/s]Testing DataLoader 0:  79%|███████▉  | 2378/3000 [10:36<02:46,  3.74it/s]Testing DataLoader 0:  79%|███████▉  | 2379/3000 [10:36<02:46,  3.74it/s]Testing DataLoader 0:  79%|███████▉  | 2380/3000 [10:37<02:45,  3.74it/s]Testing DataLoader 0:  79%|███████▉  | 2381/3000 [10:37<02:45,  3.74it/s]Testing DataLoader 0:  79%|███████▉  | 2382/3000 [10:37<02:45,  3.74it/s]Testing DataLoader 0:  79%|███████▉  | 2383/3000 [10:37<02:45,  3.74it/s]Testing DataLoader 0:  79%|███████▉  | 2384/3000 [10:38<02:44,  3.74it/s]Testing DataLoader 0:  80%|███████▉  | 2385/3000 [10:38<02:44,  3.74it/s]Testing DataLoader 0:  80%|███████▉  | 2386/3000 [10:38<02:44,  3.74it/s]Testing DataLoader 0:  80%|███████▉  | 2387/3000 [10:38<02:44,  3.74it/s]Testing DataLoader 0:  80%|███████▉  | 2388/3000 [10:39<02:43,  3.74it/s]Testing DataLoader 0:  80%|███████▉  | 2389/3000 [10:39<02:43,  3.74it/s]Testing DataLoader 0:  80%|███████▉  | 2390/3000 [10:39<02:43,  3.74it/s]Testing DataLoader 0:  80%|███████▉  | 2391/3000 [10:40<02:43,  3.74it/s]Testing DataLoader 0:  80%|███████▉  | 2392/3000 [10:40<02:42,  3.74it/s]Testing DataLoader 0:  80%|███████▉  | 2393/3000 [10:40<02:42,  3.74it/s]Testing DataLoader 0:  80%|███████▉  | 2394/3000 [10:40<02:42,  3.74it/s]Testing DataLoader 0:  80%|███████▉  | 2395/3000 [10:41<02:41,  3.74it/s]Testing DataLoader 0:  80%|███████▉  | 2396/3000 [10:41<02:41,  3.74it/s]Testing DataLoader 0:  80%|███████▉  | 2397/3000 [10:41<02:41,  3.74it/s]Testing DataLoader 0:  80%|███████▉  | 2398/3000 [10:41<02:41,  3.74it/s]Testing DataLoader 0:  80%|███████▉  | 2399/3000 [10:42<02:40,  3.74it/s]Testing DataLoader 0:  80%|████████  | 2400/3000 [10:42<02:40,  3.74it/s]Testing DataLoader 0:  80%|████████  | 2401/3000 [10:42<02:40,  3.74it/s]Testing DataLoader 0:  80%|████████  | 2402/3000 [10:42<02:40,  3.74it/s]Testing DataLoader 0:  80%|████████  | 2403/3000 [10:43<02:39,  3.74it/s]Testing DataLoader 0:  80%|████████  | 2404/3000 [10:43<02:39,  3.74it/s]Testing DataLoader 0:  80%|████████  | 2405/3000 [10:43<02:39,  3.74it/s]Testing DataLoader 0:  80%|████████  | 2406/3000 [10:44<02:38,  3.74it/s]Testing DataLoader 0:  80%|████████  | 2407/3000 [10:44<02:38,  3.74it/s]Testing DataLoader 0:  80%|████████  | 2408/3000 [10:44<02:38,  3.74it/s]Testing DataLoader 0:  80%|████████  | 2409/3000 [10:44<02:38,  3.74it/s]Testing DataLoader 0:  80%|████████  | 2410/3000 [10:45<02:37,  3.74it/s]Testing DataLoader 0:  80%|████████  | 2411/3000 [10:45<02:37,  3.74it/s]Testing DataLoader 0:  80%|████████  | 2412/3000 [10:45<02:37,  3.74it/s]Testing DataLoader 0:  80%|████████  | 2413/3000 [10:45<02:37,  3.74it/s]Testing DataLoader 0:  80%|████████  | 2414/3000 [10:46<02:36,  3.74it/s]Testing DataLoader 0:  80%|████████  | 2415/3000 [10:46<02:36,  3.74it/s]Testing DataLoader 0:  81%|████████  | 2416/3000 [10:46<02:36,  3.74it/s]Testing DataLoader 0:  81%|████████  | 2417/3000 [10:46<02:36,  3.74it/s]Testing DataLoader 0:  81%|████████  | 2418/3000 [10:47<02:35,  3.74it/s]Testing DataLoader 0:  81%|████████  | 2419/3000 [10:47<02:35,  3.74it/s]Testing DataLoader 0:  81%|████████  | 2420/3000 [10:47<02:35,  3.74it/s]Testing DataLoader 0:  81%|████████  | 2421/3000 [10:48<02:34,  3.74it/s]Testing DataLoader 0:  81%|████████  | 2422/3000 [10:48<02:34,  3.74it/s]Testing DataLoader 0:  81%|████████  | 2423/3000 [10:48<02:34,  3.74it/s]Testing DataLoader 0:  81%|████████  | 2424/3000 [10:48<02:34,  3.74it/s]Testing DataLoader 0:  81%|████████  | 2425/3000 [10:49<02:33,  3.74it/s]Testing DataLoader 0:  81%|████████  | 2426/3000 [10:49<02:33,  3.74it/s]Testing DataLoader 0:  81%|████████  | 2427/3000 [10:49<02:33,  3.74it/s]Testing DataLoader 0:  81%|████████  | 2428/3000 [10:49<02:33,  3.74it/s]Testing DataLoader 0:  81%|████████  | 2429/3000 [10:50<02:32,  3.74it/s]Testing DataLoader 0:  81%|████████  | 2430/3000 [10:50<02:32,  3.74it/s]Testing DataLoader 0:  81%|████████  | 2431/3000 [10:50<02:32,  3.74it/s]Testing DataLoader 0:  81%|████████  | 2432/3000 [10:50<02:32,  3.74it/s]Testing DataLoader 0:  81%|████████  | 2433/3000 [10:51<02:31,  3.74it/s]Testing DataLoader 0:  81%|████████  | 2434/3000 [10:51<02:31,  3.74it/s]Testing DataLoader 0:  81%|████████  | 2435/3000 [10:51<02:31,  3.74it/s]Testing DataLoader 0:  81%|████████  | 2436/3000 [10:52<02:30,  3.74it/s]Testing DataLoader 0:  81%|████████  | 2437/3000 [10:52<02:30,  3.74it/s]Testing DataLoader 0:  81%|████████▏ | 2438/3000 [10:52<02:30,  3.74it/s]Testing DataLoader 0:  81%|████████▏ | 2439/3000 [10:52<02:30,  3.74it/s]Testing DataLoader 0:  81%|████████▏ | 2440/3000 [10:53<02:29,  3.74it/s]Testing DataLoader 0:  81%|████████▏ | 2441/3000 [10:53<02:29,  3.74it/s]Testing DataLoader 0:  81%|████████▏ | 2442/3000 [10:53<02:29,  3.74it/s]Testing DataLoader 0:  81%|████████▏ | 2443/3000 [10:53<02:29,  3.74it/s]Testing DataLoader 0:  81%|████████▏ | 2444/3000 [10:54<02:28,  3.74it/s]Testing DataLoader 0:  82%|████████▏ | 2445/3000 [10:54<02:28,  3.74it/s]Testing DataLoader 0:  82%|████████▏ | 2446/3000 [10:54<02:28,  3.74it/s]Testing DataLoader 0:  82%|████████▏ | 2447/3000 [10:54<02:28,  3.74it/s]Testing DataLoader 0:  82%|████████▏ | 2448/3000 [10:55<02:27,  3.74it/s]Testing DataLoader 0:  82%|████████▏ | 2449/3000 [10:55<02:27,  3.74it/s]Testing DataLoader 0:  82%|████████▏ | 2450/3000 [10:55<02:27,  3.74it/s]Testing DataLoader 0:  82%|████████▏ | 2451/3000 [10:56<02:26,  3.74it/s]Testing DataLoader 0:  82%|████████▏ | 2452/3000 [10:56<02:26,  3.74it/s]Testing DataLoader 0:  82%|████████▏ | 2453/3000 [10:56<02:26,  3.74it/s]Testing DataLoader 0:  82%|████████▏ | 2454/3000 [10:56<02:26,  3.74it/s]Testing DataLoader 0:  82%|████████▏ | 2455/3000 [10:57<02:25,  3.74it/s]Testing DataLoader 0:  82%|████████▏ | 2456/3000 [10:57<02:25,  3.74it/s]Testing DataLoader 0:  82%|████████▏ | 2457/3000 [10:57<02:25,  3.74it/s]Testing DataLoader 0:  82%|████████▏ | 2458/3000 [10:57<02:25,  3.74it/s]Testing DataLoader 0:  82%|████████▏ | 2459/3000 [10:58<02:24,  3.74it/s]Testing DataLoader 0:  82%|████████▏ | 2460/3000 [10:58<02:24,  3.74it/s]Testing DataLoader 0:  82%|████████▏ | 2461/3000 [10:58<02:24,  3.74it/s]Testing DataLoader 0:  82%|████████▏ | 2462/3000 [10:58<02:23,  3.74it/s]Testing DataLoader 0:  82%|████████▏ | 2463/3000 [10:59<02:23,  3.74it/s]Testing DataLoader 0:  82%|████████▏ | 2464/3000 [10:59<02:23,  3.74it/s]Testing DataLoader 0:  82%|████████▏ | 2465/3000 [10:59<02:23,  3.74it/s]Testing DataLoader 0:  82%|████████▏ | 2466/3000 [11:00<02:22,  3.74it/s]Testing DataLoader 0:  82%|████████▏ | 2467/3000 [11:00<02:22,  3.74it/s]Testing DataLoader 0:  82%|████████▏ | 2468/3000 [11:00<02:22,  3.74it/s]Testing DataLoader 0:  82%|████████▏ | 2469/3000 [11:00<02:22,  3.74it/s]Testing DataLoader 0:  82%|████████▏ | 2470/3000 [11:01<02:21,  3.74it/s]Testing DataLoader 0:  82%|████████▏ | 2471/3000 [11:01<02:21,  3.74it/s]Testing DataLoader 0:  82%|████████▏ | 2472/3000 [11:01<02:21,  3.74it/s]Testing DataLoader 0:  82%|████████▏ | 2473/3000 [11:01<02:21,  3.74it/s]Testing DataLoader 0:  82%|████████▏ | 2474/3000 [11:02<02:20,  3.74it/s]Testing DataLoader 0:  82%|████████▎ | 2475/3000 [11:02<02:20,  3.74it/s]Testing DataLoader 0:  83%|████████▎ | 2476/3000 [11:02<02:20,  3.74it/s]Testing DataLoader 0:  83%|████████▎ | 2477/3000 [11:02<02:19,  3.74it/s]Testing DataLoader 0:  83%|████████▎ | 2478/3000 [11:03<02:19,  3.74it/s]Testing DataLoader 0:  83%|████████▎ | 2479/3000 [11:03<02:19,  3.74it/s]Testing DataLoader 0:  83%|████████▎ | 2480/3000 [11:03<02:19,  3.74it/s]Testing DataLoader 0:  83%|████████▎ | 2481/3000 [11:03<02:18,  3.74it/s]Testing DataLoader 0:  83%|████████▎ | 2482/3000 [11:04<02:18,  3.74it/s]Testing DataLoader 0:  83%|████████▎ | 2483/3000 [11:04<02:18,  3.74it/s]Testing DataLoader 0:  83%|████████▎ | 2484/3000 [11:04<02:18,  3.74it/s]Testing DataLoader 0:  83%|████████▎ | 2485/3000 [11:05<02:17,  3.74it/s]Testing DataLoader 0:  83%|████████▎ | 2486/3000 [11:05<02:17,  3.74it/s]Testing DataLoader 0:  83%|████████▎ | 2487/3000 [11:05<02:17,  3.74it/s]Testing DataLoader 0:  83%|████████▎ | 2488/3000 [11:05<02:17,  3.74it/s]Testing DataLoader 0:  83%|████████▎ | 2489/3000 [11:06<02:16,  3.74it/s]Testing DataLoader 0:  83%|████████▎ | 2490/3000 [11:06<02:16,  3.74it/s]Testing DataLoader 0:  83%|████████▎ | 2491/3000 [11:06<02:16,  3.74it/s]Testing DataLoader 0:  83%|████████▎ | 2492/3000 [11:06<02:15,  3.74it/s]Testing DataLoader 0:  83%|████████▎ | 2493/3000 [11:07<02:15,  3.74it/s]Testing DataLoader 0:  83%|████████▎ | 2494/3000 [11:07<02:15,  3.74it/s]Testing DataLoader 0:  83%|████████▎ | 2495/3000 [11:07<02:15,  3.74it/s]Testing DataLoader 0:  83%|████████▎ | 2496/3000 [11:07<02:14,  3.74it/s]Testing DataLoader 0:  83%|████████▎ | 2497/3000 [11:08<02:14,  3.74it/s]Testing DataLoader 0:  83%|████████▎ | 2498/3000 [11:08<02:14,  3.74it/s]Testing DataLoader 0:  83%|████████▎ | 2499/3000 [11:08<02:14,  3.74it/s]Testing DataLoader 0:  83%|████████▎ | 2500/3000 [11:09<02:13,  3.74it/s]Testing DataLoader 0:  83%|████████▎ | 2501/3000 [11:09<02:13,  3.74it/s]Testing DataLoader 0:  83%|████████▎ | 2502/3000 [11:09<02:13,  3.74it/s]Testing DataLoader 0:  83%|████████▎ | 2503/3000 [11:09<02:13,  3.74it/s]Testing DataLoader 0:  83%|████████▎ | 2504/3000 [11:10<02:12,  3.74it/s]Testing DataLoader 0:  84%|████████▎ | 2505/3000 [11:10<02:12,  3.74it/s]Testing DataLoader 0:  84%|████████▎ | 2506/3000 [11:10<02:12,  3.74it/s]Testing DataLoader 0:  84%|████████▎ | 2507/3000 [11:10<02:11,  3.74it/s]Testing DataLoader 0:  84%|████████▎ | 2508/3000 [11:11<02:11,  3.74it/s]Testing DataLoader 0:  84%|████████▎ | 2509/3000 [11:11<02:11,  3.74it/s]Testing DataLoader 0:  84%|████████▎ | 2510/3000 [11:11<02:11,  3.74it/s]Testing DataLoader 0:  84%|████████▎ | 2511/3000 [11:11<02:10,  3.74it/s]Testing DataLoader 0:  84%|████████▎ | 2512/3000 [11:12<02:10,  3.74it/s]Testing DataLoader 0:  84%|████████▍ | 2513/3000 [11:12<02:10,  3.74it/s]Testing DataLoader 0:  84%|████████▍ | 2514/3000 [11:12<02:10,  3.74it/s]Testing DataLoader 0:  84%|████████▍ | 2515/3000 [11:13<02:09,  3.74it/s]Testing DataLoader 0:  84%|████████▍ | 2516/3000 [11:13<02:09,  3.74it/s]Testing DataLoader 0:  84%|████████▍ | 2517/3000 [11:13<02:09,  3.74it/s]Testing DataLoader 0:  84%|████████▍ | 2518/3000 [11:13<02:08,  3.74it/s]Testing DataLoader 0:  84%|████████▍ | 2519/3000 [11:14<02:08,  3.74it/s]Testing DataLoader 0:  84%|████████▍ | 2520/3000 [11:14<02:08,  3.74it/s]Testing DataLoader 0:  84%|████████▍ | 2521/3000 [11:14<02:08,  3.74it/s]Testing DataLoader 0:  84%|████████▍ | 2522/3000 [11:14<02:07,  3.74it/s]Testing DataLoader 0:  84%|████████▍ | 2523/3000 [11:15<02:07,  3.74it/s]Testing DataLoader 0:  84%|████████▍ | 2524/3000 [11:15<02:07,  3.74it/s]Testing DataLoader 0:  84%|████████▍ | 2525/3000 [11:15<02:07,  3.74it/s]Testing DataLoader 0:  84%|████████▍ | 2526/3000 [11:15<02:06,  3.74it/s]Testing DataLoader 0:  84%|████████▍ | 2527/3000 [11:16<02:06,  3.74it/s]Testing DataLoader 0:  84%|████████▍ | 2528/3000 [11:16<02:06,  3.74it/s]Testing DataLoader 0:  84%|████████▍ | 2529/3000 [11:16<02:06,  3.74it/s]Testing DataLoader 0:  84%|████████▍ | 2530/3000 [11:17<02:05,  3.74it/s]Testing DataLoader 0:  84%|████████▍ | 2531/3000 [11:17<02:05,  3.74it/s]Testing DataLoader 0:  84%|████████▍ | 2532/3000 [11:17<02:05,  3.74it/s]Testing DataLoader 0:  84%|████████▍ | 2533/3000 [11:17<02:04,  3.74it/s]Testing DataLoader 0:  84%|████████▍ | 2534/3000 [11:18<02:04,  3.74it/s]Testing DataLoader 0:  84%|████████▍ | 2535/3000 [11:18<02:04,  3.74it/s]Testing DataLoader 0:  85%|████████▍ | 2536/3000 [11:18<02:04,  3.74it/s]Testing DataLoader 0:  85%|████████▍ | 2537/3000 [11:18<02:03,  3.74it/s]Testing DataLoader 0:  85%|████████▍ | 2538/3000 [11:19<02:03,  3.74it/s]Testing DataLoader 0:  85%|████████▍ | 2539/3000 [11:19<02:03,  3.74it/s]Testing DataLoader 0:  85%|████████▍ | 2540/3000 [11:19<02:03,  3.74it/s]Testing DataLoader 0:  85%|████████▍ | 2541/3000 [11:19<02:02,  3.74it/s]Testing DataLoader 0:  85%|████████▍ | 2542/3000 [11:20<02:02,  3.74it/s]Testing DataLoader 0:  85%|████████▍ | 2543/3000 [11:20<02:02,  3.74it/s]Testing DataLoader 0:  85%|████████▍ | 2544/3000 [11:20<02:02,  3.74it/s]Testing DataLoader 0:  85%|████████▍ | 2545/3000 [11:21<02:01,  3.74it/s]Testing DataLoader 0:  85%|████████▍ | 2546/3000 [11:21<02:01,  3.74it/s]Testing DataLoader 0:  85%|████████▍ | 2547/3000 [11:21<02:01,  3.74it/s]Testing DataLoader 0:  85%|████████▍ | 2548/3000 [11:21<02:00,  3.74it/s]Testing DataLoader 0:  85%|████████▍ | 2549/3000 [11:22<02:00,  3.74it/s]Testing DataLoader 0:  85%|████████▌ | 2550/3000 [11:22<02:00,  3.74it/s]Testing DataLoader 0:  85%|████████▌ | 2551/3000 [11:22<02:00,  3.74it/s]Testing DataLoader 0:  85%|████████▌ | 2552/3000 [11:22<01:59,  3.74it/s]Testing DataLoader 0:  85%|████████▌ | 2553/3000 [11:23<01:59,  3.74it/s]Testing DataLoader 0:  85%|████████▌ | 2554/3000 [11:23<01:59,  3.74it/s]Testing DataLoader 0:  85%|████████▌ | 2555/3000 [11:23<01:59,  3.74it/s]Testing DataLoader 0:  85%|████████▌ | 2556/3000 [11:23<01:58,  3.74it/s]Testing DataLoader 0:  85%|████████▌ | 2557/3000 [11:24<01:58,  3.74it/s]Testing DataLoader 0:  85%|████████▌ | 2558/3000 [11:24<01:58,  3.74it/s]Testing DataLoader 0:  85%|████████▌ | 2559/3000 [11:24<01:58,  3.74it/s]Testing DataLoader 0:  85%|████████▌ | 2560/3000 [11:25<01:57,  3.74it/s]Testing DataLoader 0:  85%|████████▌ | 2561/3000 [11:25<01:57,  3.74it/s]Testing DataLoader 0:  85%|████████▌ | 2562/3000 [11:25<01:57,  3.74it/s]Testing DataLoader 0:  85%|████████▌ | 2563/3000 [11:25<01:56,  3.74it/s]Testing DataLoader 0:  85%|████████▌ | 2564/3000 [11:26<01:56,  3.74it/s]Testing DataLoader 0:  86%|████████▌ | 2565/3000 [11:26<01:56,  3.74it/s]Testing DataLoader 0:  86%|████████▌ | 2566/3000 [11:26<01:56,  3.74it/s]Testing DataLoader 0:  86%|████████▌ | 2567/3000 [11:26<01:55,  3.74it/s]Testing DataLoader 0:  86%|████████▌ | 2568/3000 [11:27<01:55,  3.74it/s]Testing DataLoader 0:  86%|████████▌ | 2569/3000 [11:27<01:55,  3.74it/s]Testing DataLoader 0:  86%|████████▌ | 2570/3000 [11:27<01:55,  3.74it/s]Testing DataLoader 0:  86%|████████▌ | 2571/3000 [11:27<01:54,  3.74it/s]Testing DataLoader 0:  86%|████████▌ | 2572/3000 [11:28<01:54,  3.74it/s]Testing DataLoader 0:  86%|████████▌ | 2573/3000 [11:28<01:54,  3.74it/s]Testing DataLoader 0:  86%|████████▌ | 2574/3000 [11:28<01:53,  3.74it/s]Testing DataLoader 0:  86%|████████▌ | 2575/3000 [11:29<01:53,  3.74it/s]Testing DataLoader 0:  86%|████████▌ | 2576/3000 [11:29<01:53,  3.74it/s]Testing DataLoader 0:  86%|████████▌ | 2577/3000 [11:29<01:53,  3.74it/s]Testing DataLoader 0:  86%|████████▌ | 2578/3000 [11:29<01:52,  3.74it/s]Testing DataLoader 0:  86%|████████▌ | 2579/3000 [11:30<01:52,  3.74it/s]Testing DataLoader 0:  86%|████████▌ | 2580/3000 [11:30<01:52,  3.74it/s]Testing DataLoader 0:  86%|████████▌ | 2581/3000 [11:30<01:52,  3.74it/s]Testing DataLoader 0:  86%|████████▌ | 2582/3000 [11:30<01:51,  3.74it/s]Testing DataLoader 0:  86%|████████▌ | 2583/3000 [11:31<01:51,  3.74it/s]Testing DataLoader 0:  86%|████████▌ | 2584/3000 [11:31<01:51,  3.74it/s]Testing DataLoader 0:  86%|████████▌ | 2585/3000 [11:31<01:51,  3.74it/s]Testing DataLoader 0:  86%|████████▌ | 2586/3000 [11:31<01:50,  3.74it/s]Testing DataLoader 0:  86%|████████▌ | 2587/3000 [11:32<01:50,  3.74it/s]Testing DataLoader 0:  86%|████████▋ | 2588/3000 [11:32<01:50,  3.74it/s]Testing DataLoader 0:  86%|████████▋ | 2589/3000 [11:32<01:49,  3.74it/s]Testing DataLoader 0:  86%|████████▋ | 2590/3000 [11:33<01:49,  3.74it/s]Testing DataLoader 0:  86%|████████▋ | 2591/3000 [11:33<01:49,  3.74it/s]Testing DataLoader 0:  86%|████████▋ | 2592/3000 [11:33<01:49,  3.74it/s]Testing DataLoader 0:  86%|████████▋ | 2593/3000 [11:33<01:48,  3.74it/s]Testing DataLoader 0:  86%|████████▋ | 2594/3000 [11:34<01:48,  3.74it/s]Testing DataLoader 0:  86%|████████▋ | 2595/3000 [11:34<01:48,  3.74it/s]Testing DataLoader 0:  87%|████████▋ | 2596/3000 [11:34<01:48,  3.74it/s]Testing DataLoader 0:  87%|████████▋ | 2597/3000 [11:34<01:47,  3.74it/s]Testing DataLoader 0:  87%|████████▋ | 2598/3000 [11:35<01:47,  3.74it/s]Testing DataLoader 0:  87%|████████▋ | 2599/3000 [11:35<01:47,  3.74it/s]Testing DataLoader 0:  87%|████████▋ | 2600/3000 [11:35<01:47,  3.74it/s]Testing DataLoader 0:  87%|████████▋ | 2601/3000 [11:35<01:46,  3.74it/s]Testing DataLoader 0:  87%|████████▋ | 2602/3000 [11:36<01:46,  3.74it/s]Testing DataLoader 0:  87%|████████▋ | 2603/3000 [11:36<01:46,  3.74it/s]Testing DataLoader 0:  87%|████████▋ | 2604/3000 [11:36<01:45,  3.74it/s]Testing DataLoader 0:  87%|████████▋ | 2605/3000 [11:37<01:45,  3.74it/s]Testing DataLoader 0:  87%|████████▋ | 2606/3000 [11:37<01:45,  3.74it/s]Testing DataLoader 0:  87%|████████▋ | 2607/3000 [11:37<01:45,  3.74it/s]Testing DataLoader 0:  87%|████████▋ | 2608/3000 [11:37<01:44,  3.74it/s]Testing DataLoader 0:  87%|████████▋ | 2609/3000 [11:38<01:44,  3.74it/s]Testing DataLoader 0:  87%|████████▋ | 2610/3000 [11:38<01:44,  3.74it/s]Testing DataLoader 0:  87%|████████▋ | 2611/3000 [11:38<01:44,  3.74it/s]Testing DataLoader 0:  87%|████████▋ | 2612/3000 [11:38<01:43,  3.74it/s]Testing DataLoader 0:  87%|████████▋ | 2613/3000 [11:39<01:43,  3.74it/s]Testing DataLoader 0:  87%|████████▋ | 2614/3000 [11:39<01:43,  3.74it/s]Testing DataLoader 0:  87%|████████▋ | 2615/3000 [11:39<01:43,  3.74it/s]Testing DataLoader 0:  87%|████████▋ | 2616/3000 [11:39<01:42,  3.74it/s]Testing DataLoader 0:  87%|████████▋ | 2617/3000 [11:40<01:42,  3.74it/s]Testing DataLoader 0:  87%|████████▋ | 2618/3000 [11:40<01:42,  3.74it/s]Testing DataLoader 0:  87%|████████▋ | 2619/3000 [11:40<01:41,  3.74it/s]Testing DataLoader 0:  87%|████████▋ | 2620/3000 [11:41<01:41,  3.74it/s]Testing DataLoader 0:  87%|████████▋ | 2621/3000 [11:41<01:41,  3.74it/s]Testing DataLoader 0:  87%|████████▋ | 2622/3000 [11:41<01:41,  3.74it/s]Testing DataLoader 0:  87%|████████▋ | 2623/3000 [11:41<01:40,  3.74it/s]Testing DataLoader 0:  87%|████████▋ | 2624/3000 [11:42<01:40,  3.74it/s]Testing DataLoader 0:  88%|████████▊ | 2625/3000 [11:42<01:40,  3.74it/s]Testing DataLoader 0:  88%|████████▊ | 2626/3000 [11:42<01:40,  3.74it/s]Testing DataLoader 0:  88%|████████▊ | 2627/3000 [11:42<01:39,  3.74it/s]Testing DataLoader 0:  88%|████████▊ | 2628/3000 [11:43<01:39,  3.74it/s]Testing DataLoader 0:  88%|████████▊ | 2629/3000 [11:43<01:39,  3.74it/s]Testing DataLoader 0:  88%|████████▊ | 2630/3000 [11:43<01:38,  3.74it/s]Testing DataLoader 0:  88%|████████▊ | 2631/3000 [11:43<01:38,  3.74it/s]Testing DataLoader 0:  88%|████████▊ | 2632/3000 [11:44<01:38,  3.74it/s]Testing DataLoader 0:  88%|████████▊ | 2633/3000 [11:44<01:38,  3.74it/s]Testing DataLoader 0:  88%|████████▊ | 2634/3000 [11:44<01:37,  3.74it/s]Testing DataLoader 0:  88%|████████▊ | 2635/3000 [11:44<01:37,  3.74it/s]Testing DataLoader 0:  88%|████████▊ | 2636/3000 [11:45<01:37,  3.74it/s]Testing DataLoader 0:  88%|████████▊ | 2637/3000 [11:45<01:37,  3.74it/s]Testing DataLoader 0:  88%|████████▊ | 2638/3000 [11:45<01:36,  3.74it/s]Testing DataLoader 0:  88%|████████▊ | 2639/3000 [11:46<01:36,  3.74it/s]Testing DataLoader 0:  88%|████████▊ | 2640/3000 [11:46<01:36,  3.74it/s]Testing DataLoader 0:  88%|████████▊ | 2641/3000 [11:46<01:36,  3.74it/s]Testing DataLoader 0:  88%|████████▊ | 2642/3000 [11:46<01:35,  3.74it/s]Testing DataLoader 0:  88%|████████▊ | 2643/3000 [11:47<01:35,  3.74it/s]Testing DataLoader 0:  88%|████████▊ | 2644/3000 [11:47<01:35,  3.74it/s]Testing DataLoader 0:  88%|████████▊ | 2645/3000 [11:47<01:34,  3.74it/s]Testing DataLoader 0:  88%|████████▊ | 2646/3000 [11:47<01:34,  3.74it/s]Testing DataLoader 0:  88%|████████▊ | 2647/3000 [11:48<01:34,  3.74it/s]Testing DataLoader 0:  88%|████████▊ | 2648/3000 [11:48<01:34,  3.74it/s]Testing DataLoader 0:  88%|████████▊ | 2649/3000 [11:48<01:33,  3.74it/s]Testing DataLoader 0:  88%|████████▊ | 2650/3000 [11:48<01:33,  3.74it/s]Testing DataLoader 0:  88%|████████▊ | 2651/3000 [11:49<01:33,  3.74it/s]Testing DataLoader 0:  88%|████████▊ | 2652/3000 [11:49<01:33,  3.74it/s]Testing DataLoader 0:  88%|████████▊ | 2653/3000 [11:49<01:32,  3.74it/s]Testing DataLoader 0:  88%|████████▊ | 2654/3000 [11:50<01:32,  3.74it/s]Testing DataLoader 0:  88%|████████▊ | 2655/3000 [11:50<01:32,  3.74it/s]Testing DataLoader 0:  89%|████████▊ | 2656/3000 [11:50<01:32,  3.74it/s]Testing DataLoader 0:  89%|████████▊ | 2657/3000 [11:50<01:31,  3.74it/s]Testing DataLoader 0:  89%|████████▊ | 2658/3000 [11:51<01:31,  3.74it/s]Testing DataLoader 0:  89%|████████▊ | 2659/3000 [11:51<01:31,  3.74it/s]Testing DataLoader 0:  89%|████████▊ | 2660/3000 [11:51<01:30,  3.74it/s]Testing DataLoader 0:  89%|████████▊ | 2661/3000 [11:51<01:30,  3.74it/s]Testing DataLoader 0:  89%|████████▊ | 2662/3000 [11:52<01:30,  3.74it/s]Testing DataLoader 0:  89%|████████▉ | 2663/3000 [11:52<01:30,  3.74it/s]Testing DataLoader 0:  89%|████████▉ | 2664/3000 [11:52<01:29,  3.74it/s]Testing DataLoader 0:  89%|████████▉ | 2665/3000 [11:52<01:29,  3.74it/s]Testing DataLoader 0:  89%|████████▉ | 2666/3000 [11:53<01:29,  3.74it/s]Testing DataLoader 0:  89%|████████▉ | 2667/3000 [11:53<01:29,  3.74it/s]Testing DataLoader 0:  89%|████████▉ | 2668/3000 [11:53<01:28,  3.74it/s]Testing DataLoader 0:  89%|████████▉ | 2669/3000 [11:54<01:28,  3.74it/s]Testing DataLoader 0:  89%|████████▉ | 2670/3000 [11:54<01:28,  3.74it/s]Testing DataLoader 0:  89%|████████▉ | 2671/3000 [11:54<01:28,  3.74it/s]Testing DataLoader 0:  89%|████████▉ | 2672/3000 [11:54<01:27,  3.74it/s]Testing DataLoader 0:  89%|████████▉ | 2673/3000 [11:55<01:27,  3.74it/s]Testing DataLoader 0:  89%|████████▉ | 2674/3000 [11:55<01:27,  3.74it/s]Testing DataLoader 0:  89%|████████▉ | 2675/3000 [11:55<01:26,  3.74it/s]Testing DataLoader 0:  89%|████████▉ | 2676/3000 [11:55<01:26,  3.74it/s]Testing DataLoader 0:  89%|████████▉ | 2677/3000 [11:56<01:26,  3.74it/s]Testing DataLoader 0:  89%|████████▉ | 2678/3000 [11:56<01:26,  3.74it/s]Testing DataLoader 0:  89%|████████▉ | 2679/3000 [11:56<01:25,  3.74it/s]Testing DataLoader 0:  89%|████████▉ | 2680/3000 [11:56<01:25,  3.74it/s]Testing DataLoader 0:  89%|████████▉ | 2681/3000 [11:57<01:25,  3.74it/s]Testing DataLoader 0:  89%|████████▉ | 2682/3000 [11:57<01:25,  3.74it/s]Testing DataLoader 0:  89%|████████▉ | 2683/3000 [11:57<01:24,  3.74it/s]Testing DataLoader 0:  89%|████████▉ | 2684/3000 [11:58<01:24,  3.74it/s]Testing DataLoader 0:  90%|████████▉ | 2685/3000 [11:58<01:24,  3.74it/s]Testing DataLoader 0:  90%|████████▉ | 2686/3000 [11:58<01:24,  3.74it/s]Testing DataLoader 0:  90%|████████▉ | 2687/3000 [11:58<01:23,  3.74it/s]Testing DataLoader 0:  90%|████████▉ | 2688/3000 [11:59<01:23,  3.74it/s]Testing DataLoader 0:  90%|████████▉ | 2689/3000 [11:59<01:23,  3.74it/s]Testing DataLoader 0:  90%|████████▉ | 2690/3000 [11:59<01:22,  3.74it/s]Testing DataLoader 0:  90%|████████▉ | 2691/3000 [11:59<01:22,  3.74it/s]Testing DataLoader 0:  90%|████████▉ | 2692/3000 [12:00<01:22,  3.74it/s]Testing DataLoader 0:  90%|████████▉ | 2693/3000 [12:00<01:22,  3.74it/s]Testing DataLoader 0:  90%|████████▉ | 2694/3000 [12:00<01:21,  3.74it/s]Testing DataLoader 0:  90%|████████▉ | 2695/3000 [12:00<01:21,  3.74it/s]Testing DataLoader 0:  90%|████████▉ | 2696/3000 [12:01<01:21,  3.74it/s]Testing DataLoader 0:  90%|████████▉ | 2697/3000 [12:01<01:21,  3.74it/s]Testing DataLoader 0:  90%|████████▉ | 2698/3000 [12:01<01:20,  3.74it/s]Testing DataLoader 0:  90%|████████▉ | 2699/3000 [12:02<01:20,  3.74it/s]Testing DataLoader 0:  90%|█████████ | 2700/3000 [12:02<01:20,  3.74it/s]Testing DataLoader 0:  90%|█████████ | 2701/3000 [12:02<01:19,  3.74it/s]Testing DataLoader 0:  90%|█████████ | 2702/3000 [12:02<01:19,  3.74it/s]Testing DataLoader 0:  90%|█████████ | 2703/3000 [12:03<01:19,  3.74it/s]Testing DataLoader 0:  90%|█████████ | 2704/3000 [12:03<01:19,  3.74it/s]Testing DataLoader 0:  90%|█████████ | 2705/3000 [12:03<01:18,  3.74it/s]Testing DataLoader 0:  90%|█████████ | 2706/3000 [12:03<01:18,  3.74it/s]Testing DataLoader 0:  90%|█████████ | 2707/3000 [12:04<01:18,  3.74it/s]Testing DataLoader 0:  90%|█████████ | 2708/3000 [12:04<01:18,  3.74it/s]Testing DataLoader 0:  90%|█████████ | 2709/3000 [12:04<01:17,  3.74it/s]Testing DataLoader 0:  90%|█████████ | 2710/3000 [12:04<01:17,  3.74it/s]Testing DataLoader 0:  90%|█████████ | 2711/3000 [12:05<01:17,  3.74it/s]Testing DataLoader 0:  90%|█████████ | 2712/3000 [12:05<01:17,  3.74it/s]Testing DataLoader 0:  90%|█████████ | 2713/3000 [12:05<01:16,  3.74it/s]Testing DataLoader 0:  90%|█████████ | 2714/3000 [12:06<01:16,  3.74it/s]Testing DataLoader 0:  90%|█████████ | 2715/3000 [12:06<01:16,  3.74it/s]Testing DataLoader 0:  91%|█████████ | 2716/3000 [12:06<01:15,  3.74it/s]Testing DataLoader 0:  91%|█████████ | 2717/3000 [12:06<01:15,  3.74it/s]Testing DataLoader 0:  91%|█████████ | 2718/3000 [12:07<01:15,  3.74it/s]Testing DataLoader 0:  91%|█████████ | 2719/3000 [12:07<01:15,  3.74it/s]Testing DataLoader 0:  91%|█████████ | 2720/3000 [12:07<01:14,  3.74it/s]Testing DataLoader 0:  91%|█████████ | 2721/3000 [12:07<01:14,  3.74it/s]Testing DataLoader 0:  91%|█████████ | 2722/3000 [12:08<01:14,  3.74it/s]Testing DataLoader 0:  91%|█████████ | 2723/3000 [12:08<01:14,  3.74it/s]Testing DataLoader 0:  91%|█████████ | 2724/3000 [12:08<01:13,  3.74it/s]Testing DataLoader 0:  91%|█████████ | 2725/3000 [12:08<01:13,  3.74it/s]Testing DataLoader 0:  91%|█████████ | 2726/3000 [12:09<01:13,  3.74it/s]Testing DataLoader 0:  91%|█████████ | 2727/3000 [12:09<01:13,  3.74it/s]Testing DataLoader 0:  91%|█████████ | 2728/3000 [12:09<01:12,  3.74it/s]Testing DataLoader 0:  91%|█████████ | 2729/3000 [12:10<01:12,  3.74it/s]Testing DataLoader 0:  91%|█████████ | 2730/3000 [12:10<01:12,  3.74it/s]Testing DataLoader 0:  91%|█████████ | 2731/3000 [12:10<01:11,  3.74it/s]Testing DataLoader 0:  91%|█████████ | 2732/3000 [12:10<01:11,  3.74it/s]Testing DataLoader 0:  91%|█████████ | 2733/3000 [12:11<01:11,  3.74it/s]Testing DataLoader 0:  91%|█████████ | 2734/3000 [12:11<01:11,  3.74it/s]Testing DataLoader 0:  91%|█████████ | 2735/3000 [12:11<01:10,  3.74it/s]Testing DataLoader 0:  91%|█████████ | 2736/3000 [12:11<01:10,  3.74it/s]Testing DataLoader 0:  91%|█████████ | 2737/3000 [12:12<01:10,  3.74it/s]Testing DataLoader 0:  91%|█████████▏| 2738/3000 [12:12<01:10,  3.74it/s]Testing DataLoader 0:  91%|█████████▏| 2739/3000 [12:12<01:09,  3.74it/s]Testing DataLoader 0:  91%|█████████▏| 2740/3000 [12:12<01:09,  3.74it/s]Testing DataLoader 0:  91%|█████████▏| 2741/3000 [12:13<01:09,  3.74it/s]Testing DataLoader 0:  91%|█████████▏| 2742/3000 [12:13<01:09,  3.74it/s]Testing DataLoader 0:  91%|█████████▏| 2743/3000 [12:13<01:08,  3.74it/s]Testing DataLoader 0:  91%|█████████▏| 2744/3000 [12:14<01:08,  3.74it/s]Testing DataLoader 0:  92%|█████████▏| 2745/3000 [12:14<01:08,  3.74it/s]Testing DataLoader 0:  92%|█████████▏| 2746/3000 [12:14<01:07,  3.74it/s]Testing DataLoader 0:  92%|█████████▏| 2747/3000 [12:14<01:07,  3.74it/s]Testing DataLoader 0:  92%|█████████▏| 2748/3000 [12:15<01:07,  3.74it/s]Testing DataLoader 0:  92%|█████████▏| 2749/3000 [12:15<01:07,  3.74it/s]Testing DataLoader 0:  92%|█████████▏| 2750/3000 [12:15<01:06,  3.74it/s]Testing DataLoader 0:  92%|█████████▏| 2751/3000 [12:15<01:06,  3.74it/s]Testing DataLoader 0:  92%|█████████▏| 2752/3000 [12:16<01:06,  3.74it/s]Testing DataLoader 0:  92%|█████████▏| 2753/3000 [12:16<01:06,  3.74it/s]Testing DataLoader 0:  92%|█████████▏| 2754/3000 [12:16<01:05,  3.74it/s]Testing DataLoader 0:  92%|█████████▏| 2755/3000 [12:16<01:05,  3.74it/s]Testing DataLoader 0:  92%|█████████▏| 2756/3000 [12:17<01:05,  3.74it/s]Testing DataLoader 0:  92%|█████████▏| 2757/3000 [12:17<01:05,  3.74it/s]Testing DataLoader 0:  92%|█████████▏| 2758/3000 [12:17<01:04,  3.74it/s]Testing DataLoader 0:  92%|█████████▏| 2759/3000 [12:18<01:04,  3.74it/s]Testing DataLoader 0:  92%|█████████▏| 2760/3000 [12:18<01:04,  3.74it/s]Testing DataLoader 0:  92%|█████████▏| 2761/3000 [12:18<01:03,  3.74it/s]Testing DataLoader 0:  92%|█████████▏| 2762/3000 [12:18<01:03,  3.74it/s]Testing DataLoader 0:  92%|█████████▏| 2763/3000 [12:19<01:03,  3.74it/s]Testing DataLoader 0:  92%|█████████▏| 2764/3000 [12:19<01:03,  3.74it/s]Testing DataLoader 0:  92%|█████████▏| 2765/3000 [12:19<01:02,  3.74it/s]Testing DataLoader 0:  92%|█████████▏| 2766/3000 [12:19<01:02,  3.74it/s]Testing DataLoader 0:  92%|█████████▏| 2767/3000 [12:20<01:02,  3.74it/s]Testing DataLoader 0:  92%|█████████▏| 2768/3000 [12:20<01:02,  3.74it/s]Testing DataLoader 0:  92%|█████████▏| 2769/3000 [12:20<01:01,  3.74it/s]Testing DataLoader 0:  92%|█████████▏| 2770/3000 [12:20<01:01,  3.74it/s]Testing DataLoader 0:  92%|█████████▏| 2771/3000 [12:21<01:01,  3.74it/s]Testing DataLoader 0:  92%|█████████▏| 2772/3000 [12:21<01:00,  3.74it/s]Testing DataLoader 0:  92%|█████████▏| 2773/3000 [12:21<01:00,  3.74it/s]Testing DataLoader 0:  92%|█████████▏| 2774/3000 [12:22<01:00,  3.74it/s]Testing DataLoader 0:  92%|█████████▎| 2775/3000 [12:22<01:00,  3.74it/s]Testing DataLoader 0:  93%|█████████▎| 2776/3000 [12:22<00:59,  3.74it/s]Testing DataLoader 0:  93%|█████████▎| 2777/3000 [12:22<00:59,  3.74it/s]Testing DataLoader 0:  93%|█████████▎| 2778/3000 [12:23<00:59,  3.74it/s]Testing DataLoader 0:  93%|█████████▎| 2779/3000 [12:23<00:59,  3.74it/s]Testing DataLoader 0:  93%|█████████▎| 2780/3000 [12:23<00:58,  3.74it/s]Testing DataLoader 0:  93%|█████████▎| 2781/3000 [12:23<00:58,  3.74it/s]Testing DataLoader 0:  93%|█████████▎| 2782/3000 [12:24<00:58,  3.74it/s]Testing DataLoader 0:  93%|█████████▎| 2783/3000 [12:24<00:58,  3.74it/s]Testing DataLoader 0:  93%|█████████▎| 2784/3000 [12:24<00:57,  3.74it/s]Testing DataLoader 0:  93%|█████████▎| 2785/3000 [12:24<00:57,  3.74it/s]Testing DataLoader 0:  93%|█████████▎| 2786/3000 [12:25<00:57,  3.74it/s]Testing DataLoader 0:  93%|█████████▎| 2787/3000 [12:25<00:56,  3.74it/s]Testing DataLoader 0:  93%|█████████▎| 2788/3000 [12:25<00:56,  3.74it/s]Testing DataLoader 0:  93%|█████████▎| 2789/3000 [12:26<00:56,  3.74it/s]Testing DataLoader 0:  93%|█████████▎| 2790/3000 [12:26<00:56,  3.74it/s]Testing DataLoader 0:  93%|█████████▎| 2791/3000 [12:26<00:55,  3.74it/s]Testing DataLoader 0:  93%|█████████▎| 2792/3000 [12:26<00:55,  3.74it/s]Testing DataLoader 0:  93%|█████████▎| 2793/3000 [12:27<00:55,  3.74it/s]Testing DataLoader 0:  93%|█████████▎| 2794/3000 [12:27<00:55,  3.74it/s]Testing DataLoader 0:  93%|█████████▎| 2795/3000 [12:27<00:54,  3.74it/s]Testing DataLoader 0:  93%|█████████▎| 2796/3000 [12:27<00:54,  3.74it/s]Testing DataLoader 0:  93%|█████████▎| 2797/3000 [12:28<00:54,  3.74it/s]Testing DataLoader 0:  93%|█████████▎| 2798/3000 [12:28<00:54,  3.74it/s]Testing DataLoader 0:  93%|█████████▎| 2799/3000 [12:28<00:53,  3.74it/s]Testing DataLoader 0:  93%|█████████▎| 2800/3000 [12:28<00:53,  3.74it/s]Testing DataLoader 0:  93%|█████████▎| 2801/3000 [12:29<00:53,  3.74it/s]Testing DataLoader 0:  93%|█████████▎| 2802/3000 [12:29<00:52,  3.74it/s]Testing DataLoader 0:  93%|█████████▎| 2803/3000 [12:29<00:52,  3.74it/s]Testing DataLoader 0:  93%|█████████▎| 2804/3000 [12:30<00:52,  3.74it/s]Testing DataLoader 0:  94%|█████████▎| 2805/3000 [12:30<00:52,  3.74it/s]Testing DataLoader 0:  94%|█████████▎| 2806/3000 [12:30<00:51,  3.74it/s]Testing DataLoader 0:  94%|█████████▎| 2807/3000 [12:30<00:51,  3.74it/s]Testing DataLoader 0:  94%|█████████▎| 2808/3000 [12:31<00:51,  3.74it/s]Testing DataLoader 0:  94%|█████████▎| 2809/3000 [12:31<00:51,  3.74it/s]Testing DataLoader 0:  94%|█████████▎| 2810/3000 [12:31<00:50,  3.74it/s]Testing DataLoader 0:  94%|█████████▎| 2811/3000 [12:31<00:50,  3.74it/s]Testing DataLoader 0:  94%|█████████▎| 2812/3000 [12:32<00:50,  3.74it/s]Testing DataLoader 0:  94%|█████████▍| 2813/3000 [12:32<00:50,  3.74it/s]Testing DataLoader 0:  94%|█████████▍| 2814/3000 [12:32<00:49,  3.74it/s]Testing DataLoader 0:  94%|█████████▍| 2815/3000 [12:32<00:49,  3.74it/s]Testing DataLoader 0:  94%|█████████▍| 2816/3000 [12:33<00:49,  3.74it/s]Testing DataLoader 0:  94%|█████████▍| 2817/3000 [12:33<00:48,  3.74it/s]Testing DataLoader 0:  94%|█████████▍| 2818/3000 [12:33<00:48,  3.74it/s]Testing DataLoader 0:  94%|█████████▍| 2819/3000 [12:34<00:48,  3.74it/s]Testing DataLoader 0:  94%|█████████▍| 2820/3000 [12:34<00:48,  3.74it/s]Testing DataLoader 0:  94%|█████████▍| 2821/3000 [12:34<00:47,  3.74it/s]Testing DataLoader 0:  94%|█████████▍| 2822/3000 [12:34<00:47,  3.74it/s]Testing DataLoader 0:  94%|█████████▍| 2823/3000 [12:35<00:47,  3.74it/s]Testing DataLoader 0:  94%|█████████▍| 2824/3000 [12:35<00:47,  3.74it/s]Testing DataLoader 0:  94%|█████████▍| 2825/3000 [12:35<00:46,  3.74it/s]Testing DataLoader 0:  94%|█████████▍| 2826/3000 [12:35<00:46,  3.74it/s]Testing DataLoader 0:  94%|█████████▍| 2827/3000 [12:36<00:46,  3.74it/s]Testing DataLoader 0:  94%|█████████▍| 2828/3000 [12:36<00:46,  3.74it/s]Testing DataLoader 0:  94%|█████████▍| 2829/3000 [12:36<00:45,  3.74it/s]Testing DataLoader 0:  94%|█████████▍| 2830/3000 [12:36<00:45,  3.74it/s]Testing DataLoader 0:  94%|█████████▍| 2831/3000 [12:37<00:45,  3.74it/s]Testing DataLoader 0:  94%|█████████▍| 2832/3000 [12:37<00:44,  3.74it/s]Testing DataLoader 0:  94%|█████████▍| 2833/3000 [12:37<00:44,  3.74it/s]Testing DataLoader 0:  94%|█████████▍| 2834/3000 [12:38<00:44,  3.74it/s]Testing DataLoader 0:  94%|█████████▍| 2835/3000 [12:38<00:44,  3.74it/s]Testing DataLoader 0:  95%|█████████▍| 2836/3000 [12:38<00:43,  3.74it/s]Testing DataLoader 0:  95%|█████████▍| 2837/3000 [12:38<00:43,  3.74it/s]Testing DataLoader 0:  95%|█████████▍| 2838/3000 [12:39<00:43,  3.74it/s]Testing DataLoader 0:  95%|█████████▍| 2839/3000 [12:39<00:43,  3.74it/s]Testing DataLoader 0:  95%|█████████▍| 2840/3000 [12:39<00:42,  3.74it/s]Testing DataLoader 0:  95%|█████████▍| 2841/3000 [12:39<00:42,  3.74it/s]Testing DataLoader 0:  95%|█████████▍| 2842/3000 [12:40<00:42,  3.74it/s]Testing DataLoader 0:  95%|█████████▍| 2843/3000 [12:40<00:41,  3.74it/s]Testing DataLoader 0:  95%|█████████▍| 2844/3000 [12:40<00:41,  3.74it/s]Testing DataLoader 0:  95%|█████████▍| 2845/3000 [12:40<00:41,  3.74it/s]Testing DataLoader 0:  95%|█████████▍| 2846/3000 [12:41<00:41,  3.74it/s]Testing DataLoader 0:  95%|█████████▍| 2847/3000 [12:41<00:40,  3.74it/s]Testing DataLoader 0:  95%|█████████▍| 2848/3000 [12:41<00:40,  3.74it/s]Testing DataLoader 0:  95%|█████████▍| 2849/3000 [12:42<00:40,  3.74it/s]Testing DataLoader 0:  95%|█████████▌| 2850/3000 [12:42<00:40,  3.74it/s]Testing DataLoader 0:  95%|█████████▌| 2851/3000 [12:42<00:39,  3.74it/s]Testing DataLoader 0:  95%|█████████▌| 2852/3000 [12:42<00:39,  3.74it/s]Testing DataLoader 0:  95%|█████████▌| 2853/3000 [12:43<00:39,  3.74it/s]Testing DataLoader 0:  95%|█████████▌| 2854/3000 [12:43<00:39,  3.74it/s]Testing DataLoader 0:  95%|█████████▌| 2855/3000 [12:43<00:38,  3.74it/s]Testing DataLoader 0:  95%|█████████▌| 2856/3000 [12:43<00:38,  3.74it/s]Testing DataLoader 0:  95%|█████████▌| 2857/3000 [12:44<00:38,  3.74it/s]Testing DataLoader 0:  95%|█████████▌| 2858/3000 [12:44<00:37,  3.74it/s]Testing DataLoader 0:  95%|█████████▌| 2859/3000 [12:44<00:37,  3.74it/s]Testing DataLoader 0:  95%|█████████▌| 2860/3000 [12:44<00:37,  3.74it/s]Testing DataLoader 0:  95%|█████████▌| 2861/3000 [12:45<00:37,  3.74it/s]Testing DataLoader 0:  95%|█████████▌| 2862/3000 [12:45<00:36,  3.74it/s]Testing DataLoader 0:  95%|█████████▌| 2863/3000 [12:45<00:36,  3.74it/s]Testing DataLoader 0:  95%|█████████▌| 2864/3000 [12:46<00:36,  3.74it/s]Testing DataLoader 0:  96%|█████████▌| 2865/3000 [12:46<00:36,  3.74it/s]Testing DataLoader 0:  96%|█████████▌| 2866/3000 [12:46<00:35,  3.74it/s]Testing DataLoader 0:  96%|█████████▌| 2867/3000 [12:46<00:35,  3.74it/s]Testing DataLoader 0:  96%|█████████▌| 2868/3000 [12:47<00:35,  3.74it/s]Testing DataLoader 0:  96%|█████████▌| 2869/3000 [12:47<00:35,  3.74it/s]Testing DataLoader 0:  96%|█████████▌| 2870/3000 [12:47<00:34,  3.74it/s]Testing DataLoader 0:  96%|█████████▌| 2871/3000 [12:47<00:34,  3.74it/s]Testing DataLoader 0:  96%|█████████▌| 2872/3000 [12:48<00:34,  3.74it/s]Testing DataLoader 0:  96%|█████████▌| 2873/3000 [12:48<00:33,  3.74it/s]Testing DataLoader 0:  96%|█████████▌| 2874/3000 [12:48<00:33,  3.74it/s]Testing DataLoader 0:  96%|█████████▌| 2875/3000 [12:48<00:33,  3.74it/s]Testing DataLoader 0:  96%|█████████▌| 2876/3000 [12:49<00:33,  3.74it/s]Testing DataLoader 0:  96%|█████████▌| 2877/3000 [12:49<00:32,  3.74it/s]Testing DataLoader 0:  96%|█████████▌| 2878/3000 [12:49<00:32,  3.74it/s]Testing DataLoader 0:  96%|█████████▌| 2879/3000 [12:50<00:32,  3.74it/s]Testing DataLoader 0:  96%|█████████▌| 2880/3000 [12:50<00:32,  3.74it/s]Testing DataLoader 0:  96%|█████████▌| 2881/3000 [12:50<00:31,  3.74it/s]Testing DataLoader 0:  96%|█████████▌| 2882/3000 [12:50<00:31,  3.74it/s]Testing DataLoader 0:  96%|█████████▌| 2883/3000 [12:51<00:31,  3.74it/s]Testing DataLoader 0:  96%|█████████▌| 2884/3000 [12:51<00:31,  3.74it/s]Testing DataLoader 0:  96%|█████████▌| 2885/3000 [12:51<00:30,  3.74it/s]Testing DataLoader 0:  96%|█████████▌| 2886/3000 [12:51<00:30,  3.74it/s]Testing DataLoader 0:  96%|█████████▌| 2887/3000 [12:52<00:30,  3.74it/s]Testing DataLoader 0:  96%|█████████▋| 2888/3000 [12:52<00:29,  3.74it/s]Testing DataLoader 0:  96%|█████████▋| 2889/3000 [12:52<00:29,  3.74it/s]Testing DataLoader 0:  96%|█████████▋| 2890/3000 [12:52<00:29,  3.74it/s]Testing DataLoader 0:  96%|█████████▋| 2891/3000 [12:53<00:29,  3.74it/s]Testing DataLoader 0:  96%|█████████▋| 2892/3000 [12:53<00:28,  3.74it/s]Testing DataLoader 0:  96%|█████████▋| 2893/3000 [12:53<00:28,  3.74it/s]Testing DataLoader 0:  96%|█████████▋| 2894/3000 [12:54<00:28,  3.74it/s]Testing DataLoader 0:  96%|█████████▋| 2895/3000 [12:54<00:28,  3.74it/s]Testing DataLoader 0:  97%|█████████▋| 2896/3000 [12:54<00:27,  3.74it/s]Testing DataLoader 0:  97%|█████████▋| 2897/3000 [12:54<00:27,  3.74it/s]Testing DataLoader 0:  97%|█████████▋| 2898/3000 [12:55<00:27,  3.74it/s]Testing DataLoader 0:  97%|█████████▋| 2899/3000 [12:55<00:27,  3.74it/s]Testing DataLoader 0:  97%|█████████▋| 2900/3000 [12:55<00:26,  3.74it/s]Testing DataLoader 0:  97%|█████████▋| 2901/3000 [12:55<00:26,  3.74it/s]Testing DataLoader 0:  97%|█████████▋| 2902/3000 [12:56<00:26,  3.74it/s]Testing DataLoader 0:  97%|█████████▋| 2903/3000 [12:56<00:25,  3.74it/s]Testing DataLoader 0:  97%|█████████▋| 2904/3000 [12:56<00:25,  3.74it/s]Testing DataLoader 0:  97%|█████████▋| 2905/3000 [12:56<00:25,  3.74it/s]Testing DataLoader 0:  97%|█████████▋| 2906/3000 [12:57<00:25,  3.74it/s]Testing DataLoader 0:  97%|█████████▋| 2907/3000 [12:57<00:24,  3.74it/s]Testing DataLoader 0:  97%|█████████▋| 2908/3000 [12:57<00:24,  3.74it/s]Testing DataLoader 0:  97%|█████████▋| 2909/3000 [12:58<00:24,  3.74it/s]Testing DataLoader 0:  97%|█████████▋| 2910/3000 [12:58<00:24,  3.74it/s]Testing DataLoader 0:  97%|█████████▋| 2911/3000 [12:58<00:23,  3.74it/s]Testing DataLoader 0:  97%|█████████▋| 2912/3000 [12:58<00:23,  3.74it/s]Testing DataLoader 0:  97%|█████████▋| 2913/3000 [12:59<00:23,  3.74it/s]Testing DataLoader 0:  97%|█████████▋| 2914/3000 [12:59<00:23,  3.74it/s]Testing DataLoader 0:  97%|█████████▋| 2915/3000 [12:59<00:22,  3.74it/s]Testing DataLoader 0:  97%|█████████▋| 2916/3000 [12:59<00:22,  3.74it/s]Testing DataLoader 0:  97%|█████████▋| 2917/3000 [13:00<00:22,  3.74it/s]Testing DataLoader 0:  97%|█████████▋| 2918/3000 [13:00<00:21,  3.74it/s]Testing DataLoader 0:  97%|█████████▋| 2919/3000 [13:00<00:21,  3.74it/s]Testing DataLoader 0:  97%|█████████▋| 2920/3000 [13:00<00:21,  3.74it/s]Testing DataLoader 0:  97%|█████████▋| 2921/3000 [13:01<00:21,  3.74it/s]Testing DataLoader 0:  97%|█████████▋| 2922/3000 [13:01<00:20,  3.74it/s]Testing DataLoader 0:  97%|█████████▋| 2923/3000 [13:01<00:20,  3.74it/s]Testing DataLoader 0:  97%|█████████▋| 2924/3000 [13:02<00:20,  3.74it/s]Testing DataLoader 0:  98%|█████████▊| 2925/3000 [13:02<00:20,  3.74it/s]Testing DataLoader 0:  98%|█████████▊| 2926/3000 [13:02<00:19,  3.74it/s]Testing DataLoader 0:  98%|█████████▊| 2927/3000 [13:02<00:19,  3.74it/s]Testing DataLoader 0:  98%|█████████▊| 2928/3000 [13:03<00:19,  3.74it/s]Testing DataLoader 0:  98%|█████████▊| 2929/3000 [13:03<00:18,  3.74it/s]Testing DataLoader 0:  98%|█████████▊| 2930/3000 [13:03<00:18,  3.74it/s]Testing DataLoader 0:  98%|█████████▊| 2931/3000 [13:03<00:18,  3.74it/s]Testing DataLoader 0:  98%|█████████▊| 2932/3000 [13:04<00:18,  3.74it/s]Testing DataLoader 0:  98%|█████████▊| 2933/3000 [13:04<00:17,  3.74it/s]Testing DataLoader 0:  98%|█████████▊| 2934/3000 [13:04<00:17,  3.74it/s]Testing DataLoader 0:  98%|█████████▊| 2935/3000 [13:04<00:17,  3.74it/s]Testing DataLoader 0:  98%|█████████▊| 2936/3000 [13:05<00:17,  3.74it/s]Testing DataLoader 0:  98%|█████████▊| 2937/3000 [13:05<00:16,  3.74it/s]Testing DataLoader 0:  98%|█████████▊| 2938/3000 [13:05<00:16,  3.74it/s]Testing DataLoader 0:  98%|█████████▊| 2939/3000 [13:06<00:16,  3.74it/s]Testing DataLoader 0:  98%|█████████▊| 2940/3000 [13:06<00:16,  3.74it/s]Testing DataLoader 0:  98%|█████████▊| 2941/3000 [13:06<00:15,  3.74it/s]Testing DataLoader 0:  98%|█████████▊| 2942/3000 [13:06<00:15,  3.74it/s]Testing DataLoader 0:  98%|█████████▊| 2943/3000 [13:07<00:15,  3.74it/s]Testing DataLoader 0:  98%|█████████▊| 2944/3000 [13:07<00:14,  3.74it/s]Testing DataLoader 0:  98%|█████████▊| 2945/3000 [13:07<00:14,  3.74it/s]Testing DataLoader 0:  98%|█████████▊| 2946/3000 [13:07<00:14,  3.74it/s]Testing DataLoader 0:  98%|█████████▊| 2947/3000 [13:08<00:14,  3.74it/s]Testing DataLoader 0:  98%|█████████▊| 2948/3000 [13:08<00:13,  3.74it/s]Testing DataLoader 0:  98%|█████████▊| 2949/3000 [13:08<00:13,  3.74it/s]Testing DataLoader 0:  98%|█████████▊| 2950/3000 [13:08<00:13,  3.74it/s]Testing DataLoader 0:  98%|█████████▊| 2951/3000 [13:09<00:13,  3.74it/s]Testing DataLoader 0:  98%|█████████▊| 2952/3000 [13:09<00:12,  3.74it/s]Testing DataLoader 0:  98%|█████████▊| 2953/3000 [13:09<00:12,  3.74it/s]Testing DataLoader 0:  98%|█████████▊| 2954/3000 [13:10<00:12,  3.74it/s]Testing DataLoader 0:  98%|█████████▊| 2955/3000 [13:10<00:12,  3.74it/s]Testing DataLoader 0:  99%|█████████▊| 2956/3000 [13:10<00:11,  3.74it/s]Testing DataLoader 0:  99%|█████████▊| 2957/3000 [13:10<00:11,  3.74it/s]Testing DataLoader 0:  99%|█████████▊| 2958/3000 [13:11<00:11,  3.74it/s]Testing DataLoader 0:  99%|█████████▊| 2959/3000 [13:11<00:10,  3.74it/s]Testing DataLoader 0:  99%|█████████▊| 2960/3000 [13:11<00:10,  3.74it/s]Testing DataLoader 0:  99%|█████████▊| 2961/3000 [13:11<00:10,  3.74it/s]Testing DataLoader 0:  99%|█████████▊| 2962/3000 [13:12<00:10,  3.74it/s]Testing DataLoader 0:  99%|█████████▉| 2963/3000 [13:12<00:09,  3.74it/s]Testing DataLoader 0:  99%|█████████▉| 2964/3000 [13:12<00:09,  3.74it/s]Testing DataLoader 0:  99%|█████████▉| 2965/3000 [13:12<00:09,  3.74it/s]Testing DataLoader 0:  99%|█████████▉| 2966/3000 [13:13<00:09,  3.74it/s]Testing DataLoader 0:  99%|█████████▉| 2967/3000 [13:13<00:08,  3.74it/s]Testing DataLoader 0:  99%|█████████▉| 2968/3000 [13:13<00:08,  3.74it/s]Testing DataLoader 0:  99%|█████████▉| 2969/3000 [13:14<00:08,  3.74it/s]Testing DataLoader 0:  99%|█████████▉| 2970/3000 [13:14<00:08,  3.74it/s]Testing DataLoader 0:  99%|█████████▉| 2971/3000 [13:14<00:07,  3.74it/s]Testing DataLoader 0:  99%|█████████▉| 2972/3000 [13:14<00:07,  3.74it/s]Testing DataLoader 0:  99%|█████████▉| 2973/3000 [13:15<00:07,  3.74it/s]Testing DataLoader 0:  99%|█████████▉| 2974/3000 [13:15<00:06,  3.74it/s]Testing DataLoader 0:  99%|█████████▉| 2975/3000 [13:15<00:06,  3.74it/s]Testing DataLoader 0:  99%|█████████▉| 2976/3000 [13:15<00:06,  3.74it/s]Testing DataLoader 0:  99%|█████████▉| 2977/3000 [13:16<00:06,  3.74it/s]Testing DataLoader 0:  99%|█████████▉| 2978/3000 [13:16<00:05,  3.74it/s]Testing DataLoader 0:  99%|█████████▉| 2979/3000 [13:16<00:05,  3.74it/s]Testing DataLoader 0:  99%|█████████▉| 2980/3000 [13:16<00:05,  3.74it/s]Testing DataLoader 0:  99%|█████████▉| 2981/3000 [13:17<00:05,  3.74it/s]Testing DataLoader 0:  99%|█████████▉| 2982/3000 [13:17<00:04,  3.74it/s]Testing DataLoader 0:  99%|█████████▉| 2983/3000 [13:17<00:04,  3.74it/s]Testing DataLoader 0:  99%|█████████▉| 2984/3000 [13:18<00:04,  3.74it/s]Testing DataLoader 0: 100%|█████████▉| 2985/3000 [13:18<00:04,  3.74it/s]Testing DataLoader 0: 100%|█████████▉| 2986/3000 [13:18<00:03,  3.74it/s]Testing DataLoader 0: 100%|█████████▉| 2987/3000 [13:18<00:03,  3.74it/s]Testing DataLoader 0: 100%|█████████▉| 2988/3000 [13:19<00:03,  3.74it/s]Testing DataLoader 0: 100%|█████████▉| 2989/3000 [13:19<00:02,  3.74it/s]Testing DataLoader 0: 100%|█████████▉| 2990/3000 [13:19<00:02,  3.74it/s]Testing DataLoader 0: 100%|█████████▉| 2991/3000 [13:19<00:02,  3.74it/s]Testing DataLoader 0: 100%|█████████▉| 2992/3000 [13:20<00:02,  3.74it/s]Testing DataLoader 0: 100%|█████████▉| 2993/3000 [13:20<00:01,  3.74it/s]Testing DataLoader 0: 100%|█████████▉| 2994/3000 [13:20<00:01,  3.74it/s]Testing DataLoader 0: 100%|█████████▉| 2995/3000 [13:20<00:01,  3.74it/s]Testing DataLoader 0: 100%|█████████▉| 2996/3000 [13:21<00:01,  3.74it/s]Testing DataLoader 0: 100%|█████████▉| 2997/3000 [13:21<00:00,  3.74it/s]Testing DataLoader 0: 100%|█████████▉| 2998/3000 [13:21<00:00,  3.74it/s]Testing DataLoader 0: 100%|█████████▉| 2999/3000 [13:22<00:00,  3.74it/s]Testing DataLoader 0: 100%|██████████| 3000/3000 [13:22<00:00,  3.74it/s]Testing DataLoader 0: 100%|██████████| 3000/3000 [13:22<00:00,  3.74it/s]
┏━━━━━━━━━━━━━━━━━━━━━━━━━━━━━━━━━┳━━━━━━━━━━━━━━━━━━━━━━━━━━━━━━━━━┓
┃           Test metric           ┃          DataLoader 0           ┃
┡━━━━━━━━━━━━━━━━━━━━━━━━━━━━━━━━━╇━━━━━━━━━━━━━━━━━━━━━━━━━━━━━━━━━┩
│            test/loss            │       13.358190536499023        │
│         test/t1_ndcg_10         │       0.8036025166511536        │
│         test/t1_ndcg_5          │       0.7627726197242737        │
│        test/t1_recall_10        │       0.8445513248443604        │
│        test/t1_recall_5         │       0.7628205418586731        │
│         test/t2_ndcg_10         │       0.18225215375423431       │
│         test/t2_ndcg_5          │       0.17991949617862701       │
│        test/t2_recall_10        │       0.20633333921432495       │
│        test/t2_recall_5         │       0.19900000095367432       │
│    test/t3_behavior_accuracy    │       0.5333333611488342        │
│     test/t3_behavior_f1_buy     │       0.3037974536418915        │
│    test/t3_behavior_f1_cart     │       0.06459054350852966       │
│     test/t3_behavior_f1_fav     │       0.10158730298280716       │
│     test/t3_behavior_f1_pv      │        0.690777599811554        │
│ test/t3_behavior_precision_buy  │       0.4444444477558136        │
│ test/t3_behavior_precision_cart │       0.03414634242653847       │
│ test/t3_behavior_precision_fav  │       0.0559440553188324        │
│  test/t3_behavior_precision_pv  │       0.9664769172668457        │
│   test/t3_behavior_recall_buy   │       0.23076923191547394       │
│  test/t3_behavior_recall_cart   │       0.5957446694374084        │
│   test/t3_behavior_recall_fav   │       0.5517241358757019        │
│   test/t3_behavior_recall_pv    │        0.537460446357727        │
│         test/t3_ndcg_10         │       0.1509469747543335        │
│         test/t3_ndcg_5          │       0.14694997668266296       │
│        test/t3_recall_10        │       0.1993333399295807        │
│        test/t3_recall_5         │       0.18700000643730164       │
└─────────────────────────────────┴─────────────────────────────────┘
[[36m2026-08-01 09:44:23,092[0m][[34m__main__[0m][[32mINFO[0m] - [rank: 0] Best ckpt path: /scratch/yw8866/rec-tmall/_mfd_pmqqf_probe.ckpt[0m
[[36m2026-08-01 09:44:23,110[0m][[34m__main__[0m][[32mINFO[0m] - [rank: 0] Metrics: {'test/loss': tensor(13.3582), 'test/t1_ndcg_5': tensor(0.7628), 'test/t1_ndcg_10': tensor(0.8036), 'test/t1_recall_5': tensor(0.7628), 'test/t1_recall_10': tensor(0.8446), 'test/t2_ndcg_5': tensor(0.1799), 'test/t2_ndcg_10': tensor(0.1823), 'test/t2_recall_5': tensor(0.1990), 'test/t2_recall_10': tensor(0.2063), 'test/t3_ndcg_5': tensor(0.1469), 'test/t3_ndcg_10': tensor(0.1509), 'test/t3_recall_5': tensor(0.1870), 'test/t3_recall_10': tensor(0.1993), 'test/t3_behavior_accuracy': tensor(0.5333), 'test/t3_behavior_precision_pv': tensor(0.9665), 'test/t3_behavior_recall_pv': tensor(0.5375), 'test/t3_behavior_f1_pv': tensor(0.6908), 'test/t3_behavior_precision_fav': tensor(0.0559), 'test/t3_behavior_recall_fav': tensor(0.5517), 'test/t3_behavior_f1_fav': tensor(0.1016), 'test/t3_behavior_precision_cart': tensor(0.0341), 'test/t3_behavior_recall_cart': tensor(0.5957), 'test/t3_behavior_f1_cart': tensor(0.0646), 'test/t3_behavior_precision_buy': tensor(0.4444), 'test/t3_behavior_recall_buy': tensor(0.2308), 'test/t3_behavior_f1_buy': tensor(0.3038)}[0m
[[36m2026-08-01 09:44:23,197[0m][[34msrc.utils.logging_utils[0m][[32mINFO[0m] - [rank: 0] Closing wandb![0m
wandb:                                                                                
wandb: 
wandb: Run history:
wandb:                           epoch ▁
wandb:                       test/loss ▁
wandb:                 test/t1_ndcg_10 ▁
wandb:                  test/t1_ndcg_5 ▁
wandb:               test/t1_recall_10 ▁
wandb:                test/t1_recall_5 ▁
wandb:                 test/t2_ndcg_10 ▁
wandb:                  test/t2_ndcg_5 ▁
wandb:               test/t2_recall_10 ▁
wandb:                test/t2_recall_5 ▁
wandb:       test/t3_behavior_accuracy ▁
wandb:         test/t3_behavior_f1_buy ▁
wandb:        test/t3_behavior_f1_cart ▁
wandb:         test/t3_behavior_f1_fav ▁
wandb:          test/t3_behavior_f1_pv ▁
wandb:  test/t3_behavior_precision_buy ▁
wandb: test/t3_behavior_precision_cart ▁
wandb:  test/t3_behavior_precision_fav ▁
wandb:   test/t3_behavior_precision_pv ▁
wandb:     test/t3_behavior_recall_buy ▁
wandb:    test/t3_behavior_recall_cart ▁
wandb:     test/t3_behavior_recall_fav ▁
wandb:      test/t3_behavior_recall_pv ▁
wandb:                 test/t3_ndcg_10 ▁
wandb:                  test/t3_ndcg_5 ▁
wandb:               test/t3_recall_10 ▁
wandb:                test/t3_recall_5 ▁
wandb:             trainer/global_step ▁
wandb: 
wandb: Run summary:
wandb:                           epoch 0
wandb:                       test/loss 13.35819
wandb:                 test/t1_ndcg_10 0.8036
wandb:                  test/t1_ndcg_5 0.76277
wandb:               test/t1_recall_10 0.84455
wandb:                test/t1_recall_5 0.76282
wandb:                 test/t2_ndcg_10 0.18225
wandb:                  test/t2_ndcg_5 0.17992
wandb:               test/t2_recall_10 0.20633
wandb:                test/t2_recall_5 0.199
wandb:       test/t3_behavior_accuracy 0.53333
wandb:         test/t3_behavior_f1_buy 0.3038
wandb:        test/t3_behavior_f1_cart 0.06459
wandb:         test/t3_behavior_f1_fav 0.10159
wandb:          test/t3_behavior_f1_pv 0.69078
wandb:  test/t3_behavior_precision_buy 0.44444
wandb: test/t3_behavior_precision_cart 0.03415
wandb:  test/t3_behavior_precision_fav 0.05594
wandb:   test/t3_behavior_precision_pv 0.96648
wandb:     test/t3_behavior_recall_buy 0.23077
wandb:    test/t3_behavior_recall_cart 0.59574
wandb:     test/t3_behavior_recall_fav 0.55172
wandb:      test/t3_behavior_recall_pv 0.53746
wandb:                 test/t3_ndcg_10 0.15095
wandb:                  test/t3_ndcg_5 0.14695
wandb:               test/t3_recall_10 0.19933
wandb:                test/t3_recall_5 0.187
wandb:             trainer/global_step 0
wandb: 
wandb: 🚀 View run tiger-mb-2026-08-01_09-30-46 at: https://wandb.ai/erichkingruc-new-york-university/MMMBGRec/runs/0xmcyf0f
wandb: ⭐️ View project at: https://wandb.ai/erichkingruc-new-york-university/MMMBGRec
wandb: Synced 5 W&B file(s), 0 media file(s), 0 artifact file(s) and 0 other file(s)
wandb: Find logs at: ./logs/train/runs/2026-08-01/09-30-46/wandb/run-20260801_093054-0xmcyf0f/logs
[[36m2026-08-01 09:44:29,148[0m][[34msrc.utils.restart_job[0m][[32mINFO[0m] - [rank: 0] Job finished successfully.[0m
