2026-07-25 11:44:03.589482: I tensorflow/core/util/port.cc:153] oneDNN custom operations are on. You may see slightly different numerical results due to floating-point round-off errors from different computation orders. To turn them off, set the environment variable `TF_ENABLE_ONEDNN_OPTS=0`.
2026-07-25 11:44:07.151896: I tensorflow/core/platform/cpu_feature_guard.cc:210] This TensorFlow binary is optimized to use available CPU instructions in performance-critical operations.
To enable the following instructions: AVX2 AVX512F AVX512_VNNI FMA, in other operations, rebuild TensorFlow with the appropriate compiler flags.
[[36m2026-07-25 11:44:25,473[0m][[34msrc.utils.utils[0m][[32mINFO[0m] - [rank: 0] Enforcing tags! <cfg.extras.enforce_tags=True>[0m
[[36m2026-07-25 11:44:25,486[0m][[34msrc.utils.utils[0m][[32mINFO[0m] - [rank: 0] Printing config tree with Rich! <cfg.extras.print_config=True>[0m
CONFIG
├── data_loading
│   └── features_config:                                                        
│         features:                                                             
│         - name: sequence_data                                                 
│           num_placeholder_tokens: 0                                           
│           semantic_ids: ???                                                   
│           is_item_ids: true                                                   
│           type:                                                               
│             _target_: torch.__dict__.get                                      
│             _args_:                                                           
│             - int32                                                           
│         - name: behavior_data                                                 
│           num_placeholder_tokens: 0                                           
│           is_item_ids: true                                                   
│           type:                                                               
│             _target_: torch.__dict__.get                                      
│             _args_:                                                           
│             - int32                                                           
│         - name: user_id                                                       
│           is_item_ids: true                                                   
│           type:                                                               
│             _target_: torch.__dict__.get                                      
│             _args_:                                                           
│             - int32                                                           
│       dataset_config:                                                         
│         dataset:                                                              
│           _target_: src.data.loading.components.interfaces.SemanticIDDatasetCo
│           user_id_field: user_id                                              
│           min_sequence_length: 1                                              
│           iterate_per_row: true                                               
│           keep_user_id: true                                                  
│           features_to_consider:                                               
│           - sequence_data                                                     
│           - behavior_data                                                     
│           - user_id                                                           
│           num_placeholder_tokens_map:                                         
│             sequence_data: 0                                                  
│             behavior_data: 0                                                  
│           semantic_id_map: {}                                                 
│           data_iterator:                                                      
│             _target_: src.data.loading.components.iterators.TFRecordIterator  
│           preprocessing_functions:                                            
│           - _target_: src.data.loading.components.pre_processing.filter_featur
│             _partial_: true                                                   
│           - _target_: src.data.loading.components.pre_processing.convert_to_de
│             _partial_: true                                                   
│           - _target_: src.data.loading.components.pre_processing.convert_field
│             _partial_: true                                                   
│           - _target_: src.data.loading.components.pre_processing.map_sparse_id
│             _partial_: true                                                   
│             features_to_apply:                                                
│             - sequence_data                                                   
│             num_hierarchies: 3                                                
│       train_dataloader_config:                                                
│         dataloader:                                                           
│           _target_: src.data.loading.components.interfaces.SequenceDataloaderC
│           dataset_class:                                                      
│             _target_: src.data.loading.components.dataloading.UnboundedSequenc
│             _partial_: true                                                   
│           data_folder: /scratch/yw8866/rec-tmall/tfrecords_mb_userdrop/trainin
│           should_shuffle_rows: true                                           
│           labels:                                                             
│             sequence_data:                                                    
│               transform:                                                      
│                 _target_: src.data.loading.components.label_function.NextKToke
│                 next_k: 4                                                     
│           batch_size_per_device: 32                                           
│           num_workers: 16                                                     
│           timeout: 60                                                         
│           assign_files_by_size: false                                         
│           oov_token: null                                                     
│           masking_token: -1                                                   
│           sequence_length: 160                                                
│           padding_token: -1                                                   
│           drop_last: true                                                     
│           persistent_workers: true                                            
│           pin_memory: true                                                    
│           collate_fn:                                                         
│             _target_: src.data.loading.components.collate_functions.collate_wi
│             _partial_: true                                                   
│             sequence_length: 160                                              
│             padding_token: -1                                                 
│             sequence_field_name: sequence_data                                
│             behavior_field_name: behavior_data                                
│             sid_hierarchy: 3                                                  
│             max_batch_size: 1024                                              
│           dataset_config:                                                     
│             _target_: src.data.loading.components.interfaces.SemanticIDDataset
│             user_id_field: user_id                                            
│             min_sequence_length: 1                                            
│             iterate_per_row: true                                             
│             keep_user_id: true                                                
│             features_to_consider:                                             
│             - sequence_data                                                   
│             - behavior_data                                                   
│             - user_id                                                         
│             num_placeholder_tokens_map:                                       
│               sequence_data: 0                                                
│               behavior_data: 0                                                
│             semantic_id_map:                                                  
│               sequence_data:                                                  
│                 _target_: torch.load                                          
│                 _args_:                                                       
│                 - _target_: src.utils.file_utils.open_local_or_remote         
│                   file_path: /scratch/yw8866/logs/inference/runs/2026-05-06/20
│                   mode: rb                                                    
│             data_iterator:                                                    
│               _target_: src.data.loading.components.iterators.TFRecordIterator
│             preprocessing_functions:                                          
│             - _target_: src.data.loading.components.pre_processing.filter_feat
│               _partial_: true                                                 
│             - _target_: src.data.loading.components.pre_processing.convert_to_
│               _partial_: true                                                 
│             - _target_: src.data.loading.components.pre_processing.convert_fie
│               _partial_: true                                                 
│             - _target_: src.data.loading.components.pre_processing.map_sparse_
│               _partial_: true                                                 
│               features_to_apply:                                              
│               - sequence_data                                                 
│               num_hierarchies: 3                                              
│           assign_all_files_per_worker: true                                   
│       val_dataloader_config:                                                  
│         dataloader:                                                           
│           _target_: src.data.loading.components.interfaces.SequenceDataloaderC
│           dataset_class:                                                      
│             _target_: src.data.loading.components.dataloading.UnboundedSequenc
│             _partial_: true                                                   
│           data_folder: /scratch/yw8866/rec-tmall/tfrecords_mb_userdrop/evaluat
│           should_shuffle_rows: false                                          
│           labels:                                                             
│             sequence_data:                                                    
│               transform:                                                      
│                 _target_: src.data.loading.components.label_function.NextKToke
│                 next_k: 4                                                     
│           batch_size_per_device: 64                                           
│           num_workers: 8                                                      
│           timeout: 60                                                         
│           assign_files_by_size: true                                          
│           oov_token: null                                                     
│           masking_token: -1                                                   
│           sequence_length: 160                                                
│           padding_token: -1                                                   
│           drop_last: false                                                    
│           persistent_workers: true                                            
│           pin_memory: true                                                    
│           collate_fn:                                                         
│             _target_: src.data.loading.components.collate_functions.collate_wi
│             _partial_: true                                                   
│             sequence_length: 160                                              
│             padding_token: -1                                                 
│             sequence_field_name: sequence_data                                
│             behavior_field_name: behavior_data                                
│             sid_hierarchy: 3                                                  
│           dataset_config:                                                     
│             _target_: src.data.loading.components.interfaces.SemanticIDDataset
│             user_id_field: user_id                                            
│             min_sequence_length: 1                                            
│             iterate_per_row: true                                             
│             keep_user_id: true                                                
│             features_to_consider:                                             
│             - sequence_data                                                   
│             - behavior_data                                                   
│             - user_id                                                         
│             num_placeholder_tokens_map:                                       
│               sequence_data: 0                                                
│               behavior_data: 0                                                
│             semantic_id_map:                                                  
│               sequence_data:                                                  
│                 _target_: torch.load                                          
│                 _args_:                                                       
│                 - _target_: src.utils.file_utils.open_local_or_remote         
│                   file_path: /scratch/yw8866/logs/inference/runs/2026-05-06/20
│                   mode: rb                                                    
│             data_iterator:                                                    
│               _target_: src.data.loading.components.iterators.TFRecordIterator
│             preprocessing_functions:                                          
│             - _target_: src.data.loading.components.pre_processing.filter_feat
│               _partial_: true                                                 
│             - _target_: src.data.loading.components.pre_processing.convert_to_
│               _partial_: true                                                 
│             - _target_: src.data.loading.components.pre_processing.convert_fie
│               _partial_: true                                                 
│             - _target_: src.data.loading.components.pre_processing.map_sparse_
│               _partial_: true                                                 
│               features_to_apply:                                              
│               - sequence_data                                                 
│               num_hierarchies: 3                                              
│       test_dataloader_config:                                                 
│         dataloader:                                                           
│           _target_: src.data.loading.components.interfaces.SequenceDataloaderC
│           dataset_class:                                                      
│             _target_: src.data.loading.components.dataloading.UnboundedSequenc
│             _partial_: true                                                   
│           data_folder: /scratch/yw8866/rec-tmall/tfrecords_mb_userdrop/testing
│           should_shuffle_rows: false                                          
│           labels:                                                             
│             sequence_data:                                                    
│               transform:                                                      
│                 _target_: src.data.loading.components.label_function.NextKToke
│                 next_k: 4                                                     
│           batch_size_per_device: 64                                           
│           num_workers: 8                                                      
│           timeout: 60                                                         
│           assign_files_by_size: true                                          
│           oov_token: null                                                     
│           masking_token: -1                                                   
│           sequence_length: 160                                                
│           padding_token: -1                                                   
│           drop_last: false                                                    
│           persistent_workers: true                                            
│           pin_memory: true                                                    
│           collate_fn:                                                         
│             _target_: src.data.loading.components.collate_functions.collate_wi
│             _partial_: true                                                   
│             sequence_length: 160                                              
│             padding_token: -1                                                 
│             sequence_field_name: sequence_data                                
│             behavior_field_name: behavior_data                                
│             sid_hierarchy: 3                                                  
│           dataset_config:                                                     
│             _target_: src.data.loading.components.interfaces.SemanticIDDataset
│             user_id_field: user_id                                            
│             min_sequence_length: 1                                            
│             iterate_per_row: true                                             
│             keep_user_id: true                                                
│             features_to_consider:                                             
│             - sequence_data                                                   
│             - behavior_data                                                   
│             - user_id                                                         
│             num_placeholder_tokens_map:                                       
│               sequence_data: 0                                                
│               behavior_data: 0                                                
│             semantic_id_map:                                                  
│               sequence_data:                                                  
│                 _target_: torch.load                                          
│                 _args_:                                                       
│                 - _target_: src.utils.file_utils.open_local_or_remote         
│                   file_path: /scratch/yw8866/logs/inference/runs/2026-05-06/20
│                   mode: rb                                                    
│             data_iterator:                                                    
│               _target_: src.data.loading.components.iterators.TFRecordIterator
│             preprocessing_functions:                                          
│             - _target_: src.data.loading.components.pre_processing.filter_feat
│               _partial_: true                                                 
│             - _target_: src.data.loading.components.pre_processing.convert_to_
│               _partial_: true                                                 
│             - _target_: src.data.loading.components.pre_processing.convert_fie
│               _partial_: true                                                 
│             - _target_: src.data.loading.components.pre_processing.map_sparse_
│               _partial_: true                                                 
│               features_to_apply:                                              
│               - sequence_data                                                 
│               num_hierarchies: 3                                              
│       datamodule:                                                             
│         _target_: src.data.loading.datamodules.sequence_datamodule.SequenceDat
│         train_dataloader_config:                                              
│           _target_: src.data.loading.components.interfaces.SequenceDataloaderC
│           dataset_class:                                                      
│             _target_: src.data.loading.components.dataloading.UnboundedSequenc
│             _partial_: true                                                   
│           data_folder: /scratch/yw8866/rec-tmall/tfrecords_mb_userdrop/trainin
│           should_shuffle_rows: true                                           
│           labels:                                                             
│             sequence_data:                                                    
│               transform:                                                      
│                 _target_: src.data.loading.components.label_function.NextKToke
│                 next_k: 4                                                     
│           batch_size_per_device: 32                                           
│           num_workers: 16                                                     
│           timeout: 60                                                         
│           assign_files_by_size: false                                         
│           oov_token: null                                                     
│           masking_token: -1                                                   
│           sequence_length: 160                                                
│           padding_token: -1                                                   
│           drop_last: true                                                     
│           persistent_workers: true                                            
│           pin_memory: true                                                    
│           collate_fn:                                                         
│             _target_: src.data.loading.components.collate_functions.collate_wi
│             _partial_: true                                                   
│             sequence_length: 160                                              
│             padding_token: -1                                                 
│             sequence_field_name: sequence_data                                
│             behavior_field_name: behavior_data                                
│             sid_hierarchy: 3                                                  
│             max_batch_size: 1024                                              
│           dataset_config:                                                     
│             _target_: src.data.loading.components.interfaces.SemanticIDDataset
│             user_id_field: user_id                                            
│             min_sequence_length: 1                                            
│             iterate_per_row: true                                             
│             keep_user_id: true                                                
│             features_to_consider:                                             
│             - sequence_data                                                   
│             - behavior_data                                                   
│             - user_id                                                         
│             num_placeholder_tokens_map:                                       
│               sequence_data: 0                                                
│               behavior_data: 0                                                
│             semantic_id_map:                                                  
│               sequence_data:                                                  
│                 _target_: torch.load                                          
│                 _args_:                                                       
│                 - _target_: src.utils.file_utils.open_local_or_remote         
│                   file_path: /scratch/yw8866/logs/inference/runs/2026-05-06/20
│                   mode: rb                                                    
│             data_iterator:                                                    
│               _target_: src.data.loading.components.iterators.TFRecordIterator
│             preprocessing_functions:                                          
│             - _target_: src.data.loading.components.pre_processing.filter_feat
│               _partial_: true                                                 
│             - _target_: src.data.loading.components.pre_processing.convert_to_
│               _partial_: true                                                 
│             - _target_: src.data.loading.components.pre_processing.convert_fie
│               _partial_: true                                                 
│             - _target_: src.data.loading.components.pre_processing.map_sparse_
│               _partial_: true                                                 
│               features_to_apply:                                              
│               - sequence_data                                                 
│               num_hierarchies: 3                                              
│           assign_all_files_per_worker: true                                   
│         val_dataloader_config:                                                
│           _target_: src.data.loading.components.interfaces.SequenceDataloaderC
│           dataset_class:                                                      
│             _target_: src.data.loading.components.dataloading.UnboundedSequenc
│             _partial_: true                                                   
│           data_folder: /scratch/yw8866/rec-tmall/tfrecords_mb_userdrop/evaluat
│           should_shuffle_rows: false                                          
│           labels:                                                             
│             sequence_data:                                                    
│               transform:                                                      
│                 _target_: src.data.loading.components.label_function.NextKToke
│                 next_k: 4                                                     
│           batch_size_per_device: 64                                           
│           num_workers: 8                                                      
│           timeout: 60                                                         
│           assign_files_by_size: true                                          
│           oov_token: null                                                     
│           masking_token: -1                                                   
│           sequence_length: 160                                                
│           padding_token: -1                                                   
│           drop_last: false                                                    
│           persistent_workers: true                                            
│           pin_memory: true                                                    
│           collate_fn:                                                         
│             _target_: src.data.loading.components.collate_functions.collate_wi
│             _partial_: true                                                   
│             sequence_length: 160                                              
│             padding_token: -1                                                 
│             sequence_field_name: sequence_data                                
│             behavior_field_name: behavior_data                                
│             sid_hierarchy: 3                                                  
│           dataset_config:                                                     
│             _target_: src.data.loading.components.interfaces.SemanticIDDataset
│             user_id_field: user_id                                            
│             min_sequence_length: 1                                            
│             iterate_per_row: true                                             
│             keep_user_id: true                                                
│             features_to_consider:                                             
│             - sequence_data                                                   
│             - behavior_data                                                   
│             - user_id                                                         
│             num_placeholder_tokens_map:                                       
│               sequence_data: 0                                                
│               behavior_data: 0                                                
│             semantic_id_map:                                                  
│               sequence_data:                                                  
│                 _target_: torch.load                                          
│                 _args_:                                                       
│                 - _target_: src.utils.file_utils.open_local_or_remote         
│                   file_path: /scratch/yw8866/logs/inference/runs/2026-05-06/20
│                   mode: rb                                                    
│             data_iterator:                                                    
│               _target_: src.data.loading.components.iterators.TFRecordIterator
│             preprocessing_functions:                                          
│             - _target_: src.data.loading.components.pre_processing.filter_feat
│               _partial_: true                                                 
│             - _target_: src.data.loading.components.pre_processing.convert_to_
│               _partial_: true                                                 
│             - _target_: src.data.loading.components.pre_processing.convert_fie
│               _partial_: true                                                 
│             - _target_: src.data.loading.components.pre_processing.map_sparse_
│               _partial_: true                                                 
│               features_to_apply:                                              
│               - sequence_data                                                 
│               num_hierarchies: 3                                              
│         test_dataloader_config:                                               
│           _target_: src.data.loading.components.interfaces.SequenceDataloaderC
│           dataset_class:                                                      
│             _target_: src.data.loading.components.dataloading.UnboundedSequenc
│             _partial_: true                                                   
│           data_folder: /scratch/yw8866/rec-tmall/tfrecords_mb_userdrop/testing
│           should_shuffle_rows: false                                          
│           labels:                                                             
│             sequence_data:                                                    
│               transform:                                                      
│                 _target_: src.data.loading.components.label_function.NextKToke
│                 next_k: 4                                                     
│           batch_size_per_device: 64                                           
│           num_workers: 8                                                      
│           timeout: 60                                                         
│           assign_files_by_size: true                                          
│           oov_token: null                                                     
│           masking_token: -1                                                   
│           sequence_length: 160                                                
│           padding_token: -1                                                   
│           drop_last: false                                                    
│           persistent_workers: true                                            
│           pin_memory: true                                                    
│           collate_fn:                                                         
│             _target_: src.data.loading.components.collate_functions.collate_wi
│             _partial_: true                                                   
│             sequence_length: 160                                              
│             padding_token: -1                                                 
│             sequence_field_name: sequence_data                                
│             behavior_field_name: behavior_data                                
│             sid_hierarchy: 3                                                  
│           dataset_config:                                                     
│             _target_: src.data.loading.components.interfaces.SemanticIDDataset
│             user_id_field: user_id                                            
│             min_sequence_length: 1                                            
│             iterate_per_row: true                                             
│             keep_user_id: true                                                
│             features_to_consider:                                             
│             - sequence_data                                                   
│             - behavior_data                                                   
│             - user_id                                                         
│             num_placeholder_tokens_map:                                       
│               sequence_data: 0                                                
│               behavior_data: 0                                                
│             semantic_id_map:                                                  
│               sequence_data:                                                  
│                 _target_: torch.load                                          
│                 _args_:                                                       
│                 - _target_: src.utils.file_utils.open_local_or_remote         
│                   file_path: /scratch/yw8866/logs/inference/runs/2026-05-06/20
│                   mode: rb                                                    
│             data_iterator:                                                    
│               _target_: src.data.loading.components.iterators.TFRecordIterator
│             preprocessing_functions:                                          
│             - _target_: src.data.loading.components.pre_processing.filter_feat
│               _partial_: true                                                 
│             - _target_: src.data.loading.components.pre_processing.convert_to_
│               _partial_: true                                                 
│             - _target_: src.data.loading.components.pre_processing.convert_fie
│               _partial_: true                                                 
│             - _target_: src.data.loading.components.pre_processing.map_sparse_
│               _partial_: true                                                 
│               features_to_apply:                                              
│               - sequence_data                                                 
│               num_hierarchies: 3                                              
│                                                                               
├── model
│   └── huggingface_model:                                                      
│         _target_: transformers.T5EncoderModel                                 
│         config:                                                               
│           _target_: transformers.T5Config                                     
│           vocab_size: 256                                                     
│           d_model: 128                                                        
│           num_heads: 6                                                        
│           dropout_rate: 0.15                                                  
│           d_ff: 1024                                                          
│           d_kv: 64                                                            
│           num_layers: 4                                                       
│       _target_: src.models.modules.semantic_id.mfd_generation_model.MFDMultiBe
│       use_modality_factorized: true                                           
│       mfd_top_k_shared: 10                                                    
│       mfd_top_k_text: 10                                                      
│       mfd_top_k_image: 10                                                     
│       mfd_pool_size: 50                                                       
│       mfd_tau: 1.0                                                            
│       mfd_catalog_constraint: true                                            
│       mfd_score_text: true                                                    
│       mfd_score_image: true                                                   
│       mfd_behavior_marginalized: true                                         
│       mfd_behavior_weight: 1.0                                                
│       mfd_audit_dump: true                                                    
│       mfd_audit_path: /scratch/yw8866/rec-tmall/mfd_audit_dump.pt             
│       mfd_audit_max_events: 200000                                            
│       mfd_audit_pv_cap: 100000                                                
│       feature_to_model_input_map:                                             
│         sequence_data: input_ids                                              
│         user_id: user_id                                                      
│       postprocessor: null                                                     
│       aggregator: null                                                        
│       loss_function:                                                          
│         _target_: torch.nn.CrossEntropyLoss                                   
│       optimizer:                                                              
│         _target_: torch.optim.Adam                                            
│         _partial_: true                                                       
│         lr: 0.001                                                             
│         weight_decay: 0.0001                                                  
│       scheduler: null                                                         
│       evaluator:                                                              
│         _target_: src.components.eval_metrics.MultiBehaviorSIDRetrievalEvaluat
│         buy_behavior_id: 3                                                    
│         probe_sid_distance: false                                             
│         top_k_list:                                                           
│         - 5                                                                   
│         - 10                                                                  
│         metrics:                                                              
│           ndcg:                                                               
│             _target_: src.components.eval_metrics.NDCG                        
│             _partial_: true                                                   
│           recall:                                                             
│             _target_: src.components.eval_metrics.Recall                      
│             _partial_: true                                                   
│       weight_tying: true                                                      
│       compile: false                                                          
│       decoder:                                                                
│         _target_: transformers.models.t5.modeling_t5.T5Stack                  
│         config:                                                               
│           _target_: transformers.models.t5.configuration_t5.T5Config          
│           vocab_size: 256                                                     
│           d_model: 128                                                        
│           num_heads: 6                                                        
│           dropout_rate: 0.15                                                  
│           d_ff: 1024                                                          
│           d_kv: 64                                                            
│           num_layers: 4                                                       
│           is_decoder: true                                                    
│           is_encoder_decoder: false                                           
│         embed_tokens:                                                         
│           _target_: torch.nn.Embedding                                        
│           num_embeddings: 256                                                 
│           embedding_dim: 128                                                  
│       num_hierarchies: 3                                                      
│       num_behaviors: 4                                                        
│       num_user_bins: null                                                     
│       codebooks:                                                              
│         _target_: torch.load                                                  
│         _args_:                                                               
│         - _target_: src.utils.file_utils.open_local_or_remote                 
│           file_path: /scratch/yw8866/logs/inference/runs/2026-05-06/2048_1024/
│           mode: rb                                                            
│       mlp_layers: 2                                                           
│       codebook_init_path: null                                                
│       codebook_sizes:                                                         
│       - 2048                                                                  
│       - 1024                                                                  
│       - 1024                                                                  
│       use_item_pe: false                                                      
│       item_pe_max_seq_len: 1024                                               
│       use_bmtv: false                                                         
│       bmtv_max_seq_len: 1024                                                  
│       focal_behavior: false                                                   
│       focal_gamma: 2.0                                                        
│       focal_alpha: null                                                       
│       behavior_weighted_sid: false                                            
│       sid_behavior_weights:                                                   
│       - 1.0                                                                   
│       - 3.0                                                                   
│       - 3.0                                                                   
│       - 8.0                                                                   
│       use_semantic_align: false                                               
│       semantic_align_weight: 1.0                                              
│       align_loss_type: mse                                                    
│       align_temperature: 0.07                                                 
│       use_semantic_rerank: false                                              
│       rerank_weight: 0.5                                                      
│       top_k_for_generation: 10                                                
│                                                                               
├── callbacks
│   └── model_checkpoint:                                                       
│         _target_: lightning.pytorch.callbacks.ModelCheckpoint                 
│         dirpath: /scratch/yw8866/logs/train/runs/2026-07-25/11-44-25/checkpoin
│         filename: checkpoint_{epoch:03d}_{step:06d}                           
│         monitor: val/t2_recall_5                                              
│         verbose: true                                                         
│         save_last: null                                                       
│         save_top_k: 1                                                         
│         mode: max                                                             
│         auto_insert_metric_name: true                                         
│         save_weights_only: false                                              
│         every_n_train_steps: null                                             
│         train_time_interval: null                                             
│         every_n_epochs: null                                                  
│         save_on_train_epoch_end: false                                        
│       early_stopping:                                                         
│         _target_: lightning.pytorch.callbacks.EarlyStopping                   
│         monitor: val/t2_recall_5                                              
│         min_delta: 0.0                                                        
│         patience: 6                                                           
│         verbose: true                                                         
│         mode: max                                                             
│         strict: true                                                          
│         check_finite: true                                                    
│         stopping_threshold: null                                              
│         divergence_threshold: null                                            
│         check_on_train_epoch_end: false                                       
│       model_summary:                                                          
│         _target_: lightning.pytorch.callbacks.RichModelSummary                
│         max_depth: -1                                                         
│       restart_job:                                                            
│         _target_: src.utils.restart_job.RestartAndLoadCheckpointCallback      
│         metadata_dir: /scratch/yw8866/logs/train/runs/2026-07-25/11-44-25/meta
│                                                                               
├── logger
│   └── csv:                                                                    
│         _target_: lightning.pytorch.loggers.csv_logs.CSVLogger                
│         save_dir: /scratch/yw8866/logs/train/runs/2026-07-25/11-44-25         
│         name: csv/                                                            
│         prefix: ''                                                            
│       wandb:                                                                  
│         _target_: lightning.pytorch.loggers.wandb.WandbLogger                 
│         project: MMMBGRec                                                     
│         name: tiger-mb-2026-07-25_11-44-25                                    
│         save_dir: /scratch/yw8866/logs/train/runs/2026-07-25/11-44-25         
│                                                                               
├── trainer
│   └── _target_: lightning.pytorch.trainer.Trainer                             
│       default_root_dir: /scratch/yw8866/logs/train/runs/2026-07-25/11-44-25   
│       min_steps: 1                                                            
│       max_steps: 320000                                                       
│       max_epochs: 10                                                          
│       accelerator: gpu                                                        
│       devices: -1                                                             
│       num_nodes: 1                                                            
│       precision: 32-true                                                      
│       log_every_n_steps: 100                                                  
│       val_check_interval: 5000                                                
│       deterministic: false                                                    
│       accumulate_grad_batches: 4                                              
│       limit_val_batches: 500                                                  
│       profiler:                                                               
│         _target_: lightning.pytorch.profilers.PassThroughProfiler             
│       strategy: ddp                                                           
│       sync_batchnorm: true                                                    
│       num_sanity_val_steps: 0                                                 
│       min_epochs: 0                                                           
│       limit_test_batches: 6000                                                
│                                                                               
├── paths
│   └── root_dir: .                                                             
│       data_dir: /scratch/yw8866/rec-tmall/tfrecords_mb_userdrop               
│       log_dir: ./logs                                                         
│       output_dir: /scratch/yw8866/logs/train/runs/2026-07-25/11-44-25         
│       work_dir: /scratch/yw8866                                               
│       profile_dir: ./logs/train/runs/2026-07-25/11-44-25/profile_output       
│       metadata_dir: /scratch/yw8866/logs/train/runs/2026-07-25/11-44-25/metada
│                                                                               
├── extras
│   └── ignore_warnings: false                                                  
│       enforce_tags: true                                                      
│       print_config_warnings: true                                             
│       print_config: true                                                      
│                                                                               
├── task_name
│   └── train                                                                   
├── id
│   └── 2026-07-25/11-44-25                                                     
├── tags
│   └── ['tiger-mb-mfd']                                                        
├── train
│   └── False                                                                   
├── test
│   └── True                                                                    
├── ckpt_path
│   └── /scratch/yw8866/rec-tmall/_mfd_audit_wb1.ckpt                           
├── seed
│   └── 42                                                                      
├── data_dir
│   └── /scratch/yw8866/rec-tmall/tfrecords_mb_userdrop                         
├── semantic_id_path
│   └── /scratch/yw8866/logs/inference/runs/2026-05-06/2048_1024/pickle/semantic
├── num_hierarchies
│   └── 3                                                                       
├── stride_per_item
│   └── 4                                                                       
├── sequence_length
│   └── 160                                                                     
├── num_behaviors
│   └── 4                                                                       
├── codebook_init_path
│   └── None                                                                    
├── codebook_sizes
│   └── [2048, 1024, 1024]                                                      
├── use_item_pe
│   └── False                                                                   
├── item_pe_max_seq_len
│   └── 1024                                                                    
├── use_bmtv
│   └── False                                                                   
├── bmtv_max_seq_len
│   └── 1024                                                                    
├── focal_behavior
│   └── False                                                                   
├── focal_gamma
│   └── 2.0                                                                     
├── focal_alpha
│   └── None                                                                    
├── behavior_weighted_sid
│   └── False                                                                   
├── sid_behavior_weights
│   └── [1.0, 3.0, 3.0, 8.0]                                                    
├── use_semantic_align
│   └── False                                                                   
├── semantic_align_weight
│   └── 1.0                                                                     
├── align_loss_type
│   └── mse                                                                     
├── align_temperature
│   └── 0.07                                                                    
├── use_semantic_rerank
│   └── False                                                                   
├── rerank_weight
│   └── 0.5                                                                     
├── top_k_for_generation
│   └── 10                                                                      
├── mfd_top_k_shared
│   └── 10                                                                      
├── mfd_top_k_text
│   └── 10                                                                      
├── mfd_top_k_image
│   └── 10                                                                      
├── mfd_pool_size
│   └── 50                                                                      
├── mfd_tau
│   └── 1.0                                                                     
├── mfd_catalog_constraint
│   └── True                                                                    
├── mfd_score_text
│   └── True                                                                    
├── mfd_score_image
│   └── True                                                                    
├── mfd_behavior_marginalized
│   └── True                                                                    
├── mfd_behavior_weight
│   └── 1.0                                                                     
├── mfd_audit_dump
│   └── True                                                                    
├── mfd_audit_path
│   └── /scratch/yw8866/rec-tmall/mfd_audit_dump.pt                             
├── mfd_audit_max_events
│   └── 200000                                                                  
├── mfd_audit_pv_cap
│   └── 100000                                                                  
├── probe_sid_distance
│   └── False                                                                   
├── loss
│   └── loss_function:                                                          
│         _target_: torch.nn.CrossEntropyLoss                                   
│                                                                               
├── optim
│   └── optimizer:                                                              
│         _target_: torch.optim.Adam                                            
│         _partial_: true                                                       
│         lr: 0.001                                                             
│         weight_decay: 0.0001                                                  
│       scheduler: null                                                         
│                                                                               
└── eval
    └── evaluator:                                                              
          _target_: src.components.eval_metrics.MultiBehaviorSIDRetrievalEvaluat
          buy_behavior_id: 3                                                    
          probe_sid_distance: false                                             
          top_k_list:                                                           
          - 5                                                                   
          - 10                                                                  
          metrics:                                                              
            ndcg:                                                               
              _target_: src.components.eval_metrics.NDCG                        
              _partial_: true                                                   
            recall:                                                             
              _target_: src.components.eval_metrics.Recall                      
              _partial_: true                                                   
                                                                                
[[36m2026-07-25 11:44:25,820[0m][[34msrc.utils.restart_job[0m][[32mINFO[0m] - [rank: 0] Using metadata dir: /scratch/yw8866/logs/train/runs/2026-07-25/11-44-25/metadata[0m
[[36m2026-07-25 11:44:25,820[0m][[34msrc.utils.restart_job[0m][[32mINFO[0m] - [rank: 0] Starting job (attempt 1/4): /ext3/miniforge3/envs/py310/bin/python /scratch/yw8866/GRID/src/train.py experiment=tiger_mb_mfd_flat train=false test=true ckpt_path=/scratch/yw8866/rec-tmall/_mfd_audit_wb1.ckpt data_dir=/scratch/yw8866/rec-tmall/tfrecords_mb_userdrop semantic_id_path=/scratch/yw8866/logs/inference/runs/2026-05-06/2048_1024/pickle/semantic_ids.pt num_hierarchies=3 codebook_init_path=null codebook_sizes=[2048,1024,1024] mfd_behavior_marginalized=true mfd_behavior_weight=1.0 mfd_audit_dump=true mfd_audit_path=/scratch/yw8866/rec-tmall/mfd_audit_dump.pt +trainer.limit_test_batches=6000 ++should_skip_retry=True[0m
[[36m2026-07-25 11:45:01,251[0m][[34msrc.utils.utils[0m][[32mINFO[0m] - [rank: 0] Enforcing tags! <cfg.extras.enforce_tags=True>[0m
[[36m2026-07-25 11:45:01,263[0m][[34msrc.utils.utils[0m][[32mINFO[0m] - [rank: 0] Printing config tree with Rich! <cfg.extras.print_config=True>[0m
CONFIG
├── data_loading
│   └── features_config:                                                        
│         features:                                                             
│         - name: sequence_data                                                 
│           num_placeholder_tokens: 0                                           
│           semantic_ids: ???                                                   
│           is_item_ids: true                                                   
│           type:                                                               
│             _target_: torch.__dict__.get                                      
│             _args_:                                                           
│             - int32                                                           
│         - name: behavior_data                                                 
│           num_placeholder_tokens: 0                                           
│           is_item_ids: true                                                   
│           type:                                                               
│             _target_: torch.__dict__.get                                      
│             _args_:                                                           
│             - int32                                                           
│         - name: user_id                                                       
│           is_item_ids: true                                                   
│           type:                                                               
│             _target_: torch.__dict__.get                                      
│             _args_:                                                           
│             - int32                                                           
│       dataset_config:                                                         
│         dataset:                                                              
│           _target_: src.data.loading.components.interfaces.SemanticIDDatasetCo
│           user_id_field: user_id                                              
│           min_sequence_length: 1                                              
│           iterate_per_row: true                                               
│           keep_user_id: true                                                  
│           features_to_consider:                                               
│           - sequence_data                                                     
│           - behavior_data                                                     
│           - user_id                                                           
│           num_placeholder_tokens_map:                                         
│             sequence_data: 0                                                  
│             behavior_data: 0                                                  
│           semantic_id_map: {}                                                 
│           data_iterator:                                                      
│             _target_: src.data.loading.components.iterators.TFRecordIterator  
│           preprocessing_functions:                                            
│           - _target_: src.data.loading.components.pre_processing.filter_featur
│             _partial_: true                                                   
│           - _target_: src.data.loading.components.pre_processing.convert_to_de
│             _partial_: true                                                   
│           - _target_: src.data.loading.components.pre_processing.convert_field
│             _partial_: true                                                   
│           - _target_: src.data.loading.components.pre_processing.map_sparse_id
│             _partial_: true                                                   
│             features_to_apply:                                                
│             - sequence_data                                                   
│             num_hierarchies: 3                                                
│       train_dataloader_config:                                                
│         dataloader:                                                           
│           _target_: src.data.loading.components.interfaces.SequenceDataloaderC
│           dataset_class:                                                      
│             _target_: src.data.loading.components.dataloading.UnboundedSequenc
│             _partial_: true                                                   
│           data_folder: /scratch/yw8866/rec-tmall/tfrecords_mb_userdrop/trainin
│           should_shuffle_rows: true                                           
│           labels:                                                             
│             sequence_data:                                                    
│               transform:                                                      
│                 _target_: src.data.loading.components.label_function.NextKToke
│                 next_k: 4                                                     
│           batch_size_per_device: 32                                           
│           num_workers: 16                                                     
│           timeout: 60                                                         
│           assign_files_by_size: false                                         
│           oov_token: null                                                     
│           masking_token: -1                                                   
│           sequence_length: 160                                                
│           padding_token: -1                                                   
│           drop_last: true                                                     
│           persistent_workers: true                                            
│           pin_memory: true                                                    
│           collate_fn:                                                         
│             _target_: src.data.loading.components.collate_functions.collate_wi
│             _partial_: true                                                   
│             sequence_length: 160                                              
│             padding_token: -1                                                 
│             sequence_field_name: sequence_data                                
│             behavior_field_name: behavior_data                                
│             sid_hierarchy: 3                                                  
│             max_batch_size: 1024                                              
│           dataset_config:                                                     
│             _target_: src.data.loading.components.interfaces.SemanticIDDataset
│             user_id_field: user_id                                            
│             min_sequence_length: 1                                            
│             iterate_per_row: true                                             
│             keep_user_id: true                                                
│             features_to_consider:                                             
│             - sequence_data                                                   
│             - behavior_data                                                   
│             - user_id                                                         
│             num_placeholder_tokens_map:                                       
│               sequence_data: 0                                                
│               behavior_data: 0                                                
│             semantic_id_map:                                                  
│               sequence_data:                                                  
│                 _target_: torch.load                                          
│                 _args_:                                                       
│                 - _target_: src.utils.file_utils.open_local_or_remote         
│                   file_path: /scratch/yw8866/logs/inference/runs/2026-05-06/20
│                   mode: rb                                                    
│             data_iterator:                                                    
│               _target_: src.data.loading.components.iterators.TFRecordIterator
│             preprocessing_functions:                                          
│             - _target_: src.data.loading.components.pre_processing.filter_feat
│               _partial_: true                                                 
│             - _target_: src.data.loading.components.pre_processing.convert_to_
│               _partial_: true                                                 
│             - _target_: src.data.loading.components.pre_processing.convert_fie
│               _partial_: true                                                 
│             - _target_: src.data.loading.components.pre_processing.map_sparse_
│               _partial_: true                                                 
│               features_to_apply:                                              
│               - sequence_data                                                 
│               num_hierarchies: 3                                              
│           assign_all_files_per_worker: true                                   
│       val_dataloader_config:                                                  
│         dataloader:                                                           
│           _target_: src.data.loading.components.interfaces.SequenceDataloaderC
│           dataset_class:                                                      
│             _target_: src.data.loading.components.dataloading.UnboundedSequenc
│             _partial_: true                                                   
│           data_folder: /scratch/yw8866/rec-tmall/tfrecords_mb_userdrop/evaluat
│           should_shuffle_rows: false                                          
│           labels:                                                             
│             sequence_data:                                                    
│               transform:                                                      
│                 _target_: src.data.loading.components.label_function.NextKToke
│                 next_k: 4                                                     
│           batch_size_per_device: 64                                           
│           num_workers: 8                                                      
│           timeout: 60                                                         
│           assign_files_by_size: true                                          
│           oov_token: null                                                     
│           masking_token: -1                                                   
│           sequence_length: 160                                                
│           padding_token: -1                                                   
│           drop_last: false                                                    
│           persistent_workers: true                                            
│           pin_memory: true                                                    
│           collate_fn:                                                         
│             _target_: src.data.loading.components.collate_functions.collate_wi
│             _partial_: true                                                   
│             sequence_length: 160                                              
│             padding_token: -1                                                 
│             sequence_field_name: sequence_data                                
│             behavior_field_name: behavior_data                                
│             sid_hierarchy: 3                                                  
│           dataset_config:                                                     
│             _target_: src.data.loading.components.interfaces.SemanticIDDataset
│             user_id_field: user_id                                            
│             min_sequence_length: 1                                            
│             iterate_per_row: true                                             
│             keep_user_id: true                                                
│             features_to_consider:                                             
│             - sequence_data                                                   
│             - behavior_data                                                   
│             - user_id                                                         
│             num_placeholder_tokens_map:                                       
│               sequence_data: 0                                                
│               behavior_data: 0                                                
│             semantic_id_map:                                                  
│               sequence_data:                                                  
│                 _target_: torch.load                                          
│                 _args_:                                                       
│                 - _target_: src.utils.file_utils.open_local_or_remote         
│                   file_path: /scratch/yw8866/logs/inference/runs/2026-05-06/20
│                   mode: rb                                                    
│             data_iterator:                                                    
│               _target_: src.data.loading.components.iterators.TFRecordIterator
│             preprocessing_functions:                                          
│             - _target_: src.data.loading.components.pre_processing.filter_feat
│               _partial_: true                                                 
│             - _target_: src.data.loading.components.pre_processing.convert_to_
│               _partial_: true                                                 
│             - _target_: src.data.loading.components.pre_processing.convert_fie
│               _partial_: true                                                 
│             - _target_: src.data.loading.components.pre_processing.map_sparse_
│               _partial_: true                                                 
│               features_to_apply:                                              
│               - sequence_data                                                 
│               num_hierarchies: 3                                              
│       test_dataloader_config:                                                 
│         dataloader:                                                           
│           _target_: src.data.loading.components.interfaces.SequenceDataloaderC
│           dataset_class:                                                      
│             _target_: src.data.loading.components.dataloading.UnboundedSequenc
│             _partial_: true                                                   
│           data_folder: /scratch/yw8866/rec-tmall/tfrecords_mb_userdrop/testing
│           should_shuffle_rows: false                                          
│           labels:                                                             
│             sequence_data:                                                    
│               transform:                                                      
│                 _target_: src.data.loading.components.label_function.NextKToke
│                 next_k: 4                                                     
│           batch_size_per_device: 64                                           
│           num_workers: 8                                                      
│           timeout: 60                                                         
│           assign_files_by_size: true                                          
│           oov_token: null                                                     
│           masking_token: -1                                                   
│           sequence_length: 160                                                
│           padding_token: -1                                                   
│           drop_last: false                                                    
│           persistent_workers: true                                            
│           pin_memory: true                                                    
│           collate_fn:                                                         
│             _target_: src.data.loading.components.collate_functions.collate_wi
│             _partial_: true                                                   
│             sequence_length: 160                                              
│             padding_token: -1                                                 
│             sequence_field_name: sequence_data                                
│             behavior_field_name: behavior_data                                
│             sid_hierarchy: 3                                                  
│           dataset_config:                                                     
│             _target_: src.data.loading.components.interfaces.SemanticIDDataset
│             user_id_field: user_id                                            
│             min_sequence_length: 1                                            
│             iterate_per_row: true                                             
│             keep_user_id: true                                                
│             features_to_consider:                                             
│             - sequence_data                                                   
│             - behavior_data                                                   
│             - user_id                                                         
│             num_placeholder_tokens_map:                                       
│               sequence_data: 0                                                
│               behavior_data: 0                                                
│             semantic_id_map:                                                  
│               sequence_data:                                                  
│                 _target_: torch.load                                          
│                 _args_:                                                       
│                 - _target_: src.utils.file_utils.open_local_or_remote         
│                   file_path: /scratch/yw8866/logs/inference/runs/2026-05-06/20
│                   mode: rb                                                    
│             data_iterator:                                                    
│               _target_: src.data.loading.components.iterators.TFRecordIterator
│             preprocessing_functions:                                          
│             - _target_: src.data.loading.components.pre_processing.filter_feat
│               _partial_: true                                                 
│             - _target_: src.data.loading.components.pre_processing.convert_to_
│               _partial_: true                                                 
│             - _target_: src.data.loading.components.pre_processing.convert_fie
│               _partial_: true                                                 
│             - _target_: src.data.loading.components.pre_processing.map_sparse_
│               _partial_: true                                                 
│               features_to_apply:                                              
│               - sequence_data                                                 
│               num_hierarchies: 3                                              
│       datamodule:                                                             
│         _target_: src.data.loading.datamodules.sequence_datamodule.SequenceDat
│         train_dataloader_config:                                              
│           _target_: src.data.loading.components.interfaces.SequenceDataloaderC
│           dataset_class:                                                      
│             _target_: src.data.loading.components.dataloading.UnboundedSequenc
│             _partial_: true                                                   
│           data_folder: /scratch/yw8866/rec-tmall/tfrecords_mb_userdrop/trainin
│           should_shuffle_rows: true                                           
│           labels:                                                             
│             sequence_data:                                                    
│               transform:                                                      
│                 _target_: src.data.loading.components.label_function.NextKToke
│                 next_k: 4                                                     
│           batch_size_per_device: 32                                           
│           num_workers: 16                                                     
│           timeout: 60                                                         
│           assign_files_by_size: false                                         
│           oov_token: null                                                     
│           masking_token: -1                                                   
│           sequence_length: 160                                                
│           padding_token: -1                                                   
│           drop_last: true                                                     
│           persistent_workers: true                                            
│           pin_memory: true                                                    
│           collate_fn:                                                         
│             _target_: src.data.loading.components.collate_functions.collate_wi
│             _partial_: true                                                   
│             sequence_length: 160                                              
│             padding_token: -1                                                 
│             sequence_field_name: sequence_data                                
│             behavior_field_name: behavior_data                                
│             sid_hierarchy: 3                                                  
│             max_batch_size: 1024                                              
│           dataset_config:                                                     
│             _target_: src.data.loading.components.interfaces.SemanticIDDataset
│             user_id_field: user_id                                            
│             min_sequence_length: 1                                            
│             iterate_per_row: true                                             
│             keep_user_id: true                                                
│             features_to_consider:                                             
│             - sequence_data                                                   
│             - behavior_data                                                   
│             - user_id                                                         
│             num_placeholder_tokens_map:                                       
│               sequence_data: 0                                                
│               behavior_data: 0                                                
│             semantic_id_map:                                                  
│               sequence_data:                                                  
│                 _target_: torch.load                                          
│                 _args_:                                                       
│                 - _target_: src.utils.file_utils.open_local_or_remote         
│                   file_path: /scratch/yw8866/logs/inference/runs/2026-05-06/20
│                   mode: rb                                                    
│             data_iterator:                                                    
│               _target_: src.data.loading.components.iterators.TFRecordIterator
│             preprocessing_functions:                                          
│             - _target_: src.data.loading.components.pre_processing.filter_feat
│               _partial_: true                                                 
│             - _target_: src.data.loading.components.pre_processing.convert_to_
│               _partial_: true                                                 
│             - _target_: src.data.loading.components.pre_processing.convert_fie
│               _partial_: true                                                 
│             - _target_: src.data.loading.components.pre_processing.map_sparse_
│               _partial_: true                                                 
│               features_to_apply:                                              
│               - sequence_data                                                 
│               num_hierarchies: 3                                              
│           assign_all_files_per_worker: true                                   
│         val_dataloader_config:                                                
│           _target_: src.data.loading.components.interfaces.SequenceDataloaderC
│           dataset_class:                                                      
│             _target_: src.data.loading.components.dataloading.UnboundedSequenc
│             _partial_: true                                                   
│           data_folder: /scratch/yw8866/rec-tmall/tfrecords_mb_userdrop/evaluat
│           should_shuffle_rows: false                                          
│           labels:                                                             
│             sequence_data:                                                    
│               transform:                                                      
│                 _target_: src.data.loading.components.label_function.NextKToke
│                 next_k: 4                                                     
│           batch_size_per_device: 64                                           
│           num_workers: 8                                                      
│           timeout: 60                                                         
│           assign_files_by_size: true                                          
│           oov_token: null                                                     
│           masking_token: -1                                                   
│           sequence_length: 160                                                
│           padding_token: -1                                                   
│           drop_last: false                                                    
│           persistent_workers: true                                            
│           pin_memory: true                                                    
│           collate_fn:                                                         
│             _target_: src.data.loading.components.collate_functions.collate_wi
│             _partial_: true                                                   
│             sequence_length: 160                                              
│             padding_token: -1                                                 
│             sequence_field_name: sequence_data                                
│             behavior_field_name: behavior_data                                
│             sid_hierarchy: 3                                                  
│           dataset_config:                                                     
│             _target_: src.data.loading.components.interfaces.SemanticIDDataset
│             user_id_field: user_id                                            
│             min_sequence_length: 1                                            
│             iterate_per_row: true                                             
│             keep_user_id: true                                                
│             features_to_consider:                                             
│             - sequence_data                                                   
│             - behavior_data                                                   
│             - user_id                                                         
│             num_placeholder_tokens_map:                                       
│               sequence_data: 0                                                
│               behavior_data: 0                                                
│             semantic_id_map:                                                  
│               sequence_data:                                                  
│                 _target_: torch.load                                          
│                 _args_:                                                       
│                 - _target_: src.utils.file_utils.open_local_or_remote         
│                   file_path: /scratch/yw8866/logs/inference/runs/2026-05-06/20
│                   mode: rb                                                    
│             data_iterator:                                                    
│               _target_: src.data.loading.components.iterators.TFRecordIterator
│             preprocessing_functions:                                          
│             - _target_: src.data.loading.components.pre_processing.filter_feat
│               _partial_: true                                                 
│             - _target_: src.data.loading.components.pre_processing.convert_to_
│               _partial_: true                                                 
│             - _target_: src.data.loading.components.pre_processing.convert_fie
│               _partial_: true                                                 
│             - _target_: src.data.loading.components.pre_processing.map_sparse_
│               _partial_: true                                                 
│               features_to_apply:                                              
│               - sequence_data                                                 
│               num_hierarchies: 3                                              
│         test_dataloader_config:                                               
│           _target_: src.data.loading.components.interfaces.SequenceDataloaderC
│           dataset_class:                                                      
│             _target_: src.data.loading.components.dataloading.UnboundedSequenc
│             _partial_: true                                                   
│           data_folder: /scratch/yw8866/rec-tmall/tfrecords_mb_userdrop/testing
│           should_shuffle_rows: false                                          
│           labels:                                                             
│             sequence_data:                                                    
│               transform:                                                      
│                 _target_: src.data.loading.components.label_function.NextKToke
│                 next_k: 4                                                     
│           batch_size_per_device: 64                                           
│           num_workers: 8                                                      
│           timeout: 60                                                         
│           assign_files_by_size: true                                          
│           oov_token: null                                                     
│           masking_token: -1                                                   
│           sequence_length: 160                                                
│           padding_token: -1                                                   
│           drop_last: false                                                    
│           persistent_workers: true                                            
│           pin_memory: true                                                    
│           collate_fn:                                                         
│             _target_: src.data.loading.components.collate_functions.collate_wi
│             _partial_: true                                                   
│             sequence_length: 160                                              
│             padding_token: -1                                                 
│             sequence_field_name: sequence_data                                
│             behavior_field_name: behavior_data                                
│             sid_hierarchy: 3                                                  
│           dataset_config:                                                     
│             _target_: src.data.loading.components.interfaces.SemanticIDDataset
│             user_id_field: user_id                                            
│             min_sequence_length: 1                                            
│             iterate_per_row: true                                             
│             keep_user_id: true                                                
│             features_to_consider:                                             
│             - sequence_data                                                   
│             - behavior_data                                                   
│             - user_id                                                         
│             num_placeholder_tokens_map:                                       
│               sequence_data: 0                                                
│               behavior_data: 0                                                
│             semantic_id_map:                                                  
│               sequence_data:                                                  
│                 _target_: torch.load                                          
│                 _args_:                                                       
│                 - _target_: src.utils.file_utils.open_local_or_remote         
│                   file_path: /scratch/yw8866/logs/inference/runs/2026-05-06/20
│                   mode: rb                                                    
│             data_iterator:                                                    
│               _target_: src.data.loading.components.iterators.TFRecordIterator
│             preprocessing_functions:                                          
│             - _target_: src.data.loading.components.pre_processing.filter_feat
│               _partial_: true                                                 
│             - _target_: src.data.loading.components.pre_processing.convert_to_
│               _partial_: true                                                 
│             - _target_: src.data.loading.components.pre_processing.convert_fie
│               _partial_: true                                                 
│             - _target_: src.data.loading.components.pre_processing.map_sparse_
│               _partial_: true                                                 
│               features_to_apply:                                              
│               - sequence_data                                                 
│               num_hierarchies: 3                                              
│                                                                               
├── model
│   └── huggingface_model:                                                      
│         _target_: transformers.T5EncoderModel                                 
│         config:                                                               
│           _target_: transformers.T5Config                                     
│           vocab_size: 256                                                     
│           d_model: 128                                                        
│           num_heads: 6                                                        
│           dropout_rate: 0.15                                                  
│           d_ff: 1024                                                          
│           d_kv: 64                                                            
│           num_layers: 4                                                       
│       _target_: src.models.modules.semantic_id.mfd_generation_model.MFDMultiBe
│       use_modality_factorized: true                                           
│       mfd_top_k_shared: 10                                                    
│       mfd_top_k_text: 10                                                      
│       mfd_top_k_image: 10                                                     
│       mfd_pool_size: 50                                                       
│       mfd_tau: 1.0                                                            
│       mfd_catalog_constraint: true                                            
│       mfd_score_text: true                                                    
│       mfd_score_image: true                                                   
│       mfd_behavior_marginalized: true                                         
│       mfd_behavior_weight: 1.0                                                
│       mfd_audit_dump: true                                                    
│       mfd_audit_path: /scratch/yw8866/rec-tmall/mfd_audit_dump.pt             
│       mfd_audit_max_events: 200000                                            
│       mfd_audit_pv_cap: 100000                                                
│       feature_to_model_input_map:                                             
│         sequence_data: input_ids                                              
│         user_id: user_id                                                      
│       postprocessor: null                                                     
│       aggregator: null                                                        
│       loss_function:                                                          
│         _target_: torch.nn.CrossEntropyLoss                                   
│       optimizer:                                                              
│         _target_: torch.optim.Adam                                            
│         _partial_: true                                                       
│         lr: 0.001                                                             
│         weight_decay: 0.0001                                                  
│       scheduler: null                                                         
│       evaluator:                                                              
│         _target_: src.components.eval_metrics.MultiBehaviorSIDRetrievalEvaluat
│         buy_behavior_id: 3                                                    
│         probe_sid_distance: false                                             
│         top_k_list:                                                           
│         - 5                                                                   
│         - 10                                                                  
│         metrics:                                                              
│           ndcg:                                                               
│             _target_: src.components.eval_metrics.NDCG                        
│             _partial_: true                                                   
│           recall:                                                             
│             _target_: src.components.eval_metrics.Recall                      
│             _partial_: true                                                   
│       weight_tying: true                                                      
│       compile: false                                                          
│       decoder:                                                                
│         _target_: transformers.models.t5.modeling_t5.T5Stack                  
│         config:                                                               
│           _target_: transformers.models.t5.configuration_t5.T5Config          
│           vocab_size: 256                                                     
│           d_model: 128                                                        
│           num_heads: 6                                                        
│           dropout_rate: 0.15                                                  
│           d_ff: 1024                                                          
│           d_kv: 64                                                            
│           num_layers: 4                                                       
│           is_decoder: true                                                    
│           is_encoder_decoder: false                                           
│         embed_tokens:                                                         
│           _target_: torch.nn.Embedding                                        
│           num_embeddings: 256                                                 
│           embedding_dim: 128                                                  
│       num_hierarchies: 3                                                      
│       num_behaviors: 4                                                        
│       num_user_bins: null                                                     
│       codebooks:                                                              
│         _target_: torch.load                                                  
│         _args_:                                                               
│         - _target_: src.utils.file_utils.open_local_or_remote                 
│           file_path: /scratch/yw8866/logs/inference/runs/2026-05-06/2048_1024/
│           mode: rb                                                            
│       mlp_layers: 2                                                           
│       codebook_init_path: null                                                
│       codebook_sizes:                                                         
│       - 2048                                                                  
│       - 1024                                                                  
│       - 1024                                                                  
│       use_item_pe: false                                                      
│       item_pe_max_seq_len: 1024                                               
│       use_bmtv: false                                                         
│       bmtv_max_seq_len: 1024                                                  
│       focal_behavior: false                                                   
│       focal_gamma: 2.0                                                        
│       focal_alpha: null                                                       
│       behavior_weighted_sid: false                                            
│       sid_behavior_weights:                                                   
│       - 1.0                                                                   
│       - 3.0                                                                   
│       - 3.0                                                                   
│       - 8.0                                                                   
│       use_semantic_align: false                                               
│       semantic_align_weight: 1.0                                              
│       align_loss_type: mse                                                    
│       align_temperature: 0.07                                                 
│       use_semantic_rerank: false                                              
│       rerank_weight: 0.5                                                      
│       top_k_for_generation: 10                                                
│                                                                               
├── callbacks
│   └── model_checkpoint:                                                       
│         _target_: lightning.pytorch.callbacks.ModelCheckpoint                 
│         dirpath: /scratch/yw8866/logs/train/runs/2026-07-25/11-45-01/checkpoin
│         filename: checkpoint_{epoch:03d}_{step:06d}                           
│         monitor: val/t2_recall_5                                              
│         verbose: true                                                         
│         save_last: null                                                       
│         save_top_k: 1                                                         
│         mode: max                                                             
│         auto_insert_metric_name: true                                         
│         save_weights_only: false                                              
│         every_n_train_steps: null                                             
│         train_time_interval: null                                             
│         every_n_epochs: null                                                  
│         save_on_train_epoch_end: false                                        
│       early_stopping:                                                         
│         _target_: lightning.pytorch.callbacks.EarlyStopping                   
│         monitor: val/t2_recall_5                                              
│         min_delta: 0.0                                                        
│         patience: 6                                                           
│         verbose: true                                                         
│         mode: max                                                             
│         strict: true                                                          
│         check_finite: true                                                    
│         stopping_threshold: null                                              
│         divergence_threshold: null                                            
│         check_on_train_epoch_end: false                                       
│       model_summary:                                                          
│         _target_: lightning.pytorch.callbacks.RichModelSummary                
│         max_depth: -1                                                         
│       restart_job:                                                            
│         _target_: src.utils.restart_job.RestartAndLoadCheckpointCallback      
│         metadata_dir: /scratch/yw8866/logs/train/runs/2026-07-25/11-45-01/meta
│                                                                               
├── logger
│   └── csv:                                                                    
│         _target_: lightning.pytorch.loggers.csv_logs.CSVLogger                
│         save_dir: /scratch/yw8866/logs/train/runs/2026-07-25/11-45-01         
│         name: csv/                                                            
│         prefix: ''                                                            
│       wandb:                                                                  
│         _target_: lightning.pytorch.loggers.wandb.WandbLogger                 
│         project: MMMBGRec                                                     
│         name: tiger-mb-2026-07-25_11-45-01                                    
│         save_dir: /scratch/yw8866/logs/train/runs/2026-07-25/11-45-01         
│                                                                               
├── trainer
│   └── _target_: lightning.pytorch.trainer.Trainer                             
│       default_root_dir: /scratch/yw8866/logs/train/runs/2026-07-25/11-45-01   
│       min_steps: 1                                                            
│       max_steps: 320000                                                       
│       max_epochs: 10                                                          
│       accelerator: gpu                                                        
│       devices: -1                                                             
│       num_nodes: 1                                                            
│       precision: 32-true                                                      
│       log_every_n_steps: 100                                                  
│       val_check_interval: 5000                                                
│       deterministic: false                                                    
│       accumulate_grad_batches: 4                                              
│       limit_val_batches: 500                                                  
│       profiler:                                                               
│         _target_: lightning.pytorch.profilers.PassThroughProfiler             
│       strategy: ddp                                                           
│       sync_batchnorm: true                                                    
│       num_sanity_val_steps: 0                                                 
│       min_epochs: 0                                                           
│       limit_test_batches: 6000                                                
│                                                                               
├── paths
│   └── root_dir: .                                                             
│       data_dir: /scratch/yw8866/rec-tmall/tfrecords_mb_userdrop               
│       log_dir: ./logs                                                         
│       output_dir: /scratch/yw8866/logs/train/runs/2026-07-25/11-45-01         
│       work_dir: /scratch/yw8866                                               
│       profile_dir: ./logs/train/runs/2026-07-25/11-45-01/profile_output       
│       metadata_dir: /scratch/yw8866/logs/train/runs/2026-07-25/11-45-01/metada
│                                                                               
├── extras
│   └── ignore_warnings: false                                                  
│       enforce_tags: true                                                      
│       print_config_warnings: true                                             
│       print_config: true                                                      
│                                                                               
├── task_name
│   └── train                                                                   
├── id
│   └── 2026-07-25/11-45-01                                                     
├── tags
│   └── ['tiger-mb-mfd']                                                        
├── train
│   └── False                                                                   
├── test
│   └── True                                                                    
├── ckpt_path
│   └── /scratch/yw8866/rec-tmall/_mfd_audit_wb1.ckpt                           
├── seed
│   └── 42                                                                      
├── data_dir
│   └── /scratch/yw8866/rec-tmall/tfrecords_mb_userdrop                         
├── semantic_id_path
│   └── /scratch/yw8866/logs/inference/runs/2026-05-06/2048_1024/pickle/semantic
├── num_hierarchies
│   └── 3                                                                       
├── stride_per_item
│   └── 4                                                                       
├── sequence_length
│   └── 160                                                                     
├── num_behaviors
│   └── 4                                                                       
├── codebook_init_path
│   └── None                                                                    
├── codebook_sizes
│   └── [2048, 1024, 1024]                                                      
├── use_item_pe
│   └── False                                                                   
├── item_pe_max_seq_len
│   └── 1024                                                                    
├── use_bmtv
│   └── False                                                                   
├── bmtv_max_seq_len
│   └── 1024                                                                    
├── focal_behavior
│   └── False                                                                   
├── focal_gamma
│   └── 2.0                                                                     
├── focal_alpha
│   └── None                                                                    
├── behavior_weighted_sid
│   └── False                                                                   
├── sid_behavior_weights
│   └── [1.0, 3.0, 3.0, 8.0]                                                    
├── use_semantic_align
│   └── False                                                                   
├── semantic_align_weight
│   └── 1.0                                                                     
├── align_loss_type
│   └── mse                                                                     
├── align_temperature
│   └── 0.07                                                                    
├── use_semantic_rerank
│   └── False                                                                   
├── rerank_weight
│   └── 0.5                                                                     
├── top_k_for_generation
│   └── 10                                                                      
├── mfd_top_k_shared
│   └── 10                                                                      
├── mfd_top_k_text
│   └── 10                                                                      
├── mfd_top_k_image
│   └── 10                                                                      
├── mfd_pool_size
│   └── 50                                                                      
├── mfd_tau
│   └── 1.0                                                                     
├── mfd_catalog_constraint
│   └── True                                                                    
├── mfd_score_text
│   └── True                                                                    
├── mfd_score_image
│   └── True                                                                    
├── mfd_behavior_marginalized
│   └── True                                                                    
├── mfd_behavior_weight
│   └── 1.0                                                                     
├── mfd_audit_dump
│   └── True                                                                    
├── mfd_audit_path
│   └── /scratch/yw8866/rec-tmall/mfd_audit_dump.pt                             
├── mfd_audit_max_events
│   └── 200000                                                                  
├── mfd_audit_pv_cap
│   └── 100000                                                                  
├── probe_sid_distance
│   └── False                                                                   
├── loss
│   └── loss_function:                                                          
│         _target_: torch.nn.CrossEntropyLoss                                   
│                                                                               
├── optim
│   └── optimizer:                                                              
│         _target_: torch.optim.Adam                                            
│         _partial_: true                                                       
│         lr: 0.001                                                             
│         weight_decay: 0.0001                                                  
│       scheduler: null                                                         
│                                                                               
├── eval
│   └── evaluator:                                                              
│         _target_: src.components.eval_metrics.MultiBehaviorSIDRetrievalEvaluat
│         buy_behavior_id: 3                                                    
│         probe_sid_distance: false                                             
│         top_k_list:                                                           
│         - 5                                                                   
│         - 10                                                                  
│         metrics:                                                              
│           ndcg:                                                               
│             _target_: src.components.eval_metrics.NDCG                        
│             _partial_: true                                                   
│           recall:                                                             
│             _target_: src.components.eval_metrics.Recall                      
│             _partial_: true                                                   
│                                                                               
└── should_skip_retry
    └── True                                                                    
[[36m2026-07-25 11:45:01,584[0m][[34msrc.utils.restart_job[0m][[32mINFO[0m] - [rank: 0] should_skip_retry set to True. Skipping retry logic.[0m
[rank: 0] Seed set to 42
[[36m2026-07-25 11:45:01,666[0m][[34msrc.utils.launcher_utils[0m][[32mINFO[0m] - [rank: 0] Instantiating datamodule <src.data.loading.datamodules.sequence_datamodule.SequenceDataModule>[0m
[[36m2026-07-25 11:45:02,140[0m][[34msrc.utils.launcher_utils[0m][[32mINFO[0m] - [rank: 0] Instantiating model <src.models.modules.semantic_id.mfd_generation_model.MFDMultiBehaviorEncoderDecoder>[0m
[[36m2026-07-25 11:45:03,126[0m][[34msrc.utils.launcher_utils[0m][[32mINFO[0m] - [rank: 0] Instantiating callbacks...[0m
[[36m2026-07-25 11:45:03,126[0m][[34msrc.utils.instantiators[0m][[32mINFO[0m] - [rank: 0] Instantiating callback <lightning.pytorch.callbacks.ModelCheckpoint>[0m
[[36m2026-07-25 11:45:03,131[0m][[34msrc.utils.instantiators[0m][[32mINFO[0m] - [rank: 0] Instantiating callback <lightning.pytorch.callbacks.EarlyStopping>[0m
[[36m2026-07-25 11:45:03,134[0m][[34msrc.utils.instantiators[0m][[32mINFO[0m] - [rank: 0] Instantiating callback <lightning.pytorch.callbacks.RichModelSummary>[0m
[[36m2026-07-25 11:45:03,134[0m][[34msrc.utils.instantiators[0m][[32mINFO[0m] - [rank: 0] Instantiating callback <src.utils.restart_job.RestartAndLoadCheckpointCallback>[0m
[[36m2026-07-25 11:45:03,141[0m][[34msrc.utils.restart_job_utils[0m][[32mINFO[0m] - [rank: 0] Trying to load metadata from /scratch/yw8866/logs/train/runs/2026-07-25/11-45-01/metadata/restart_metadata.json[0m
[[36m2026-07-25 11:45:03,142[0m][[34msrc.utils.restart_job_utils[0m][[33mWARNING[0m] - [rank: 0] Metadata file not found at /scratch/yw8866/logs/train/runs/2026-07-25/11-45-01/metadata/restart_metadata.json. Creating empty metadata.[0m
[[36m2026-07-25 11:45:03,142[0m][[34msrc.utils.restart_job_utils[0m][[32mINFO[0m] - [rank: 0] Saving metadata to /scratch/yw8866/logs/train/runs/2026-07-25/11-45-01/metadata/restart_metadata.json. {'start_time': '2026-07-25T11:45:03.142431', 'restarts': [], 'current_run': 0, 'used_ports': [], 'world_size': 0, 'node_rank': 0, 'master_addr': '', 'original_args': ['/scratch/yw8866/GRID/src/train.py', 'experiment=tiger_mb_mfd_flat', 'train=false', 'test=true', 'ckpt_path=/scratch/yw8866/rec-tmall/_mfd_audit_wb1.ckpt', 'data_dir=/scratch/yw8866/rec-tmall/tfrecords_mb_userdrop', 'semantic_id_path=/scratch/yw8866/logs/inference/runs/2026-05-06/2048_1024/pickle/semantic_ids.pt', 'num_hierarchies=3', 'codebook_init_path=null', 'codebook_sizes=[2048,1024,1024]', 'mfd_behavior_marginalized=true', 'mfd_behavior_weight=1.0', 'mfd_audit_dump=true', 'mfd_audit_path=/scratch/yw8866/rec-tmall/mfd_audit_dump.pt', '+trainer.limit_test_batches=6000', '++should_skip_retry=True']}[0m
[[36m2026-07-25 11:45:03,150[0m][[34msrc.utils.launcher_utils[0m][[32mINFO[0m] - [rank: 0] Instantiating loggers...[0m
[[36m2026-07-25 11:45:03,150[0m][[34msrc.utils.instantiators[0m][[32mINFO[0m] - [rank: 0] Instantiating logger <lightning.pytorch.loggers.csv_logs.CSVLogger>[0m
[[36m2026-07-25 11:45:03,152[0m][[34msrc.utils.instantiators[0m][[32mINFO[0m] - [rank: 0] Authenticating to W&B![0m
[[36m2026-07-25 11:45:03,501[0m][[34msrc.utils.instantiators[0m][[32mINFO[0m] - [rank: 0] Instantiating logger <lightning.pytorch.loggers.wandb.WandbLogger>[0m
[[36m2026-07-25 11:45:03,508[0m][[34msrc.utils.launcher_utils[0m][[32mINFO[0m] - [rank: 0] Instantiating trainer <lightning.pytorch.trainer.Trainer>[0m
[[36m2026-07-25 11:45:03,510[0m][[34msrc.utils.restart_job_utils[0m][[32mINFO[0m] - [rank: 0] Trying to load metadata from /scratch/yw8866/logs/train/runs/2026-07-25/11-45-01/metadata/restart_metadata.json[0m
[[36m2026-07-25 11:45:03,514[0m][[34msrc.utils.restart_job_utils[0m][[32mINFO[0m] - [rank: 0] Metadata loaded successfully from /scratch/yw8866/logs/train/runs/2026-07-25/11-45-01/metadata/restart_metadata.json[0m
[[36m2026-07-25 11:45:03,514[0m][[34msrc.utils.restart_job_utils[0m][[32mINFO[0m] - [rank: 0] Retrieved current_run: 0 from metadata /scratch/yw8866/logs/train/runs/2026-07-25/11-45-01/metadata/restart_metadata.json[0m
Trainer already configured with model summary callbacks: [<class 'lightning.pytorch.callbacks.rich_model_summary.RichModelSummary'>]. Skipping setting a default `ModelSummary` callback.
GPU available: True (cuda), used: True
TPU available: False, using: 0 TPU cores
HPU available: False, using: 0 HPUs
[[36m2026-07-25 11:45:03,748[0m][[34msrc.utils.launcher_utils[0m][[32mINFO[0m] - [rank: 0] Logging hyperparameters![0m
wandb: WARNING Disabling SSL verification.  Connections to this server are not verified and may be insecure!
[[36m2026-07-25 11:45:09,921[0m][[34m__main__[0m][[32mINFO[0m] - [rank: 0] Starting testing![0m
Initializing distributed: GLOBAL_RANK: 0, MEMBER: 1/1
----------------------------------------------------------------------------------------------------
distributed_backend=nccl
All distributed processes registered. Starting with 1 processes
----------------------------------------------------------------------------------------------------

Restoring states from the checkpoint path at /scratch/yw8866/rec-tmall/_mfd_audit_wb1.ckpt
/ext3/miniforge3/envs/py310/lib/python3.10/site-packages/lightning/pytorch/callbacks/model_checkpoint.py:362: The dirpath has changed from '/scratch/yw8866/logs/train/runs/2026-07-19/10-14-24/checkpoints' to '/scratch/yw8866/logs/train/runs/2026-07-25/11-45-01/checkpoints', therefore `best_model_score`, `kth_best_model_path`, `kth_value`, `last_model_path` and `best_k_models` won't be reloaded. Only `best_model_path` will be reloaded.
LOCAL_RANK: 0 - CUDA_VISIBLE_DEVICES: [0]
Loaded model weights from the checkpoint at /scratch/yw8866/rec-tmall/_mfd_audit_wb1.ckpt
SLURM auto-requeueing enabled. Setting signal handlers.
Testing: |          | 0/? [00:00<?, ?it/s]Testing:   0%|          | 0/6000 [00:00<?, ?it/s]Testing DataLoader 0:   0%|          | 0/6000 [00:00<?, ?it/s]Testing DataLoader 0:   0%|          | 1/6000 [00:03<5:53:54,  0.28it/s]Testing DataLoader 0:   0%|          | 2/6000 [00:03<3:01:17,  0.55it/s]Testing DataLoader 0:   0%|          | 3/6000 [00:03<2:04:18,  0.80it/s]Testing DataLoader 0:   0%|          | 4/6000 [00:03<1:35:45,  1.04it/s]Testing DataLoader 0:   0%|          | 5/6000 [00:03<1:18:34,  1.27it/s]Testing DataLoader 0:   0%|          | 6/6000 [00:04<1:07:05,  1.49it/s]Testing DataLoader 0:   0%|          | 7/6000 [00:04<58:57,  1.69it/s]  Testing DataLoader 0:   0%|          | 8/6000 [00:04<52:48,  1.89it/s]Testing DataLoader 0:   0%|          | 9/6000 [00:04<48:03,  2.08it/s]Testing DataLoader 0:   0%|          | 10/6000 [00:04<44:15,  2.26it/s]Testing DataLoader 0:   0%|          | 11/6000 [00:04<41:08,  2.43it/s]Testing DataLoader 0:   0%|          | 12/6000 [00:04<38:32,  2.59it/s]Testing DataLoader 0:   0%|          | 13/6000 [00:04<36:18,  2.75it/s]Testing DataLoader 0:   0%|          | 14/6000 [00:04<34:25,  2.90it/s]Testing DataLoader 0:   0%|          | 15/6000 [00:04<32:48,  3.04it/s]Testing DataLoader 0:   0%|          | 16/6000 [00:05<31:22,  3.18it/s]Testing DataLoader 0:   0%|          | 17/6000 [00:05<30:05,  3.31it/s]Testing DataLoader 0:   0%|          | 18/6000 [00:05<28:45,  3.47it/s]Testing DataLoader 0:   0%|          | 19/6000 [00:05<27:46,  3.59it/s]Testing DataLoader 0:   0%|          | 20/6000 [00:05<26:53,  3.71it/s]Testing DataLoader 0:   0%|          | 21/6000 [00:05<26:04,  3.82it/s]Testing DataLoader 0:   0%|          | 22/6000 [00:05<25:18,  3.94it/s]Testing DataLoader 0:   0%|          | 23/6000 [00:05<24:37,  4.05it/s]Testing DataLoader 0:   0%|          | 24/6000 [00:05<24:00,  4.15it/s]Testing DataLoader 0:   0%|          | 25/6000 [00:05<23:25,  4.25it/s]Testing DataLoader 0:   0%|          | 26/6000 [00:05<22:53,  4.35it/s]Testing DataLoader 0:   0%|          | 27/6000 [00:06<22:25,  4.44it/s]Testing DataLoader 0:   0%|          | 28/6000 [00:06<21:58,  4.53it/s]Testing DataLoader 0:   0%|          | 29/6000 [00:06<21:32,  4.62it/s]Testing DataLoader 0:   0%|          | 30/6000 [00:06<21:08,  4.71it/s]Testing DataLoader 0:   1%|          | 31/6000 [00:06<20:46,  4.79it/s]Testing DataLoader 0:   1%|          | 32/6000 [00:06<20:25,  4.87it/s]Testing DataLoader 0:   1%|          | 33/6000 [00:06<20:05,  4.95it/s]Testing DataLoader 0:   1%|          | 34/6000 [00:06<19:46,  5.03it/s]Testing DataLoader 0:   1%|          | 35/6000 [00:06<19:29,  5.10it/s]Testing DataLoader 0:   1%|          | 36/6000 [00:06<19:13,  5.17it/s]Testing DataLoader 0:   1%|          | 37/6000 [00:07<18:58,  5.24it/s]Testing DataLoader 0:   1%|          | 38/6000 [00:07<18:43,  5.30it/s]Testing DataLoader 0:   1%|          | 39/6000 [00:07<18:30,  5.37it/s]Testing DataLoader 0:   1%|          | 40/6000 [00:07<18:16,  5.43it/s]Testing DataLoader 0:   1%|          | 41/6000 [00:07<18:04,  5.50it/s]Testing DataLoader 0:   1%|          | 42/6000 [00:07<17:51,  5.56it/s]Testing DataLoader 0:   1%|          | 43/6000 [00:07<17:40,  5.62it/s]Testing DataLoader 0:   1%|          | 44/6000 [00:07<17:29,  5.67it/s]Testing DataLoader 0:   1%|          | 45/6000 [00:07<17:19,  5.73it/s]Testing DataLoader 0:   1%|          | 46/6000 [00:07<17:09,  5.79it/s]Testing DataLoader 0:   1%|          | 47/6000 [00:08<16:59,  5.84it/s]Testing DataLoader 0:   1%|          | 48/6000 [00:08<16:49,  5.89it/s]Testing DataLoader 0:   1%|          | 49/6000 [00:08<16:40,  5.95it/s]Testing DataLoader 0:   1%|          | 50/6000 [00:08<16:32,  6.00it/s]Testing DataLoader 0:   1%|          | 51/6000 [00:08<16:24,  6.05it/s]Testing DataLoader 0:   1%|          | 52/6000 [00:08<16:15,  6.09it/s]Testing DataLoader 0:   1%|          | 53/6000 [00:08<16:08,  6.14it/s]Testing DataLoader 0:   1%|          | 54/6000 [00:08<16:01,  6.19it/s]Testing DataLoader 0:   1%|          | 55/6000 [00:08<15:53,  6.23it/s]Testing DataLoader 0:   1%|          | 56/6000 [00:08<15:46,  6.28it/s]Testing DataLoader 0:   1%|          | 57/6000 [00:09<15:40,  6.32it/s]Testing DataLoader 0:   1%|          | 58/6000 [00:09<15:33,  6.36it/s]Testing DataLoader 0:   1%|          | 59/6000 [00:09<15:27,  6.41it/s]Testing DataLoader 0:   1%|          | 60/6000 [00:09<15:21,  6.45it/s]Testing DataLoader 0:   1%|          | 61/6000 [00:09<15:15,  6.49it/s]Testing DataLoader 0:   1%|          | 62/6000 [00:09<15:09,  6.53it/s]Testing DataLoader 0:   1%|          | 63/6000 [00:09<15:04,  6.56it/s]Testing DataLoader 0:   1%|          | 64/6000 [00:09<14:59,  6.60it/s]Testing DataLoader 0:   1%|          | 65/6000 [00:09<14:54,  6.64it/s]Testing DataLoader 0:   1%|          | 66/6000 [00:09<14:48,  6.68it/s]Testing DataLoader 0:   1%|          | 67/6000 [00:09<14:43,  6.71it/s]Testing DataLoader 0:   1%|          | 68/6000 [00:10<14:39,  6.75it/s]Testing DataLoader 0:   1%|          | 69/6000 [00:10<14:34,  6.78it/s]Testing DataLoader 0:   1%|          | 70/6000 [00:10<14:30,  6.81it/s]Testing DataLoader 0:   1%|          | 71/6000 [00:10<14:25,  6.85it/s]Testing DataLoader 0:   1%|          | 72/6000 [00:10<14:21,  6.88it/s]Testing DataLoader 0:   1%|          | 73/6000 [00:10<14:17,  6.91it/s]Testing DataLoader 0:   1%|          | 74/6000 [00:10<14:12,  6.95it/s]Testing DataLoader 0:   1%|▏         | 75/6000 [00:10<14:09,  6.98it/s]Testing DataLoader 0:   1%|▏         | 76/6000 [00:10<14:05,  7.01it/s]Testing DataLoader 0:   1%|▏         | 77/6000 [00:10<14:01,  7.04it/s]Testing DataLoader 0:   1%|▏         | 78/6000 [00:11<13:58,  7.06it/s]Testing DataLoader 0:   1%|▏         | 79/6000 [00:11<13:54,  7.09it/s]Testing DataLoader 0:   1%|▏         | 80/6000 [00:11<13:51,  7.12it/s]Testing DataLoader 0:   1%|▏         | 81/6000 [00:11<13:47,  7.15it/s]Testing DataLoader 0:   1%|▏         | 82/6000 [00:11<13:45,  7.17it/s]Testing DataLoader 0:   1%|▏         | 83/6000 [00:11<13:42,  7.20it/s]Testing DataLoader 0:   1%|▏         | 84/6000 [00:11<13:39,  7.22it/s]Testing DataLoader 0:   1%|▏         | 85/6000 [00:11<13:36,  7.25it/s]Testing DataLoader 0:   1%|▏         | 86/6000 [00:11<13:33,  7.27it/s]Testing DataLoader 0:   1%|▏         | 87/6000 [00:11<13:30,  7.29it/s]Testing DataLoader 0:   1%|▏         | 88/6000 [00:12<13:28,  7.31it/s]Testing DataLoader 0:   1%|▏         | 89/6000 [00:12<13:25,  7.34it/s]Testing DataLoader 0:   2%|▏         | 90/6000 [00:12<13:22,  7.36it/s]Testing DataLoader 0:   2%|▏         | 91/6000 [00:12<13:19,  7.39it/s]Testing DataLoader 0:   2%|▏         | 92/6000 [00:12<13:16,  7.42it/s]Testing DataLoader 0:   2%|▏         | 93/6000 [00:12<13:13,  7.44it/s]Testing DataLoader 0:   2%|▏         | 94/6000 [00:12<13:09,  7.48it/s]Testing DataLoader 0:   2%|▏         | 95/6000 [00:12<13:07,  7.50it/s]Testing DataLoader 0:   2%|▏         | 96/6000 [00:12<13:04,  7.52it/s]Testing DataLoader 0:   2%|▏         | 97/6000 [00:12<13:02,  7.54it/s]Testing DataLoader 0:   2%|▏         | 98/6000 [00:12<13:00,  7.56it/s]Testing DataLoader 0:   2%|▏         | 99/6000 [00:13<12:58,  7.58it/s]Testing DataLoader 0:   2%|▏         | 100/6000 [00:13<12:56,  7.60it/s]Testing DataLoader 0:   2%|▏         | 101/6000 [00:13<12:54,  7.61it/s]Testing DataLoader 0:   2%|▏         | 102/6000 [00:13<12:52,  7.63it/s]Testing DataLoader 0:   2%|▏         | 103/6000 [00:13<12:50,  7.65it/s]Testing DataLoader 0:   2%|▏         | 104/6000 [00:13<12:48,  7.67it/s]Testing DataLoader 0:   2%|▏         | 105/6000 [00:13<12:46,  7.69it/s]Testing DataLoader 0:   2%|▏         | 106/6000 [00:13<12:44,  7.71it/s]Testing DataLoader 0:   2%|▏         | 107/6000 [00:13<12:42,  7.73it/s]Testing DataLoader 0:   2%|▏         | 108/6000 [00:13<12:40,  7.74it/s]Testing DataLoader 0:   2%|▏         | 109/6000 [00:14<12:38,  7.76it/s]Testing DataLoader 0:   2%|▏         | 110/6000 [00:14<12:37,  7.78it/s]Testing DataLoader 0:   2%|▏         | 111/6000 [00:14<12:35,  7.80it/s]Testing DataLoader 0:   2%|▏         | 112/6000 [00:14<12:33,  7.81it/s]Testing DataLoader 0:   2%|▏         | 113/6000 [00:14<12:32,  7.83it/s]Testing DataLoader 0:   2%|▏         | 114/6000 [00:14<12:30,  7.84it/s]Testing DataLoader 0:   2%|▏         | 115/6000 [00:14<12:28,  7.86it/s]Testing DataLoader 0:   2%|▏         | 116/6000 [00:14<12:27,  7.87it/s]Testing DataLoader 0:   2%|▏         | 117/6000 [00:14<12:25,  7.89it/s]Testing DataLoader 0:   2%|▏         | 118/6000 [00:14<12:24,  7.90it/s]Testing DataLoader 0:   2%|▏         | 119/6000 [00:15<12:22,  7.92it/s]Testing DataLoader 0:   2%|▏         | 120/6000 [00:15<12:21,  7.93it/s]Testing DataLoader 0:   2%|▏         | 121/6000 [00:15<12:20,  7.94it/s]Testing DataLoader 0:   2%|▏         | 122/6000 [00:15<12:18,  7.96it/s]Testing DataLoader 0:   2%|▏         | 123/6000 [00:15<12:17,  7.97it/s]Testing DataLoader 0:   2%|▏         | 124/6000 [00:15<12:15,  7.99it/s]Testing DataLoader 0:   2%|▏         | 125/6000 [00:15<12:14,  8.00it/s]Testing DataLoader 0:   2%|▏         | 126/6000 [00:15<12:12,  8.01it/s]Testing DataLoader 0:   2%|▏         | 127/6000 [00:15<12:11,  8.03it/s]Testing DataLoader 0:   2%|▏         | 128/6000 [00:15<12:10,  8.04it/s]Testing DataLoader 0:   2%|▏         | 129/6000 [00:16<12:08,  8.06it/s]Testing DataLoader 0:   2%|▏         | 130/6000 [00:16<12:07,  8.07it/s]Testing DataLoader 0:   2%|▏         | 131/6000 [00:16<12:05,  8.09it/s]Testing DataLoader 0:   2%|▏         | 132/6000 [00:16<12:04,  8.10it/s]Testing DataLoader 0:   2%|▏         | 133/6000 [00:16<12:03,  8.11it/s]Testing DataLoader 0:   2%|▏         | 134/6000 [00:16<12:01,  8.13it/s]Testing DataLoader 0:   2%|▏         | 135/6000 [00:16<12:00,  8.14it/s]Testing DataLoader 0:   2%|▏         | 136/6000 [00:16<11:59,  8.15it/s]Testing DataLoader 0:   2%|▏         | 137/6000 [00:16<11:57,  8.17it/s]Testing DataLoader 0:   2%|▏         | 138/6000 [00:16<11:56,  8.18it/s]Testing DataLoader 0:   2%|▏         | 139/6000 [00:16<11:55,  8.19it/s]Testing DataLoader 0:   2%|▏         | 140/6000 [00:17<11:54,  8.21it/s]Testing DataLoader 0:   2%|▏         | 141/6000 [00:17<11:52,  8.22it/s]Testing DataLoader 0:   2%|▏         | 142/6000 [00:17<11:51,  8.23it/s]Testing DataLoader 0:   2%|▏         | 143/6000 [00:17<11:50,  8.24it/s]Testing DataLoader 0:   2%|▏         | 144/6000 [00:17<11:49,  8.26it/s]Testing DataLoader 0:   2%|▏         | 145/6000 [00:17<11:48,  8.27it/s]Testing DataLoader 0:   2%|▏         | 146/6000 [00:17<11:47,  8.28it/s]Testing DataLoader 0:   2%|▏         | 147/6000 [00:17<11:46,  8.29it/s]Testing DataLoader 0:   2%|▏         | 148/6000 [00:17<11:45,  8.30it/s]Testing DataLoader 0:   2%|▏         | 149/6000 [00:17<11:44,  8.31it/s]Testing DataLoader 0:   2%|▎         | 150/6000 [00:18<11:42,  8.32it/s]Testing DataLoader 0:   3%|▎         | 151/6000 [00:18<11:42,  8.33it/s]Testing DataLoader 0:   3%|▎         | 152/6000 [00:18<11:40,  8.34it/s]Testing DataLoader 0:   3%|▎         | 153/6000 [00:18<11:39,  8.35it/s]Testing DataLoader 0:   3%|▎         | 154/6000 [00:18<11:38,  8.36it/s]Testing DataLoader 0:   3%|▎         | 155/6000 [00:18<11:37,  8.38it/s]Testing DataLoader 0:   3%|▎         | 156/6000 [00:18<11:36,  8.39it/s]Testing DataLoader 0:   3%|▎         | 157/6000 [00:18<11:35,  8.40it/s]Testing DataLoader 0:   3%|▎         | 158/6000 [00:18<11:35,  8.41it/s]Testing DataLoader 0:   3%|▎         | 159/6000 [00:18<11:34,  8.42it/s]Testing DataLoader 0:   3%|▎         | 160/6000 [00:18<11:33,  8.42it/s]Testing DataLoader 0:   3%|▎         | 161/6000 [00:19<11:32,  8.43it/s]Testing DataLoader 0:   3%|▎         | 162/6000 [00:19<11:31,  8.44it/s]Testing DataLoader 0:   3%|▎         | 163/6000 [00:19<11:30,  8.46it/s]Testing DataLoader 0:   3%|▎         | 164/6000 [00:19<11:29,  8.46it/s]Testing DataLoader 0:   3%|▎         | 165/6000 [00:19<11:28,  8.47it/s]Testing DataLoader 0:   3%|▎         | 166/6000 [00:19<11:27,  8.48it/s]Testing DataLoader 0:   3%|▎         | 167/6000 [00:19<11:26,  8.49it/s]Testing DataLoader 0:   3%|▎         | 168/6000 [00:19<11:25,  8.50it/s]Testing DataLoader 0:   3%|▎         | 169/6000 [00:19<11:25,  8.51it/s]Testing DataLoader 0:   3%|▎         | 170/6000 [00:19<11:24,  8.52it/s]Testing DataLoader 0:   3%|▎         | 171/6000 [00:20<11:23,  8.52it/s]Testing DataLoader 0:   3%|▎         | 172/6000 [00:20<11:23,  8.53it/s]Testing DataLoader 0:   3%|▎         | 173/6000 [00:20<11:22,  8.54it/s]Testing DataLoader 0:   3%|▎         | 174/6000 [00:20<11:21,  8.55it/s]Testing DataLoader 0:   3%|▎         | 175/6000 [00:20<11:20,  8.56it/s]Testing DataLoader 0:   3%|▎         | 176/6000 [00:20<11:19,  8.57it/s]Testing DataLoader 0:   3%|▎         | 177/6000 [00:20<11:19,  8.57it/s]Testing DataLoader 0:   3%|▎         | 178/6000 [00:20<11:18,  8.58it/s]Testing DataLoader 0:   3%|▎         | 179/6000 [00:20<11:17,  8.59it/s]Testing DataLoader 0:   3%|▎         | 180/6000 [00:20<11:16,  8.60it/s]Testing DataLoader 0:   3%|▎         | 181/6000 [00:21<11:15,  8.61it/s]Testing DataLoader 0:   3%|▎         | 182/6000 [00:21<11:15,  8.62it/s]Testing DataLoader 0:   3%|▎         | 183/6000 [00:21<11:14,  8.63it/s]Testing DataLoader 0:   3%|▎         | 184/6000 [00:21<11:13,  8.63it/s]Testing DataLoader 0:   3%|▎         | 185/6000 [00:21<11:12,  8.64it/s]Testing DataLoader 0:   3%|▎         | 186/6000 [00:21<11:12,  8.65it/s]Testing DataLoader 0:   3%|▎         | 187/6000 [00:21<11:11,  8.66it/s]Testing DataLoader 0:   3%|▎         | 188/6000 [00:21<11:10,  8.67it/s]Testing DataLoader 0:   3%|▎         | 189/6000 [00:21<11:09,  8.67it/s]Testing DataLoader 0:   3%|▎         | 190/6000 [00:21<11:09,  8.68it/s]Testing DataLoader 0:   3%|▎         | 191/6000 [00:21<11:08,  8.69it/s]Testing DataLoader 0:   3%|▎         | 192/6000 [00:22<11:07,  8.70it/s]Testing DataLoader 0:   3%|▎         | 193/6000 [00:22<11:07,  8.70it/s]Testing DataLoader 0:   3%|▎         | 194/6000 [00:22<11:06,  8.71it/s]Testing DataLoader 0:   3%|▎         | 195/6000 [00:22<11:05,  8.72it/s]Testing DataLoader 0:   3%|▎         | 196/6000 [00:22<11:05,  8.72it/s]Testing DataLoader 0:   3%|▎         | 197/6000 [00:22<11:04,  8.73it/s]Testing DataLoader 0:   3%|▎         | 198/6000 [00:22<11:04,  8.74it/s]Testing DataLoader 0:   3%|▎         | 199/6000 [00:22<11:03,  8.74it/s]Testing DataLoader 0:   3%|▎         | 200/6000 [00:22<11:03,  8.75it/s]Testing DataLoader 0:   3%|▎         | 201/6000 [00:22<11:02,  8.75it/s]Testing DataLoader 0:   3%|▎         | 202/6000 [00:23<11:01,  8.76it/s]Testing DataLoader 0:   3%|▎         | 203/6000 [00:23<11:01,  8.77it/s]Testing DataLoader 0:   3%|▎         | 204/6000 [00:23<11:00,  8.77it/s]Testing DataLoader 0:   3%|▎         | 205/6000 [00:23<10:59,  8.78it/s]Testing DataLoader 0:   3%|▎         | 206/6000 [00:23<10:59,  8.79it/s]Testing DataLoader 0:   3%|▎         | 207/6000 [00:23<10:58,  8.79it/s]Testing DataLoader 0:   3%|▎         | 208/6000 [00:23<10:58,  8.80it/s]Testing DataLoader 0:   3%|▎         | 209/6000 [00:23<10:57,  8.81it/s]Testing DataLoader 0:   4%|▎         | 210/6000 [00:23<10:57,  8.81it/s]Testing DataLoader 0:   4%|▎         | 211/6000 [00:23<10:56,  8.82it/s]Testing DataLoader 0:   4%|▎         | 212/6000 [00:24<10:55,  8.83it/s]Testing DataLoader 0:   4%|▎         | 213/6000 [00:24<10:55,  8.83it/s]Testing DataLoader 0:   4%|▎         | 214/6000 [00:24<10:54,  8.84it/s]Testing DataLoader 0:   4%|▎         | 215/6000 [00:24<10:54,  8.84it/s]Testing DataLoader 0:   4%|▎         | 216/6000 [00:24<10:53,  8.85it/s]Testing DataLoader 0:   4%|▎         | 217/6000 [00:24<10:53,  8.85it/s]Testing DataLoader 0:   4%|▎         | 218/6000 [00:24<10:52,  8.86it/s]Testing DataLoader 0:   4%|▎         | 219/6000 [00:24<10:52,  8.87it/s]Testing DataLoader 0:   4%|▎         | 220/6000 [00:24<10:51,  8.87it/s]Testing DataLoader 0:   4%|▎         | 221/6000 [00:24<10:50,  8.88it/s]Testing DataLoader 0:   4%|▎         | 222/6000 [00:24<10:50,  8.88it/s]Testing DataLoader 0:   4%|▎         | 223/6000 [00:25<10:49,  8.89it/s]Testing DataLoader 0:   4%|▎         | 224/6000 [00:25<10:49,  8.90it/s]Testing DataLoader 0:   4%|▍         | 225/6000 [00:25<10:48,  8.90it/s]Testing DataLoader 0:   4%|▍         | 226/6000 [00:25<10:48,  8.90it/s]Testing DataLoader 0:   4%|▍         | 227/6000 [00:25<10:48,  8.91it/s]Testing DataLoader 0:   4%|▍         | 228/6000 [00:25<10:47,  8.91it/s]Testing DataLoader 0:   4%|▍         | 229/6000 [00:25<10:47,  8.91it/s]Testing DataLoader 0:   4%|▍         | 230/6000 [00:25<10:46,  8.92it/s]Testing DataLoader 0:   4%|▍         | 231/6000 [00:25<10:46,  8.93it/s]Testing DataLoader 0:   4%|▍         | 232/6000 [00:25<10:45,  8.93it/s]Testing DataLoader 0:   4%|▍         | 233/6000 [00:26<10:45,  8.93it/s]Testing DataLoader 0:   4%|▍         | 234/6000 [00:26<10:44,  8.94it/s]Testing DataLoader 0:   4%|▍         | 235/6000 [00:26<10:44,  8.95it/s]Testing DataLoader 0:   4%|▍         | 236/6000 [00:26<10:43,  8.95it/s]Testing DataLoader 0:   4%|▍         | 237/6000 [00:26<10:43,  8.96it/s]Testing DataLoader 0:   4%|▍         | 238/6000 [00:26<10:42,  8.96it/s]Testing DataLoader 0:   4%|▍         | 239/6000 [00:26<10:42,  8.97it/s]Testing DataLoader 0:   4%|▍         | 240/6000 [00:26<10:41,  8.97it/s]Testing DataLoader 0:   4%|▍         | 241/6000 [00:26<10:41,  8.98it/s]Testing DataLoader 0:   4%|▍         | 242/6000 [00:26<10:40,  8.98it/s]Testing DataLoader 0:   4%|▍         | 243/6000 [00:27<10:40,  8.99it/s]Testing DataLoader 0:   4%|▍         | 244/6000 [00:27<10:39,  8.99it/s]Testing DataLoader 0:   4%|▍         | 245/6000 [00:27<10:39,  9.00it/s]Testing DataLoader 0:   4%|▍         | 246/6000 [00:27<10:39,  9.00it/s]Testing DataLoader 0:   4%|▍         | 247/6000 [00:27<10:38,  9.01it/s]Testing DataLoader 0:   4%|▍         | 248/6000 [00:27<10:38,  9.01it/s]Testing DataLoader 0:   4%|▍         | 249/6000 [00:27<10:37,  9.01it/s]Testing DataLoader 0:   4%|▍         | 250/6000 [00:27<10:37,  9.02it/s]Testing DataLoader 0:   4%|▍         | 251/6000 [00:27<10:37,  9.02it/s]Testing DataLoader 0:   4%|▍         | 252/6000 [00:27<10:36,  9.03it/s]Testing DataLoader 0:   4%|▍         | 253/6000 [00:28<10:36,  9.03it/s]Testing DataLoader 0:   4%|▍         | 254/6000 [00:28<10:35,  9.04it/s]Testing DataLoader 0:   4%|▍         | 255/6000 [00:28<10:35,  9.04it/s]Testing DataLoader 0:   4%|▍         | 256/6000 [00:28<10:34,  9.05it/s]Testing DataLoader 0:   4%|▍         | 257/6000 [00:28<10:34,  9.05it/s]Testing DataLoader 0:   4%|▍         | 258/6000 [00:28<10:33,  9.06it/s]Testing DataLoader 0:   4%|▍         | 259/6000 [00:28<10:33,  9.06it/s]Testing DataLoader 0:   4%|▍         | 260/6000 [00:28<10:33,  9.06it/s]Testing DataLoader 0:   4%|▍         | 261/6000 [00:28<10:32,  9.07it/s]Testing DataLoader 0:   4%|▍         | 262/6000 [00:28<10:32,  9.07it/s]Testing DataLoader 0:   4%|▍         | 263/6000 [00:28<10:31,  9.08it/s]Testing DataLoader 0:   4%|▍         | 264/6000 [00:29<10:31,  9.08it/s]Testing DataLoader 0:   4%|▍         | 265/6000 [00:29<10:31,  9.08it/s]Testing DataLoader 0:   4%|▍         | 266/6000 [00:29<10:30,  9.09it/s]Testing DataLoader 0:   4%|▍         | 267/6000 [00:29<10:30,  9.09it/s]Testing DataLoader 0:   4%|▍         | 268/6000 [00:29<10:30,  9.10it/s]Testing DataLoader 0:   4%|▍         | 269/6000 [00:29<10:29,  9.10it/s]Testing DataLoader 0:   4%|▍         | 270/6000 [00:29<10:29,  9.10it/s]Testing DataLoader 0:   5%|▍         | 271/6000 [00:29<10:29,  9.10it/s]Testing DataLoader 0:   5%|▍         | 272/6000 [00:29<10:28,  9.11it/s]Testing DataLoader 0:   5%|▍         | 273/6000 [00:29<10:28,  9.11it/s]Testing DataLoader 0:   5%|▍         | 274/6000 [00:30<10:28,  9.12it/s]Testing DataLoader 0:   5%|▍         | 275/6000 [00:30<10:27,  9.12it/s]Testing DataLoader 0:   5%|▍         | 276/6000 [00:30<10:27,  9.13it/s]Testing DataLoader 0:   5%|▍         | 277/6000 [00:30<10:26,  9.13it/s]Testing DataLoader 0:   5%|▍         | 278/6000 [00:30<10:26,  9.14it/s]Testing DataLoader 0:   5%|▍         | 279/6000 [00:30<10:25,  9.14it/s]Testing DataLoader 0:   5%|▍         | 280/6000 [00:30<10:25,  9.14it/s]Testing DataLoader 0:   5%|▍         | 281/6000 [00:30<10:25,  9.15it/s]Testing DataLoader 0:   5%|▍         | 282/6000 [00:30<10:24,  9.15it/s]Testing DataLoader 0:   5%|▍         | 283/6000 [00:30<10:24,  9.16it/s]Testing DataLoader 0:   5%|▍         | 284/6000 [00:30<10:23,  9.16it/s]Testing DataLoader 0:   5%|▍         | 285/6000 [00:31<10:23,  9.17it/s]Testing DataLoader 0:   5%|▍         | 286/6000 [00:31<10:23,  9.17it/s]Testing DataLoader 0:   5%|▍         | 287/6000 [00:31<10:22,  9.17it/s]Testing DataLoader 0:   5%|▍         | 288/6000 [00:31<10:22,  9.18it/s]Testing DataLoader 0:   5%|▍         | 289/6000 [00:31<10:21,  9.18it/s]Testing DataLoader 0:   5%|▍         | 290/6000 [00:31<10:21,  9.19it/s]Testing DataLoader 0:   5%|▍         | 291/6000 [00:31<10:21,  9.19it/s]Testing DataLoader 0:   5%|▍         | 292/6000 [00:31<10:20,  9.20it/s]Testing DataLoader 0:   5%|▍         | 293/6000 [00:31<10:20,  9.20it/s]Testing DataLoader 0:   5%|▍         | 294/6000 [00:31<10:20,  9.20it/s]Testing DataLoader 0:   5%|▍         | 295/6000 [00:32<10:19,  9.21it/s]Testing DataLoader 0:   5%|▍         | 296/6000 [00:32<10:19,  9.21it/s]Testing DataLoader 0:   5%|▍         | 297/6000 [00:32<10:18,  9.21it/s]Testing DataLoader 0:   5%|▍         | 298/6000 [00:32<10:18,  9.22it/s]Testing DataLoader 0:   5%|▍         | 299/6000 [00:32<10:18,  9.22it/s]Testing DataLoader 0:   5%|▌         | 300/6000 [00:32<10:18,  9.22it/s]Testing DataLoader 0:   5%|▌         | 301/6000 [00:32<10:17,  9.23it/s]Testing DataLoader 0:   5%|▌         | 302/6000 [00:32<10:17,  9.23it/s]Testing DataLoader 0:   5%|▌         | 303/6000 [00:32<10:17,  9.23it/s]Testing DataLoader 0:   5%|▌         | 304/6000 [00:32<10:16,  9.24it/s]Testing DataLoader 0:   5%|▌         | 305/6000 [00:33<10:16,  9.24it/s]Testing DataLoader 0:   5%|▌         | 306/6000 [00:33<10:16,  9.24it/s]Testing DataLoader 0:   5%|▌         | 307/6000 [00:33<10:15,  9.24it/s]Testing DataLoader 0:   5%|▌         | 308/6000 [00:33<10:15,  9.25it/s]Testing DataLoader 0:   5%|▌         | 309/6000 [00:33<10:15,  9.25it/s]Testing DataLoader 0:   5%|▌         | 310/6000 [00:33<10:14,  9.25it/s]Testing DataLoader 0:   5%|▌         | 311/6000 [00:33<10:14,  9.26it/s]Testing DataLoader 0:   5%|▌         | 312/6000 [00:33<10:14,  9.26it/s]Testing DataLoader 0:   5%|▌         | 313/6000 [00:33<10:13,  9.26it/s]Testing DataLoader 0:   5%|▌         | 314/6000 [00:33<10:13,  9.27it/s]Testing DataLoader 0:   5%|▌         | 315/6000 [00:33<10:13,  9.27it/s]Testing DataLoader 0:   5%|▌         | 316/6000 [00:34<10:12,  9.27it/s]Testing DataLoader 0:   5%|▌         | 317/6000 [00:34<10:12,  9.28it/s]Testing DataLoader 0:   5%|▌         | 318/6000 [00:34<10:12,  9.28it/s]Testing DataLoader 0:   5%|▌         | 319/6000 [00:34<10:12,  9.28it/s]Testing DataLoader 0:   5%|▌         | 320/6000 [00:34<10:11,  9.29it/s]Testing DataLoader 0:   5%|▌         | 321/6000 [00:34<10:11,  9.29it/s]Testing DataLoader 0:   5%|▌         | 322/6000 [00:34<10:10,  9.30it/s]Testing DataLoader 0:   5%|▌         | 323/6000 [00:34<10:10,  9.30it/s]Testing DataLoader 0:   5%|▌         | 324/6000 [00:34<10:10,  9.30it/s]Testing DataLoader 0:   5%|▌         | 325/6000 [00:34<10:09,  9.30it/s]Testing DataLoader 0:   5%|▌         | 326/6000 [00:35<10:09,  9.31it/s]Testing DataLoader 0:   5%|▌         | 327/6000 [00:35<10:09,  9.31it/s]Testing DataLoader 0:   5%|▌         | 328/6000 [00:35<10:09,  9.31it/s]Testing DataLoader 0:   5%|▌         | 329/6000 [00:35<10:08,  9.32it/s]Testing DataLoader 0:   6%|▌         | 330/6000 [00:35<10:08,  9.32it/s]Testing DataLoader 0:   6%|▌         | 331/6000 [00:35<10:08,  9.32it/s]Testing DataLoader 0:   6%|▌         | 332/6000 [00:35<10:07,  9.32it/s]Testing DataLoader 0:   6%|▌         | 333/6000 [00:35<10:07,  9.33it/s]Testing DataLoader 0:   6%|▌         | 334/6000 [00:35<10:07,  9.33it/s]Testing DataLoader 0:   6%|▌         | 335/6000 [00:35<10:06,  9.33it/s]Testing DataLoader 0:   6%|▌         | 336/6000 [00:35<10:06,  9.34it/s]Testing DataLoader 0:   6%|▌         | 337/6000 [00:36<10:06,  9.34it/s]Testing DataLoader 0:   6%|▌         | 338/6000 [00:36<10:05,  9.34it/s]Testing DataLoader 0:   6%|▌         | 339/6000 [00:36<10:05,  9.35it/s]Testing DataLoader 0:   6%|▌         | 340/6000 [00:36<10:05,  9.35it/s]Testing DataLoader 0:   6%|▌         | 341/6000 [00:36<10:05,  9.35it/s]Testing DataLoader 0:   6%|▌         | 342/6000 [00:36<10:04,  9.36it/s]Testing DataLoader 0:   6%|▌         | 343/6000 [00:36<10:04,  9.36it/s]Testing DataLoader 0:   6%|▌         | 344/6000 [00:36<10:04,  9.36it/s]Testing DataLoader 0:   6%|▌         | 345/6000 [00:36<10:03,  9.37it/s]Testing DataLoader 0:   6%|▌         | 346/6000 [00:36<10:03,  9.37it/s]Testing DataLoader 0:   6%|▌         | 347/6000 [00:37<10:03,  9.37it/s]Testing DataLoader 0:   6%|▌         | 348/6000 [00:37<10:02,  9.37it/s]Testing DataLoader 0:   6%|▌         | 349/6000 [00:37<10:02,  9.38it/s]Testing DataLoader 0:   6%|▌         | 350/6000 [00:37<10:02,  9.38it/s]Testing DataLoader 0:   6%|▌         | 351/6000 [00:37<10:02,  9.38it/s]Testing DataLoader 0:   6%|▌         | 352/6000 [00:37<10:02,  9.38it/s]Testing DataLoader 0:   6%|▌         | 353/6000 [00:37<10:01,  9.38it/s]Testing DataLoader 0:   6%|▌         | 354/6000 [00:37<10:01,  9.38it/s]Testing DataLoader 0:   6%|▌         | 355/6000 [00:37<10:01,  9.39it/s]Testing DataLoader 0:   6%|▌         | 356/6000 [00:37<10:01,  9.39it/s]Testing DataLoader 0:   6%|▌         | 357/6000 [00:38<10:00,  9.39it/s]Testing DataLoader 0:   6%|▌         | 358/6000 [00:38<10:00,  9.40it/s]Testing DataLoader 0:   6%|▌         | 359/6000 [00:38<10:00,  9.40it/s]Testing DataLoader 0:   6%|▌         | 360/6000 [00:38<10:00,  9.40it/s]Testing DataLoader 0:   6%|▌         | 361/6000 [00:38<09:59,  9.40it/s]Testing DataLoader 0:   6%|▌         | 362/6000 [00:38<09:59,  9.40it/s]Testing DataLoader 0:   6%|▌         | 363/6000 [00:38<09:59,  9.41it/s]Testing DataLoader 0:   6%|▌         | 364/6000 [00:38<09:58,  9.41it/s]Testing DataLoader 0:   6%|▌         | 365/6000 [00:38<09:58,  9.41it/s]Testing DataLoader 0:   6%|▌         | 366/6000 [00:38<09:58,  9.41it/s]Testing DataLoader 0:   6%|▌         | 367/6000 [00:38<09:58,  9.42it/s]Testing DataLoader 0:   6%|▌         | 368/6000 [00:39<09:57,  9.42it/s]Testing DataLoader 0:   6%|▌         | 369/6000 [00:39<09:57,  9.42it/s]Testing DataLoader 0:   6%|▌         | 370/6000 [00:39<09:57,  9.42it/s]Testing DataLoader 0:   6%|▌         | 371/6000 [00:39<09:57,  9.43it/s]Testing DataLoader 0:   6%|▌         | 372/6000 [00:39<09:56,  9.43it/s]Testing DataLoader 0:   6%|▌         | 373/6000 [00:39<09:56,  9.43it/s]Testing DataLoader 0:   6%|▌         | 374/6000 [00:39<09:56,  9.44it/s]Testing DataLoader 0:   6%|▋         | 375/6000 [00:39<09:55,  9.44it/s]Testing DataLoader 0:   6%|▋         | 376/6000 [00:39<09:55,  9.44it/s]Testing DataLoader 0:   6%|▋         | 377/6000 [00:39<09:55,  9.44it/s]Testing DataLoader 0:   6%|▋         | 378/6000 [00:40<09:55,  9.45it/s]Testing DataLoader 0:   6%|▋         | 379/6000 [00:40<09:54,  9.45it/s]Testing DataLoader 0:   6%|▋         | 380/6000 [00:40<09:54,  9.45it/s]Testing DataLoader 0:   6%|▋         | 381/6000 [00:40<09:54,  9.45it/s]Testing DataLoader 0:   6%|▋         | 382/6000 [00:40<09:54,  9.45it/s]Testing DataLoader 0:   6%|▋         | 383/6000 [00:40<09:54,  9.46it/s]Testing DataLoader 0:   6%|▋         | 384/6000 [00:40<09:53,  9.46it/s]Testing DataLoader 0:   6%|▋         | 385/6000 [00:40<09:53,  9.46it/s]Testing DataLoader 0:   6%|▋         | 386/6000 [00:40<09:52,  9.47it/s]Testing DataLoader 0:   6%|▋         | 387/6000 [00:40<09:52,  9.47it/s]Testing DataLoader 0:   6%|▋         | 388/6000 [00:40<09:52,  9.47it/s]Testing DataLoader 0:   6%|▋         | 389/6000 [00:41<09:52,  9.47it/s]Testing DataLoader 0:   6%|▋         | 390/6000 [00:41<09:52,  9.48it/s]Testing DataLoader 0:   7%|▋         | 391/6000 [00:41<09:51,  9.48it/s]Testing DataLoader 0:   7%|▋         | 392/6000 [00:41<09:51,  9.48it/s]Testing DataLoader 0:   7%|▋         | 393/6000 [00:41<09:51,  9.48it/s]Testing DataLoader 0:   7%|▋         | 394/6000 [00:41<09:51,  9.49it/s]Testing DataLoader 0:   7%|▋         | 395/6000 [00:41<09:50,  9.49it/s]Testing DataLoader 0:   7%|▋         | 396/6000 [00:41<09:50,  9.49it/s]Testing DataLoader 0:   7%|▋         | 397/6000 [00:41<09:50,  9.49it/s]Testing DataLoader 0:   7%|▋         | 398/6000 [00:41<09:50,  9.49it/s]Testing DataLoader 0:   7%|▋         | 399/6000 [00:42<09:49,  9.50it/s]Testing DataLoader 0:   7%|▋         | 400/6000 [00:42<09:49,  9.50it/s]Testing DataLoader 0:   7%|▋         | 401/6000 [00:42<09:49,  9.50it/s]Testing DataLoader 0:   7%|▋         | 402/6000 [00:42<09:48,  9.50it/s]Testing DataLoader 0:   7%|▋         | 403/6000 [00:42<09:48,  9.51it/s]Testing DataLoader 0:   7%|▋         | 404/6000 [00:42<09:48,  9.51it/s]Testing DataLoader 0:   7%|▋         | 405/6000 [00:42<09:48,  9.51it/s]Testing DataLoader 0:   7%|▋         | 406/6000 [00:42<09:48,  9.51it/s]Testing DataLoader 0:   7%|▋         | 407/6000 [00:42<09:47,  9.52it/s]Testing DataLoader 0:   7%|▋         | 408/6000 [00:42<09:47,  9.52it/s]Testing DataLoader 0:   7%|▋         | 409/6000 [00:42<09:47,  9.52it/s]Testing DataLoader 0:   7%|▋         | 410/6000 [00:43<09:47,  9.52it/s]Testing DataLoader 0:   7%|▋         | 411/6000 [00:43<09:46,  9.52it/s]Testing DataLoader 0:   7%|▋         | 412/6000 [00:43<09:46,  9.53it/s]Testing DataLoader 0:   7%|▋         | 413/6000 [00:43<09:46,  9.53it/s]Testing DataLoader 0:   7%|▋         | 414/6000 [00:43<09:46,  9.53it/s]Testing DataLoader 0:   7%|▋         | 415/6000 [00:43<09:45,  9.53it/s]Testing DataLoader 0:   7%|▋         | 416/6000 [00:43<09:45,  9.53it/s]Testing DataLoader 0:   7%|▋         | 417/6000 [00:43<09:45,  9.54it/s]Testing DataLoader 0:   7%|▋         | 418/6000 [00:43<09:45,  9.54it/s]Testing DataLoader 0:   7%|▋         | 419/6000 [00:43<09:44,  9.54it/s]Testing DataLoader 0:   7%|▋         | 420/6000 [00:44<09:44,  9.54it/s]Testing DataLoader 0:   7%|▋         | 421/6000 [00:44<09:44,  9.55it/s]Testing DataLoader 0:   7%|▋         | 422/6000 [00:44<09:44,  9.55it/s]Testing DataLoader 0:   7%|▋         | 423/6000 [00:44<09:44,  9.55it/s]Testing DataLoader 0:   7%|▋         | 424/6000 [00:44<09:43,  9.55it/s]Testing DataLoader 0:   7%|▋         | 425/6000 [00:44<09:43,  9.55it/s]Testing DataLoader 0:   7%|▋         | 426/6000 [00:44<09:43,  9.55it/s]Testing DataLoader 0:   7%|▋         | 427/6000 [00:44<09:43,  9.56it/s]Testing DataLoader 0:   7%|▋         | 428/6000 [00:44<09:42,  9.56it/s]Testing DataLoader 0:   7%|▋         | 429/6000 [00:44<09:42,  9.56it/s]Testing DataLoader 0:   7%|▋         | 430/6000 [00:44<09:42,  9.56it/s]Testing DataLoader 0:   7%|▋         | 431/6000 [00:45<09:42,  9.56it/s]Testing DataLoader 0:   7%|▋         | 432/6000 [00:45<09:42,  9.57it/s]Testing DataLoader 0:   7%|▋         | 433/6000 [00:45<09:41,  9.57it/s]Testing DataLoader 0:   7%|▋         | 434/6000 [00:45<09:41,  9.57it/s]Testing DataLoader 0:   7%|▋         | 435/6000 [00:45<09:41,  9.57it/s]Testing DataLoader 0:   7%|▋         | 436/6000 [00:45<09:41,  9.58it/s]Testing DataLoader 0:   7%|▋         | 437/6000 [00:45<09:40,  9.58it/s]Testing DataLoader 0:   7%|▋         | 438/6000 [00:45<09:40,  9.58it/s]Testing DataLoader 0:   7%|▋         | 439/6000 [00:45<09:40,  9.58it/s]Testing DataLoader 0:   7%|▋         | 440/6000 [00:45<09:40,  9.58it/s]Testing DataLoader 0:   7%|▋         | 441/6000 [00:46<09:39,  9.59it/s]Testing DataLoader 0:   7%|▋         | 442/6000 [00:46<09:39,  9.59it/s]Testing DataLoader 0:   7%|▋         | 443/6000 [00:46<09:39,  9.59it/s]Testing DataLoader 0:   7%|▋         | 444/6000 [00:46<09:39,  9.59it/s]Testing DataLoader 0:   7%|▋         | 445/6000 [00:46<09:38,  9.60it/s]Testing DataLoader 0:   7%|▋         | 446/6000 [00:46<09:38,  9.60it/s]Testing DataLoader 0:   7%|▋         | 447/6000 [00:46<09:38,  9.60it/s]Testing DataLoader 0:   7%|▋         | 448/6000 [00:46<09:38,  9.60it/s]Testing DataLoader 0:   7%|▋         | 449/6000 [00:46<09:38,  9.60it/s]Testing DataLoader 0:   8%|▊         | 450/6000 [00:46<09:37,  9.61it/s]Testing DataLoader 0:   8%|▊         | 451/6000 [00:46<09:37,  9.61it/s]Testing DataLoader 0:   8%|▊         | 452/6000 [00:47<09:37,  9.61it/s]Testing DataLoader 0:   8%|▊         | 453/6000 [00:47<09:37,  9.61it/s]Testing DataLoader 0:   8%|▊         | 454/6000 [00:47<09:37,  9.61it/s]Testing DataLoader 0:   8%|▊         | 455/6000 [00:47<09:36,  9.61it/s]Testing DataLoader 0:   8%|▊         | 456/6000 [00:47<09:36,  9.61it/s]Testing DataLoader 0:   8%|▊         | 457/6000 [00:47<09:36,  9.61it/s]Testing DataLoader 0:   8%|▊         | 458/6000 [00:47<09:36,  9.61it/s]Testing DataLoader 0:   8%|▊         | 459/6000 [00:47<09:36,  9.62it/s]Testing DataLoader 0:   8%|▊         | 460/6000 [00:47<09:36,  9.62it/s]Testing DataLoader 0:   8%|▊         | 461/6000 [00:47<09:35,  9.62it/s]Testing DataLoader 0:   8%|▊         | 462/6000 [00:48<09:35,  9.62it/s]Testing DataLoader 0:   8%|▊         | 463/6000 [00:48<09:35,  9.62it/s]Testing DataLoader 0:   8%|▊         | 464/6000 [00:48<09:35,  9.62it/s]Testing DataLoader 0:   8%|▊         | 465/6000 [00:48<09:34,  9.63it/s]Testing DataLoader 0:   8%|▊         | 466/6000 [00:48<09:34,  9.63it/s]Testing DataLoader 0:   8%|▊         | 467/6000 [00:48<09:34,  9.63it/s]Testing DataLoader 0:   8%|▊         | 468/6000 [00:48<09:34,  9.63it/s]Testing DataLoader 0:   8%|▊         | 469/6000 [00:48<09:34,  9.63it/s]Testing DataLoader 0:   8%|▊         | 470/6000 [00:48<09:33,  9.64it/s]Testing DataLoader 0:   8%|▊         | 471/6000 [00:48<09:33,  9.64it/s]Testing DataLoader 0:   8%|▊         | 472/6000 [00:48<09:33,  9.64it/s]Testing DataLoader 0:   8%|▊         | 473/6000 [00:49<09:33,  9.64it/s]Testing DataLoader 0:   8%|▊         | 474/6000 [00:49<09:32,  9.64it/s]Testing DataLoader 0:   8%|▊         | 475/6000 [00:49<09:32,  9.65it/s]Testing DataLoader 0:   8%|▊         | 476/6000 [00:49<09:32,  9.65it/s]Testing DataLoader 0:   8%|▊         | 477/6000 [00:49<09:32,  9.65it/s]Testing DataLoader 0:   8%|▊         | 478/6000 [00:49<09:32,  9.65it/s]Testing DataLoader 0:   8%|▊         | 479/6000 [00:49<09:31,  9.65it/s]Testing DataLoader 0:   8%|▊         | 480/6000 [00:49<09:31,  9.65it/s]Testing DataLoader 0:   8%|▊         | 481/6000 [00:49<09:31,  9.65it/s]Testing DataLoader 0:   8%|▊         | 482/6000 [00:49<09:31,  9.66it/s]Testing DataLoader 0:   8%|▊         | 483/6000 [00:50<09:31,  9.66it/s]Testing DataLoader 0:   8%|▊         | 484/6000 [00:50<09:31,  9.66it/s]Testing DataLoader 0:   8%|▊         | 485/6000 [00:50<09:30,  9.66it/s]Testing DataLoader 0:   8%|▊         | 486/6000 [00:50<09:30,  9.66it/s]Testing DataLoader 0:   8%|▊         | 487/6000 [00:50<09:30,  9.66it/s]Testing DataLoader 0:   8%|▊         | 488/6000 [00:50<09:30,  9.66it/s]Testing DataLoader 0:   8%|▊         | 489/6000 [00:50<09:30,  9.67it/s]Testing DataLoader 0:   8%|▊         | 490/6000 [00:50<09:29,  9.67it/s]Testing DataLoader 0:   8%|▊         | 491/6000 [00:50<09:29,  9.67it/s]Testing DataLoader 0:   8%|▊         | 492/6000 [00:50<09:29,  9.67it/s]Testing DataLoader 0:   8%|▊         | 493/6000 [00:50<09:29,  9.67it/s]Testing DataLoader 0:   8%|▊         | 494/6000 [00:51<09:29,  9.67it/s]Testing DataLoader 0:   8%|▊         | 495/6000 [00:51<09:29,  9.67it/s]Testing DataLoader 0:   8%|▊         | 496/6000 [00:51<09:28,  9.68it/s]Testing DataLoader 0:   8%|▊         | 497/6000 [00:51<09:28,  9.68it/s]Testing DataLoader 0:   8%|▊         | 498/6000 [00:51<09:28,  9.68it/s]Testing DataLoader 0:   8%|▊         | 499/6000 [00:51<09:28,  9.68it/s]Testing DataLoader 0:   8%|▊         | 500/6000 [00:51<09:28,  9.68it/s]Testing DataLoader 0:   8%|▊         | 501/6000 [00:51<09:27,  9.68it/s]Testing DataLoader 0:   8%|▊         | 502/6000 [00:51<09:27,  9.68it/s]Testing DataLoader 0:   8%|▊         | 503/6000 [00:51<09:27,  9.69it/s]Testing DataLoader 0:   8%|▊         | 504/6000 [00:52<09:27,  9.69it/s]Testing DataLoader 0:   8%|▊         | 505/6000 [00:52<09:27,  9.69it/s]Testing DataLoader 0:   8%|▊         | 506/6000 [00:52<09:26,  9.69it/s]Testing DataLoader 0:   8%|▊         | 507/6000 [00:52<09:26,  9.69it/s]Testing DataLoader 0:   8%|▊         | 508/6000 [00:52<09:26,  9.69it/s]Testing DataLoader 0:   8%|▊         | 509/6000 [00:52<09:26,  9.70it/s]Testing DataLoader 0:   8%|▊         | 510/6000 [00:52<09:26,  9.70it/s]Testing DataLoader 0:   9%|▊         | 511/6000 [00:52<09:25,  9.70it/s]Testing DataLoader 0:   9%|▊         | 512/6000 [00:52<09:25,  9.70it/s]Testing DataLoader 0:   9%|▊         | 513/6000 [00:52<09:25,  9.70it/s]Testing DataLoader 0:   9%|▊         | 514/6000 [00:52<09:25,  9.70it/s]Testing DataLoader 0:   9%|▊         | 515/6000 [00:53<09:25,  9.71it/s]Testing DataLoader 0:   9%|▊         | 516/6000 [00:53<09:24,  9.71it/s]Testing DataLoader 0:   9%|▊         | 517/6000 [00:53<09:24,  9.71it/s]Testing DataLoader 0:   9%|▊         | 518/6000 [00:53<09:24,  9.71it/s]Testing DataLoader 0:   9%|▊         | 519/6000 [00:53<09:24,  9.71it/s]Testing DataLoader 0:   9%|▊         | 520/6000 [00:53<09:24,  9.71it/s]Testing DataLoader 0:   9%|▊         | 521/6000 [00:53<09:24,  9.71it/s]Testing DataLoader 0:   9%|▊         | 522/6000 [00:53<09:23,  9.71it/s]Testing DataLoader 0:   9%|▊         | 523/6000 [00:53<09:23,  9.72it/s]Testing DataLoader 0:   9%|▊         | 524/6000 [00:53<09:23,  9.72it/s]Testing DataLoader 0:   9%|▉         | 525/6000 [00:54<09:23,  9.72it/s]Testing DataLoader 0:   9%|▉         | 526/6000 [00:54<09:23,  9.72it/s]Testing DataLoader 0:   9%|▉         | 527/6000 [00:54<09:22,  9.72it/s]Testing DataLoader 0:   9%|▉         | 528/6000 [00:54<09:22,  9.72it/s]Testing DataLoader 0:   9%|▉         | 529/6000 [00:54<09:22,  9.72it/s]Testing DataLoader 0:   9%|▉         | 530/6000 [00:54<09:22,  9.73it/s]Testing DataLoader 0:   9%|▉         | 531/6000 [00:54<09:22,  9.73it/s]Testing DataLoader 0:   9%|▉         | 532/6000 [00:54<09:22,  9.73it/s]Testing DataLoader 0:   9%|▉         | 533/6000 [00:54<09:21,  9.73it/s]Testing DataLoader 0:   9%|▉         | 534/6000 [00:54<09:21,  9.73it/s]Testing DataLoader 0:   9%|▉         | 535/6000 [00:54<09:21,  9.73it/s]Testing DataLoader 0:   9%|▉         | 536/6000 [00:55<09:21,  9.73it/s]Testing DataLoader 0:   9%|▉         | 537/6000 [00:55<09:21,  9.74it/s]Testing DataLoader 0:   9%|▉         | 538/6000 [00:55<09:20,  9.74it/s]Testing DataLoader 0:   9%|▉         | 539/6000 [00:55<09:20,  9.74it/s]Testing DataLoader 0:   9%|▉         | 540/6000 [00:55<09:20,  9.74it/s]Testing DataLoader 0:   9%|▉         | 541/6000 [00:55<09:20,  9.74it/s]Testing DataLoader 0:   9%|▉         | 542/6000 [00:55<09:20,  9.74it/s]Testing DataLoader 0:   9%|▉         | 543/6000 [00:55<09:20,  9.74it/s]Testing DataLoader 0:   9%|▉         | 544/6000 [00:55<09:19,  9.74it/s]Testing DataLoader 0:   9%|▉         | 545/6000 [00:55<09:19,  9.75it/s]Testing DataLoader 0:   9%|▉         | 546/6000 [00:56<09:19,  9.75it/s]Testing DataLoader 0:   9%|▉         | 547/6000 [00:56<09:19,  9.75it/s]Testing DataLoader 0:   9%|▉         | 548/6000 [00:56<09:19,  9.75it/s]Testing DataLoader 0:   9%|▉         | 549/6000 [00:56<09:19,  9.75it/s]Testing DataLoader 0:   9%|▉         | 550/6000 [00:56<09:18,  9.75it/s]Testing DataLoader 0:   9%|▉         | 551/6000 [00:56<09:18,  9.75it/s]Testing DataLoader 0:   9%|▉         | 552/6000 [00:56<09:18,  9.75it/s]Testing DataLoader 0:   9%|▉         | 553/6000 [00:56<09:18,  9.76it/s]Testing DataLoader 0:   9%|▉         | 554/6000 [00:56<09:18,  9.76it/s]Testing DataLoader 0:   9%|▉         | 555/6000 [00:56<09:17,  9.76it/s]Testing DataLoader 0:   9%|▉         | 556/6000 [00:56<09:17,  9.76it/s]Testing DataLoader 0:   9%|▉         | 557/6000 [00:57<09:17,  9.76it/s]Testing DataLoader 0:   9%|▉         | 558/6000 [00:57<09:17,  9.76it/s]Testing DataLoader 0:   9%|▉         | 559/6000 [00:57<09:17,  9.77it/s]Testing DataLoader 0:   9%|▉         | 560/6000 [00:57<09:16,  9.77it/s]Testing DataLoader 0:   9%|▉         | 561/6000 [00:57<09:16,  9.77it/s]Testing DataLoader 0:   9%|▉         | 562/6000 [00:57<09:16,  9.77it/s]Testing DataLoader 0:   9%|▉         | 563/6000 [00:57<09:16,  9.77it/s]Testing DataLoader 0:   9%|▉         | 564/6000 [00:57<09:16,  9.77it/s]Testing DataLoader 0:   9%|▉         | 565/6000 [00:57<09:16,  9.77it/s]Testing DataLoader 0:   9%|▉         | 566/6000 [00:57<09:15,  9.77it/s]Testing DataLoader 0:   9%|▉         | 567/6000 [00:58<09:15,  9.77it/s]Testing DataLoader 0:   9%|▉         | 568/6000 [00:58<09:15,  9.78it/s]Testing DataLoader 0:   9%|▉         | 569/6000 [00:58<09:15,  9.78it/s]Testing DataLoader 0:  10%|▉         | 570/6000 [00:58<09:15,  9.78it/s]Testing DataLoader 0:  10%|▉         | 571/6000 [00:58<09:15,  9.78it/s]Testing DataLoader 0:  10%|▉         | 572/6000 [00:58<09:15,  9.78it/s]Testing DataLoader 0:  10%|▉         | 573/6000 [00:58<09:15,  9.78it/s]Testing DataLoader 0:  10%|▉         | 574/6000 [00:58<09:15,  9.78it/s]Testing DataLoader 0:  10%|▉         | 575/6000 [00:58<09:14,  9.78it/s]Testing DataLoader 0:  10%|▉         | 576/6000 [00:58<09:14,  9.78it/s]Testing DataLoader 0:  10%|▉         | 577/6000 [00:59<09:14,  9.78it/s]Testing DataLoader 0:  10%|▉         | 578/6000 [00:59<09:14,  9.78it/s]Testing DataLoader 0:  10%|▉         | 579/6000 [00:59<09:14,  9.78it/s]Testing DataLoader 0:  10%|▉         | 580/6000 [00:59<09:14,  9.78it/s]Testing DataLoader 0:  10%|▉         | 581/6000 [00:59<09:13,  9.78it/s]Testing DataLoader 0:  10%|▉         | 582/6000 [00:59<09:13,  9.78it/s]Testing DataLoader 0:  10%|▉         | 583/6000 [00:59<09:13,  9.78it/s]Testing DataLoader 0:  10%|▉         | 584/6000 [00:59<09:13,  9.79it/s]Testing DataLoader 0:  10%|▉         | 585/6000 [00:59<09:13,  9.79it/s]Testing DataLoader 0:  10%|▉         | 586/6000 [00:59<09:13,  9.79it/s]Testing DataLoader 0:  10%|▉         | 587/6000 [00:59<09:12,  9.79it/s]Testing DataLoader 0:  10%|▉         | 588/6000 [01:00<09:12,  9.79it/s]Testing DataLoader 0:  10%|▉         | 589/6000 [01:00<09:12,  9.79it/s]Testing DataLoader 0:  10%|▉         | 590/6000 [01:00<09:12,  9.79it/s]Testing DataLoader 0:  10%|▉         | 591/6000 [01:00<09:12,  9.79it/s]Testing DataLoader 0:  10%|▉         | 592/6000 [01:00<09:12,  9.80it/s]Testing DataLoader 0:  10%|▉         | 593/6000 [01:00<09:11,  9.80it/s]Testing DataLoader 0:  10%|▉         | 594/6000 [01:00<09:11,  9.80it/s]Testing DataLoader 0:  10%|▉         | 595/6000 [01:00<09:11,  9.80it/s]Testing DataLoader 0:  10%|▉         | 596/6000 [01:00<09:11,  9.80it/s]Testing DataLoader 0:  10%|▉         | 597/6000 [01:00<09:11,  9.80it/s]Testing DataLoader 0:  10%|▉         | 598/6000 [01:01<09:11,  9.80it/s]Testing DataLoader 0:  10%|▉         | 599/6000 [01:01<09:10,  9.80it/s]Testing DataLoader 0:  10%|█         | 600/6000 [01:01<09:10,  9.80it/s]Testing DataLoader 0:  10%|█         | 601/6000 [01:01<09:10,  9.80it/s]Testing DataLoader 0:  10%|█         | 602/6000 [01:01<09:10,  9.81it/s]Testing DataLoader 0:  10%|█         | 603/6000 [01:01<09:10,  9.81it/s]Testing DataLoader 0:  10%|█         | 604/6000 [01:01<09:10,  9.81it/s]Testing DataLoader 0:  10%|█         | 605/6000 [01:01<09:09,  9.81it/s]Testing DataLoader 0:  10%|█         | 606/6000 [01:01<09:09,  9.81it/s]Testing DataLoader 0:  10%|█         | 607/6000 [01:01<09:09,  9.81it/s]Testing DataLoader 0:  10%|█         | 608/6000 [01:01<09:09,  9.81it/s]Testing DataLoader 0:  10%|█         | 609/6000 [01:02<09:09,  9.81it/s]Testing DataLoader 0:  10%|█         | 610/6000 [01:02<09:09,  9.82it/s]Testing DataLoader 0:  10%|█         | 611/6000 [01:02<09:09,  9.82it/s]Testing DataLoader 0:  10%|█         | 612/6000 [01:02<09:08,  9.82it/s]Testing DataLoader 0:  10%|█         | 613/6000 [01:02<09:08,  9.82it/s]Testing DataLoader 0:  10%|█         | 614/6000 [01:02<09:08,  9.82it/s]Testing DataLoader 0:  10%|█         | 615/6000 [01:02<09:08,  9.82it/s]Testing DataLoader 0:  10%|█         | 616/6000 [01:02<09:08,  9.82it/s]Testing DataLoader 0:  10%|█         | 617/6000 [01:02<09:07,  9.82it/s]Testing DataLoader 0:  10%|█         | 618/6000 [01:02<09:07,  9.82it/s]Testing DataLoader 0:  10%|█         | 619/6000 [01:02<09:07,  9.83it/s]Testing DataLoader 0:  10%|█         | 620/6000 [01:03<09:07,  9.83it/s]Testing DataLoader 0:  10%|█         | 621/6000 [01:03<09:07,  9.83it/s]Testing DataLoader 0:  10%|█         | 622/6000 [01:03<09:07,  9.83it/s]Testing DataLoader 0:  10%|█         | 623/6000 [01:03<09:06,  9.83it/s]Testing DataLoader 0:  10%|█         | 624/6000 [01:03<09:06,  9.83it/s]Testing DataLoader 0:  10%|█         | 625/6000 [01:03<09:06,  9.83it/s]Testing DataLoader 0:  10%|█         | 626/6000 [01:03<09:06,  9.83it/s]Testing DataLoader 0:  10%|█         | 627/6000 [01:03<09:06,  9.84it/s]Testing DataLoader 0:  10%|█         | 628/6000 [01:03<09:06,  9.84it/s]Testing DataLoader 0:  10%|█         | 629/6000 [01:03<09:06,  9.84it/s]Testing DataLoader 0:  10%|█         | 630/6000 [01:04<09:05,  9.84it/s]Testing DataLoader 0:  11%|█         | 631/6000 [01:04<09:05,  9.84it/s]Testing DataLoader 0:  11%|█         | 632/6000 [01:04<09:05,  9.84it/s]Testing DataLoader 0:  11%|█         | 633/6000 [01:04<09:05,  9.84it/s]Testing DataLoader 0:  11%|█         | 634/6000 [01:04<09:05,  9.84it/s]Testing DataLoader 0:  11%|█         | 635/6000 [01:04<09:05,  9.84it/s]Testing DataLoader 0:  11%|█         | 636/6000 [01:04<09:04,  9.84it/s]Testing DataLoader 0:  11%|█         | 637/6000 [01:04<09:04,  9.85it/s]Testing DataLoader 0:  11%|█         | 638/6000 [01:04<09:04,  9.85it/s]Testing DataLoader 0:  11%|█         | 639/6000 [01:04<09:04,  9.85it/s]Testing DataLoader 0:  11%|█         | 640/6000 [01:04<09:04,  9.85it/s]Testing DataLoader 0:  11%|█         | 641/6000 [01:05<09:03,  9.85it/s]Testing DataLoader 0:  11%|█         | 642/6000 [01:05<09:03,  9.85it/s]Testing DataLoader 0:  11%|█         | 643/6000 [01:05<09:03,  9.85it/s]Testing DataLoader 0:  11%|█         | 644/6000 [01:05<09:03,  9.86it/s]Testing DataLoader 0:  11%|█         | 645/6000 [01:05<09:03,  9.86it/s]Testing DataLoader 0:  11%|█         | 646/6000 [01:05<09:03,  9.86it/s]Testing DataLoader 0:  11%|█         | 647/6000 [01:05<09:03,  9.86it/s]Testing DataLoader 0:  11%|█         | 648/6000 [01:05<09:02,  9.86it/s]Testing DataLoader 0:  11%|█         | 649/6000 [01:05<09:02,  9.86it/s]Testing DataLoader 0:  11%|█         | 650/6000 [01:05<09:02,  9.86it/s]Testing DataLoader 0:  11%|█         | 651/6000 [01:06<09:02,  9.86it/s]Testing DataLoader 0:  11%|█         | 652/6000 [01:06<09:02,  9.86it/s]Testing DataLoader 0:  11%|█         | 653/6000 [01:06<09:02,  9.86it/s]Testing DataLoader 0:  11%|█         | 654/6000 [01:06<09:02,  9.86it/s]Testing DataLoader 0:  11%|█         | 655/6000 [01:06<09:02,  9.86it/s]Testing DataLoader 0:  11%|█         | 656/6000 [01:06<09:01,  9.86it/s]Testing DataLoader 0:  11%|█         | 657/6000 [01:06<09:01,  9.86it/s]Testing DataLoader 0:  11%|█         | 658/6000 [01:06<09:01,  9.86it/s]Testing DataLoader 0:  11%|█         | 659/6000 [01:06<09:01,  9.87it/s]Testing DataLoader 0:  11%|█         | 660/6000 [01:06<09:01,  9.87it/s]Testing DataLoader 0:  11%|█         | 661/6000 [01:06<09:01,  9.87it/s]Testing DataLoader 0:  11%|█         | 662/6000 [01:07<09:00,  9.87it/s]Testing DataLoader 0:  11%|█         | 663/6000 [01:07<09:00,  9.87it/s]Testing DataLoader 0:  11%|█         | 664/6000 [01:07<09:00,  9.87it/s]Testing DataLoader 0:  11%|█         | 665/6000 [01:07<09:00,  9.87it/s]Testing DataLoader 0:  11%|█         | 666/6000 [01:07<09:00,  9.87it/s]Testing DataLoader 0:  11%|█         | 667/6000 [01:07<09:00,  9.87it/s]Testing DataLoader 0:  11%|█         | 668/6000 [01:07<08:59,  9.87it/s]Testing DataLoader 0:  11%|█         | 669/6000 [01:07<08:59,  9.88it/s]Testing DataLoader 0:  11%|█         | 670/6000 [01:07<08:59,  9.88it/s]Testing DataLoader 0:  11%|█         | 671/6000 [01:07<08:59,  9.88it/s]Testing DataLoader 0:  11%|█         | 672/6000 [01:08<08:59,  9.88it/s]Testing DataLoader 0:  11%|█         | 673/6000 [01:08<08:59,  9.88it/s]Testing DataLoader 0:  11%|█         | 674/6000 [01:08<08:59,  9.88it/s]Testing DataLoader 0:  11%|█▏        | 675/6000 [01:08<08:58,  9.88it/s]Testing DataLoader 0:  11%|█▏        | 676/6000 [01:08<08:58,  9.88it/s]Testing DataLoader 0:  11%|█▏        | 677/6000 [01:08<08:58,  9.88it/s]Testing DataLoader 0:  11%|█▏        | 678/6000 [01:08<08:58,  9.88it/s]Testing DataLoader 0:  11%|█▏        | 679/6000 [01:08<08:58,  9.89it/s]Testing DataLoader 0:  11%|█▏        | 680/6000 [01:08<08:58,  9.89it/s]Testing DataLoader 0:  11%|█▏        | 681/6000 [01:08<08:57,  9.89it/s]Testing DataLoader 0:  11%|█▏        | 682/6000 [01:08<08:57,  9.89it/s]Testing DataLoader 0:  11%|█▏        | 683/6000 [01:09<08:57,  9.89it/s]Testing DataLoader 0:  11%|█▏        | 684/6000 [01:09<08:57,  9.89it/s]Testing DataLoader 0:  11%|█▏        | 685/6000 [01:09<08:57,  9.89it/s]Testing DataLoader 0:  11%|█▏        | 686/6000 [01:09<08:57,  9.89it/s]Testing DataLoader 0:  11%|█▏        | 687/6000 [01:09<08:57,  9.89it/s]Testing DataLoader 0:  11%|█▏        | 688/6000 [01:09<08:57,  9.89it/s]Testing DataLoader 0:  11%|█▏        | 689/6000 [01:09<08:56,  9.89it/s]Testing DataLoader 0:  12%|█▏        | 690/6000 [01:09<08:56,  9.89it/s]Testing DataLoader 0:  12%|█▏        | 691/6000 [01:09<08:56,  9.89it/s]Testing DataLoader 0:  12%|█▏        | 692/6000 [01:09<08:56,  9.90it/s]Testing DataLoader 0:  12%|█▏        | 693/6000 [01:10<08:56,  9.90it/s]Testing DataLoader 0:  12%|█▏        | 694/6000 [01:10<08:56,  9.90it/s]Testing DataLoader 0:  12%|█▏        | 695/6000 [01:10<08:55,  9.90it/s]Testing DataLoader 0:  12%|█▏        | 696/6000 [01:10<08:55,  9.90it/s]Testing DataLoader 0:  12%|█▏        | 697/6000 [01:10<08:55,  9.90it/s]Testing DataLoader 0:  12%|█▏        | 698/6000 [01:10<08:55,  9.90it/s]Testing DataLoader 0:  12%|█▏        | 699/6000 [01:10<08:55,  9.90it/s]Testing DataLoader 0:  12%|█▏        | 700/6000 [01:10<08:55,  9.90it/s]Testing DataLoader 0:  12%|█▏        | 701/6000 [01:10<08:55,  9.90it/s]Testing DataLoader 0:  12%|█▏        | 702/6000 [01:10<08:54,  9.90it/s]Testing DataLoader 0:  12%|█▏        | 703/6000 [01:10<08:54,  9.90it/s]Testing DataLoader 0:  12%|█▏        | 704/6000 [01:11<08:54,  9.91it/s]Testing DataLoader 0:  12%|█▏        | 705/6000 [01:11<08:54,  9.91it/s]Testing DataLoader 0:  12%|█▏        | 706/6000 [01:11<08:54,  9.91it/s]Testing DataLoader 0:  12%|█▏        | 707/6000 [01:11<08:54,  9.91it/s]Testing DataLoader 0:  12%|█▏        | 708/6000 [01:11<08:54,  9.91it/s]Testing DataLoader 0:  12%|█▏        | 709/6000 [01:11<08:53,  9.91it/s]Testing DataLoader 0:  12%|█▏        | 710/6000 [01:11<08:53,  9.91it/s]Testing DataLoader 0:  12%|█▏        | 711/6000 [01:11<08:53,  9.91it/s]Testing DataLoader 0:  12%|█▏        | 712/6000 [01:11<08:53,  9.91it/s]Testing DataLoader 0:  12%|█▏        | 713/6000 [01:11<08:53,  9.91it/s]Testing DataLoader 0:  12%|█▏        | 714/6000 [01:12<08:53,  9.91it/s]Testing DataLoader 0:  12%|█▏        | 715/6000 [01:12<08:52,  9.92it/s]Testing DataLoader 0:  12%|█▏        | 716/6000 [01:12<08:52,  9.92it/s]Testing DataLoader 0:  12%|█▏        | 717/6000 [01:12<08:52,  9.92it/s]Testing DataLoader 0:  12%|█▏        | 718/6000 [01:12<08:52,  9.92it/s]Testing DataLoader 0:  12%|█▏        | 719/6000 [01:12<08:52,  9.92it/s]Testing DataLoader 0:  12%|█▏        | 720/6000 [01:12<08:52,  9.92it/s]Testing DataLoader 0:  12%|█▏        | 721/6000 [01:12<08:52,  9.92it/s]Testing DataLoader 0:  12%|█▏        | 722/6000 [01:12<08:51,  9.92it/s]Testing DataLoader 0:  12%|█▏        | 723/6000 [01:12<08:51,  9.92it/s]Testing DataLoader 0:  12%|█▏        | 724/6000 [01:12<08:51,  9.92it/s]Testing DataLoader 0:  12%|█▏        | 725/6000 [01:13<08:51,  9.92it/s]Testing DataLoader 0:  12%|█▏        | 726/6000 [01:13<08:51,  9.92it/s]Testing DataLoader 0:  12%|█▏        | 727/6000 [01:13<08:51,  9.93it/s]Testing DataLoader 0:  12%|█▏        | 728/6000 [01:13<08:51,  9.93it/s]Testing DataLoader 0:  12%|█▏        | 729/6000 [01:13<08:50,  9.93it/s]Testing DataLoader 0:  12%|█▏        | 730/6000 [01:13<08:50,  9.93it/s]Testing DataLoader 0:  12%|█▏        | 731/6000 [01:13<08:50,  9.93it/s]Testing DataLoader 0:  12%|█▏        | 732/6000 [01:13<08:50,  9.93it/s]Testing DataLoader 0:  12%|█▏        | 733/6000 [01:13<08:50,  9.93it/s]Testing DataLoader 0:  12%|█▏        | 734/6000 [01:13<08:50,  9.93it/s]Testing DataLoader 0:  12%|█▏        | 735/6000 [01:14<08:50,  9.93it/s]Testing DataLoader 0:  12%|█▏        | 736/6000 [01:14<08:49,  9.93it/s]Testing DataLoader 0:  12%|█▏        | 737/6000 [01:14<08:49,  9.93it/s]Testing DataLoader 0:  12%|█▏        | 738/6000 [01:14<08:49,  9.93it/s]Testing DataLoader 0:  12%|█▏        | 739/6000 [01:14<08:49,  9.93it/s]Testing DataLoader 0:  12%|█▏        | 740/6000 [01:14<08:49,  9.93it/s]Testing DataLoader 0:  12%|█▏        | 741/6000 [01:14<08:49,  9.94it/s]Testing DataLoader 0:  12%|█▏        | 742/6000 [01:14<08:49,  9.94it/s]Testing DataLoader 0:  12%|█▏        | 743/6000 [01:14<08:49,  9.94it/s]Testing DataLoader 0:  12%|█▏        | 744/6000 [01:14<08:48,  9.94it/s]Testing DataLoader 0:  12%|█▏        | 745/6000 [01:14<08:48,  9.94it/s]Testing DataLoader 0:  12%|█▏        | 746/6000 [01:15<08:48,  9.94it/s]Testing DataLoader 0:  12%|█▏        | 747/6000 [01:15<08:48,  9.94it/s]Testing DataLoader 0:  12%|█▏        | 748/6000 [01:15<08:48,  9.94it/s]Testing DataLoader 0:  12%|█▏        | 749/6000 [01:15<08:48,  9.94it/s]Testing DataLoader 0:  12%|█▎        | 750/6000 [01:15<08:48,  9.94it/s]Testing DataLoader 0:  13%|█▎        | 751/6000 [01:15<08:47,  9.94it/s]Testing DataLoader 0:  13%|█▎        | 752/6000 [01:15<08:47,  9.94it/s]Testing DataLoader 0:  13%|█▎        | 753/6000 [01:15<08:47,  9.94it/s]Testing DataLoader 0:  13%|█▎        | 754/6000 [01:15<08:47,  9.95it/s]Testing DataLoader 0:  13%|█▎        | 755/6000 [01:15<08:47,  9.95it/s]Testing DataLoader 0:  13%|█▎        | 756/6000 [01:16<08:47,  9.95it/s]Testing DataLoader 0:  13%|█▎        | 757/6000 [01:16<08:47,  9.95it/s]Testing DataLoader 0:  13%|█▎        | 758/6000 [01:16<08:47,  9.95it/s]Testing DataLoader 0:  13%|█▎        | 759/6000 [01:16<08:46,  9.95it/s]Testing DataLoader 0:  13%|█▎        | 760/6000 [01:16<08:46,  9.95it/s]Testing DataLoader 0:  13%|█▎        | 761/6000 [01:16<08:46,  9.95it/s]Testing DataLoader 0:  13%|█▎        | 762/6000 [01:16<08:46,  9.95it/s]Testing DataLoader 0:  13%|█▎        | 763/6000 [01:16<08:46,  9.95it/s]Testing DataLoader 0:  13%|█▎        | 764/6000 [01:16<08:46,  9.95it/s]Testing DataLoader 0:  13%|█▎        | 765/6000 [01:16<08:46,  9.95it/s]Testing DataLoader 0:  13%|█▎        | 766/6000 [01:17<08:46,  9.95it/s]Testing DataLoader 0:  13%|█▎        | 767/6000 [01:17<08:46,  9.95it/s]Testing DataLoader 0:  13%|█▎        | 768/6000 [01:17<08:45,  9.95it/s]Testing DataLoader 0:  13%|█▎        | 769/6000 [01:17<08:45,  9.95it/s]Testing DataLoader 0:  13%|█▎        | 770/6000 [01:17<08:45,  9.95it/s]Testing DataLoader 0:  13%|█▎        | 771/6000 [01:17<08:45,  9.95it/s]Testing DataLoader 0:  13%|█▎        | 772/6000 [01:17<08:45,  9.95it/s]Testing DataLoader 0:  13%|█▎        | 773/6000 [01:17<08:45,  9.95it/s]Testing DataLoader 0:  13%|█▎        | 774/6000 [01:17<08:45,  9.95it/s]Testing DataLoader 0:  13%|█▎        | 775/6000 [01:17<08:44,  9.95it/s]Testing DataLoader 0:  13%|█▎        | 776/6000 [01:17<08:44,  9.95it/s]Testing DataLoader 0:  13%|█▎        | 777/6000 [01:18<08:44,  9.96it/s]Testing DataLoader 0:  13%|█▎        | 778/6000 [01:18<08:44,  9.96it/s]Testing DataLoader 0:  13%|█▎        | 779/6000 [01:18<08:44,  9.96it/s]Testing DataLoader 0:  13%|█▎        | 780/6000 [01:18<08:44,  9.96it/s]Testing DataLoader 0:  13%|█▎        | 781/6000 [01:18<08:44,  9.96it/s]Testing DataLoader 0:  13%|█▎        | 782/6000 [01:18<08:43,  9.96it/s]Testing DataLoader 0:  13%|█▎        | 783/6000 [01:18<08:43,  9.96it/s]Testing DataLoader 0:  13%|█▎        | 784/6000 [01:18<08:43,  9.96it/s]Testing DataLoader 0:  13%|█▎        | 785/6000 [01:18<08:43,  9.96it/s]Testing DataLoader 0:  13%|█▎        | 786/6000 [01:18<08:43,  9.96it/s]Testing DataLoader 0:  13%|█▎        | 787/6000 [01:18<08:43,  9.96it/s]Testing DataLoader 0:  13%|█▎        | 788/6000 [01:19<08:43,  9.96it/s]Testing DataLoader 0:  13%|█▎        | 789/6000 [01:19<08:43,  9.96it/s]Testing DataLoader 0:  13%|█▎        | 790/6000 [01:19<08:42,  9.96it/s]Testing DataLoader 0:  13%|█▎        | 791/6000 [01:19<08:42,  9.97it/s]Testing DataLoader 0:  13%|█▎        | 792/6000 [01:19<08:42,  9.97it/s]Testing DataLoader 0:  13%|█▎        | 793/6000 [01:19<08:42,  9.97it/s]Testing DataLoader 0:  13%|█▎        | 794/6000 [01:19<08:42,  9.97it/s]Testing DataLoader 0:  13%|█▎        | 795/6000 [01:19<08:42,  9.97it/s]Testing DataLoader 0:  13%|█▎        | 796/6000 [01:19<08:42,  9.97it/s]Testing DataLoader 0:  13%|█▎        | 797/6000 [01:19<08:41,  9.97it/s]Testing DataLoader 0:  13%|█▎        | 798/6000 [01:20<08:41,  9.97it/s]Testing DataLoader 0:  13%|█▎        | 799/6000 [01:20<08:41,  9.97it/s]Testing DataLoader 0:  13%|█▎        | 800/6000 [01:20<08:41,  9.97it/s]Testing DataLoader 0:  13%|█▎        | 801/6000 [01:20<08:41,  9.97it/s]Testing DataLoader 0:  13%|█▎        | 802/6000 [01:20<08:41,  9.97it/s]Testing DataLoader 0:  13%|█▎        | 803/6000 [01:20<08:41,  9.97it/s]Testing DataLoader 0:  13%|█▎        | 804/6000 [01:20<08:41,  9.97it/s]Testing DataLoader 0:  13%|█▎        | 805/6000 [01:20<08:40,  9.97it/s]Testing DataLoader 0:  13%|█▎        | 806/6000 [01:20<08:40,  9.97it/s]Testing DataLoader 0:  13%|█▎        | 807/6000 [01:20<08:40,  9.97it/s]Testing DataLoader 0:  13%|█▎        | 808/6000 [01:21<08:40,  9.97it/s]Testing DataLoader 0:  13%|█▎        | 809/6000 [01:21<08:40,  9.98it/s]Testing DataLoader 0:  14%|█▎        | 810/6000 [01:21<08:40,  9.98it/s]Testing DataLoader 0:  14%|█▎        | 811/6000 [01:21<08:40,  9.98it/s]Testing DataLoader 0:  14%|█▎        | 812/6000 [01:21<08:40,  9.98it/s]Testing DataLoader 0:  14%|█▎        | 813/6000 [01:21<08:39,  9.98it/s]Testing DataLoader 0:  14%|█▎        | 814/6000 [01:21<08:39,  9.98it/s]Testing DataLoader 0:  14%|█▎        | 815/6000 [01:21<08:39,  9.98it/s]Testing DataLoader 0:  14%|█▎        | 816/6000 [01:21<08:39,  9.98it/s]Testing DataLoader 0:  14%|█▎        | 817/6000 [01:21<08:39,  9.98it/s]Testing DataLoader 0:  14%|█▎        | 818/6000 [01:21<08:39,  9.98it/s]Testing DataLoader 0:  14%|█▎        | 819/6000 [01:22<08:39,  9.98it/s]Testing DataLoader 0:  14%|█▎        | 820/6000 [01:22<08:38,  9.98it/s]Testing DataLoader 0:  14%|█▎        | 821/6000 [01:22<08:38,  9.98it/s]Testing DataLoader 0:  14%|█▎        | 822/6000 [01:22<08:38,  9.98it/s]Testing DataLoader 0:  14%|█▎        | 823/6000 [01:22<08:38,  9.98it/s]Testing DataLoader 0:  14%|█▎        | 824/6000 [01:22<08:38,  9.98it/s]Testing DataLoader 0:  14%|█▍        | 825/6000 [01:22<08:38,  9.98it/s]Testing DataLoader 0:  14%|█▍        | 826/6000 [01:22<08:38,  9.98it/s]Testing DataLoader 0:  14%|█▍        | 827/6000 [01:22<08:38,  9.99it/s]Testing DataLoader 0:  14%|█▍        | 828/6000 [01:22<08:37,  9.99it/s]Testing DataLoader 0:  14%|█▍        | 829/6000 [01:23<08:37,  9.99it/s]Testing DataLoader 0:  14%|█▍        | 830/6000 [01:23<08:37,  9.99it/s]Testing DataLoader 0:  14%|█▍        | 831/6000 [01:23<08:37,  9.99it/s]Testing DataLoader 0:  14%|█▍        | 832/6000 [01:23<08:37,  9.99it/s]Testing DataLoader 0:  14%|█▍        | 833/6000 [01:23<08:37,  9.99it/s]Testing DataLoader 0:  14%|█▍        | 834/6000 [01:23<08:37,  9.99it/s]Testing DataLoader 0:  14%|█▍        | 835/6000 [01:23<08:37,  9.99it/s]Testing DataLoader 0:  14%|█▍        | 836/6000 [01:23<08:36,  9.99it/s]Testing DataLoader 0:  14%|█▍        | 837/6000 [01:23<08:36,  9.99it/s]Testing DataLoader 0:  14%|█▍        | 838/6000 [01:23<08:36,  9.99it/s]Testing DataLoader 0:  14%|█▍        | 839/6000 [01:23<08:36,  9.99it/s]Testing DataLoader 0:  14%|█▍        | 840/6000 [01:24<08:36,  9.99it/s]Testing DataLoader 0:  14%|█▍        | 841/6000 [01:24<08:36,  9.99it/s]Testing DataLoader 0:  14%|█▍        | 842/6000 [01:24<08:36,  9.99it/s]Testing DataLoader 0:  14%|█▍        | 843/6000 [01:24<08:35,  9.99it/s]Testing DataLoader 0:  14%|█▍        | 844/6000 [01:24<08:35,  9.99it/s]Testing DataLoader 0:  14%|█▍        | 845/6000 [01:24<08:35, 10.00it/s]Testing DataLoader 0:  14%|█▍        | 846/6000 [01:24<08:35, 10.00it/s]Testing DataLoader 0:  14%|█▍        | 847/6000 [01:24<08:35, 10.00it/s]Testing DataLoader 0:  14%|█▍        | 848/6000 [01:24<08:35, 10.00it/s]Testing DataLoader 0:  14%|█▍        | 849/6000 [01:24<08:35, 10.00it/s]Testing DataLoader 0:  14%|█▍        | 850/6000 [01:24<08:34, 10.00it/s]Testing DataLoader 0:  14%|█▍        | 851/6000 [01:25<08:34, 10.00it/s]Testing DataLoader 0:  14%|█▍        | 852/6000 [01:25<08:34, 10.00it/s]Testing DataLoader 0:  14%|█▍        | 853/6000 [01:25<08:34, 10.00it/s]Testing DataLoader 0:  14%|█▍        | 854/6000 [01:25<08:34, 10.00it/s]Testing DataLoader 0:  14%|█▍        | 855/6000 [01:25<08:34, 10.00it/s]Testing DataLoader 0:  14%|█▍        | 856/6000 [01:25<08:34, 10.00it/s]Testing DataLoader 0:  14%|█▍        | 857/6000 [01:25<08:34, 10.00it/s]Testing DataLoader 0:  14%|█▍        | 858/6000 [01:25<08:33, 10.01it/s]Testing DataLoader 0:  14%|█▍        | 859/6000 [01:25<08:33, 10.01it/s]Testing DataLoader 0:  14%|█▍        | 860/6000 [01:25<08:33, 10.01it/s]Testing DataLoader 0:  14%|█▍        | 861/6000 [01:26<08:33, 10.01it/s]Testing DataLoader 0:  14%|█▍        | 862/6000 [01:26<08:33, 10.01it/s]Testing DataLoader 0:  14%|█▍        | 863/6000 [01:26<08:33, 10.01it/s]Testing DataLoader 0:  14%|█▍        | 864/6000 [01:26<08:33, 10.01it/s]Testing DataLoader 0:  14%|█▍        | 865/6000 [01:26<08:33, 10.01it/s]Testing DataLoader 0:  14%|█▍        | 866/6000 [01:26<08:32, 10.01it/s]Testing DataLoader 0:  14%|█▍        | 867/6000 [01:26<08:32, 10.01it/s]Testing DataLoader 0:  14%|█▍        | 868/6000 [01:26<08:32, 10.01it/s]Testing DataLoader 0:  14%|█▍        | 869/6000 [01:26<08:32, 10.01it/s]Testing DataLoader 0:  14%|█▍        | 870/6000 [01:26<08:32, 10.01it/s]Testing DataLoader 0:  15%|█▍        | 871/6000 [01:27<08:32, 10.01it/s]Testing DataLoader 0:  15%|█▍        | 872/6000 [01:27<08:32, 10.01it/s]Testing DataLoader 0:  15%|█▍        | 873/6000 [01:27<08:32, 10.01it/s]Testing DataLoader 0:  15%|█▍        | 874/6000 [01:27<08:31, 10.01it/s]Testing DataLoader 0:  15%|█▍        | 875/6000 [01:27<08:31, 10.01it/s]Testing DataLoader 0:  15%|█▍        | 876/6000 [01:27<08:31, 10.01it/s]Testing DataLoader 0:  15%|█▍        | 877/6000 [01:27<08:31, 10.02it/s]Testing DataLoader 0:  15%|█▍        | 878/6000 [01:27<08:31, 10.02it/s]Testing DataLoader 0:  15%|█▍        | 879/6000 [01:27<08:31, 10.02it/s]Testing DataLoader 0:  15%|█▍        | 880/6000 [01:27<08:31, 10.02it/s]Testing DataLoader 0:  15%|█▍        | 881/6000 [01:27<08:31, 10.02it/s]Testing DataLoader 0:  15%|█▍        | 882/6000 [01:28<08:30, 10.02it/s]Testing DataLoader 0:  15%|█▍        | 883/6000 [01:28<08:30, 10.02it/s]Testing DataLoader 0:  15%|█▍        | 884/6000 [01:28<08:30, 10.02it/s]Testing DataLoader 0:  15%|█▍        | 885/6000 [01:28<08:30, 10.02it/s]Testing DataLoader 0:  15%|█▍        | 886/6000 [01:28<08:30, 10.02it/s]Testing DataLoader 0:  15%|█▍        | 887/6000 [01:28<08:30, 10.02it/s]Testing DataLoader 0:  15%|█▍        | 888/6000 [01:28<08:30, 10.02it/s]Testing DataLoader 0:  15%|█▍        | 889/6000 [01:28<08:29, 10.02it/s]Testing DataLoader 0:  15%|█▍        | 890/6000 [01:28<08:29, 10.02it/s]Testing DataLoader 0:  15%|█▍        | 891/6000 [01:28<08:29, 10.02it/s]Testing DataLoader 0:  15%|█▍        | 892/6000 [01:28<08:29, 10.02it/s]Testing DataLoader 0:  15%|█▍        | 893/6000 [01:29<08:29, 10.02it/s]Testing DataLoader 0:  15%|█▍        | 894/6000 [01:29<08:29, 10.02it/s]Testing DataLoader 0:  15%|█▍        | 895/6000 [01:29<08:29, 10.02it/s]Testing DataLoader 0:  15%|█▍        | 896/6000 [01:29<08:29, 10.02it/s]Testing DataLoader 0:  15%|█▍        | 897/6000 [01:29<08:29, 10.03it/s]Testing DataLoader 0:  15%|█▍        | 898/6000 [01:29<08:28, 10.03it/s]Testing DataLoader 0:  15%|█▍        | 899/6000 [01:29<08:28, 10.03it/s]Testing DataLoader 0:  15%|█▌        | 900/6000 [01:29<08:28, 10.03it/s]Testing DataLoader 0:  15%|█▌        | 901/6000 [01:29<08:28, 10.03it/s]Testing DataLoader 0:  15%|█▌        | 902/6000 [01:29<08:28, 10.03it/s]Testing DataLoader 0:  15%|█▌        | 903/6000 [01:30<08:28, 10.03it/s]Testing DataLoader 0:  15%|█▌        | 904/6000 [01:30<08:28, 10.03it/s]Testing DataLoader 0:  15%|█▌        | 905/6000 [01:30<08:27, 10.03it/s]Testing DataLoader 0:  15%|█▌        | 906/6000 [01:30<08:27, 10.03it/s]Testing DataLoader 0:  15%|█▌        | 907/6000 [01:30<08:27, 10.03it/s]Testing DataLoader 0:  15%|█▌        | 908/6000 [01:30<08:27, 10.03it/s]Testing DataLoader 0:  15%|█▌        | 909/6000 [01:30<08:27, 10.03it/s]Testing DataLoader 0:  15%|█▌        | 910/6000 [01:30<08:27, 10.03it/s]Testing DataLoader 0:  15%|█▌        | 911/6000 [01:30<08:27, 10.04it/s]Testing DataLoader 0:  15%|█▌        | 912/6000 [01:30<08:26, 10.04it/s]Testing DataLoader 0:  15%|█▌        | 913/6000 [01:30<08:26, 10.04it/s]Testing DataLoader 0:  15%|█▌        | 914/6000 [01:31<08:26, 10.04it/s]Testing DataLoader 0:  15%|█▌        | 915/6000 [01:31<08:26, 10.04it/s]Testing DataLoader 0:  15%|█▌        | 916/6000 [01:31<08:26, 10.04it/s]Testing DataLoader 0:  15%|█▌        | 917/6000 [01:31<08:26, 10.04it/s]Testing DataLoader 0:  15%|█▌        | 918/6000 [01:31<08:26, 10.04it/s]Testing DataLoader 0:  15%|█▌        | 919/6000 [01:31<08:26, 10.04it/s]Testing DataLoader 0:  15%|█▌        | 920/6000 [01:31<08:25, 10.04it/s]Testing DataLoader 0:  15%|█▌        | 921/6000 [01:31<08:25, 10.04it/s]Testing DataLoader 0:  15%|█▌        | 922/6000 [01:31<08:25, 10.04it/s]Testing DataLoader 0:  15%|█▌        | 923/6000 [01:31<08:25, 10.04it/s]Testing DataLoader 0:  15%|█▌        | 924/6000 [01:32<08:25, 10.04it/s]Testing DataLoader 0:  15%|█▌        | 925/6000 [01:32<08:25, 10.04it/s]Testing DataLoader 0:  15%|█▌        | 926/6000 [01:32<08:25, 10.04it/s]Testing DataLoader 0:  15%|█▌        | 927/6000 [01:32<08:25, 10.04it/s]Testing DataLoader 0:  15%|█▌        | 928/6000 [01:32<08:24, 10.05it/s]Testing DataLoader 0:  15%|█▌        | 929/6000 [01:32<08:24, 10.05it/s]Testing DataLoader 0:  16%|█▌        | 930/6000 [01:32<08:24, 10.05it/s]Testing DataLoader 0:  16%|█▌        | 931/6000 [01:32<08:24, 10.05it/s]Testing DataLoader 0:  16%|█▌        | 932/6000 [01:32<08:24, 10.05it/s]Testing DataLoader 0:  16%|█▌        | 933/6000 [01:32<08:24, 10.05it/s]Testing DataLoader 0:  16%|█▌        | 934/6000 [01:32<08:24, 10.05it/s]Testing DataLoader 0:  16%|█▌        | 935/6000 [01:33<08:24, 10.05it/s]Testing DataLoader 0:  16%|█▌        | 936/6000 [01:33<08:23, 10.05it/s]Testing DataLoader 0:  16%|█▌        | 937/6000 [01:33<08:23, 10.05it/s]Testing DataLoader 0:  16%|█▌        | 938/6000 [01:33<08:23, 10.05it/s]Testing DataLoader 0:  16%|█▌        | 939/6000 [01:33<08:23, 10.05it/s]Testing DataLoader 0:  16%|█▌        | 940/6000 [01:33<08:23, 10.05it/s]Testing DataLoader 0:  16%|█▌        | 941/6000 [01:33<08:23, 10.05it/s]Testing DataLoader 0:  16%|█▌        | 942/6000 [01:33<08:23, 10.05it/s]Testing DataLoader 0:  16%|█▌        | 943/6000 [01:33<08:23, 10.05it/s]Testing DataLoader 0:  16%|█▌        | 944/6000 [01:33<08:22, 10.05it/s]Testing DataLoader 0:  16%|█▌        | 945/6000 [01:33<08:22, 10.05it/s]Testing DataLoader 0:  16%|█▌        | 946/6000 [01:34<08:22, 10.06it/s]Testing DataLoader 0:  16%|█▌        | 947/6000 [01:34<08:22, 10.06it/s]Testing DataLoader 0:  16%|█▌        | 948/6000 [01:34<08:22, 10.06it/s]Testing DataLoader 0:  16%|█▌        | 949/6000 [01:34<08:22, 10.06it/s]Testing DataLoader 0:  16%|█▌        | 950/6000 [01:34<08:22, 10.06it/s]Testing DataLoader 0:  16%|█▌        | 951/6000 [01:34<08:22, 10.06it/s]Testing DataLoader 0:  16%|█▌        | 952/6000 [01:34<08:21, 10.06it/s]Testing DataLoader 0:  16%|█▌        | 953/6000 [01:34<08:21, 10.06it/s]Testing DataLoader 0:  16%|█▌        | 954/6000 [01:34<08:21, 10.06it/s]Testing DataLoader 0:  16%|█▌        | 955/6000 [01:34<08:21, 10.06it/s]Testing DataLoader 0:  16%|█▌        | 956/6000 [01:35<08:21, 10.06it/s]Testing DataLoader 0:  16%|█▌        | 957/6000 [01:35<08:21, 10.06it/s]Testing DataLoader 0:  16%|█▌        | 958/6000 [01:35<08:21, 10.06it/s]Testing DataLoader 0:  16%|█▌        | 959/6000 [01:35<08:21, 10.06it/s]Testing DataLoader 0:  16%|█▌        | 960/6000 [01:35<08:21, 10.06it/s]Testing DataLoader 0:  16%|█▌        | 961/6000 [01:35<08:21, 10.06it/s]Testing DataLoader 0:  16%|█▌        | 962/6000 [01:35<08:20, 10.06it/s]Testing DataLoader 0:  16%|█▌        | 963/6000 [01:35<08:20, 10.06it/s]Testing DataLoader 0:  16%|█▌        | 964/6000 [01:35<08:20, 10.06it/s]Testing DataLoader 0:  16%|█▌        | 965/6000 [01:35<08:20, 10.06it/s]Testing DataLoader 0:  16%|█▌        | 966/6000 [01:36<08:20, 10.06it/s]Testing DataLoader 0:  16%|█▌        | 967/6000 [01:36<08:20, 10.06it/s]Testing DataLoader 0:  16%|█▌        | 968/6000 [01:36<08:20, 10.06it/s]Testing DataLoader 0:  16%|█▌        | 969/6000 [01:36<08:20, 10.06it/s]Testing DataLoader 0:  16%|█▌        | 970/6000 [01:36<08:19, 10.06it/s]Testing DataLoader 0:  16%|█▌        | 971/6000 [01:36<08:19, 10.06it/s]Testing DataLoader 0:  16%|█▌        | 972/6000 [01:36<08:19, 10.06it/s]Testing DataLoader 0:  16%|█▌        | 973/6000 [01:36<08:19, 10.06it/s]Testing DataLoader 0:  16%|█▌        | 974/6000 [01:36<08:19, 10.06it/s]Testing DataLoader 0:  16%|█▋        | 975/6000 [01:36<08:19, 10.06it/s]Testing DataLoader 0:  16%|█▋        | 976/6000 [01:36<08:19, 10.06it/s]Testing DataLoader 0:  16%|█▋        | 977/6000 [01:37<08:19, 10.06it/s]Testing DataLoader 0:  16%|█▋        | 978/6000 [01:37<08:18, 10.06it/s]Testing DataLoader 0:  16%|█▋        | 979/6000 [01:37<08:18, 10.07it/s]Testing DataLoader 0:  16%|█▋        | 980/6000 [01:37<08:18, 10.07it/s]Testing DataLoader 0:  16%|█▋        | 981/6000 [01:37<08:18, 10.07it/s]Testing DataLoader 0:  16%|█▋        | 982/6000 [01:37<08:18, 10.07it/s]Testing DataLoader 0:  16%|█▋        | 983/6000 [01:37<08:18, 10.07it/s]Testing DataLoader 0:  16%|█▋        | 984/6000 [01:37<08:18, 10.07it/s]Testing DataLoader 0:  16%|█▋        | 985/6000 [01:37<08:18, 10.07it/s]Testing DataLoader 0:  16%|█▋        | 986/6000 [01:37<08:17, 10.07it/s]Testing DataLoader 0:  16%|█▋        | 987/6000 [01:38<08:17, 10.07it/s]Testing DataLoader 0:  16%|█▋        | 988/6000 [01:38<08:17, 10.07it/s]Testing DataLoader 0:  16%|█▋        | 989/6000 [01:38<08:17, 10.07it/s]Testing DataLoader 0:  16%|█▋        | 990/6000 [01:38<08:17, 10.07it/s]Testing DataLoader 0:  17%|█▋        | 991/6000 [01:38<08:17, 10.07it/s]Testing DataLoader 0:  17%|█▋        | 992/6000 [01:38<08:17, 10.07it/s]Testing DataLoader 0:  17%|█▋        | 993/6000 [01:38<08:17, 10.07it/s]Testing DataLoader 0:  17%|█▋        | 994/6000 [01:38<08:17, 10.07it/s]Testing DataLoader 0:  17%|█▋        | 995/6000 [01:38<08:16, 10.07it/s]Testing DataLoader 0:  17%|█▋        | 996/6000 [01:38<08:16, 10.07it/s]Testing DataLoader 0:  17%|█▋        | 997/6000 [01:38<08:16, 10.07it/s]Testing DataLoader 0:  17%|█▋        | 998/6000 [01:39<08:16, 10.07it/s]Testing DataLoader 0:  17%|█▋        | 999/6000 [01:39<08:16, 10.07it/s]Testing DataLoader 0:  17%|█▋        | 1000/6000 [01:39<08:16, 10.07it/s]Testing DataLoader 0:  17%|█▋        | 1001/6000 [01:39<08:16, 10.07it/s]Testing DataLoader 0:  17%|█▋        | 1002/6000 [01:39<08:16, 10.08it/s]Testing DataLoader 0:  17%|█▋        | 1003/6000 [01:39<08:15, 10.08it/s]Testing DataLoader 0:  17%|█▋        | 1004/6000 [01:39<08:15, 10.08it/s]Testing DataLoader 0:  17%|█▋        | 1005/6000 [01:39<08:15, 10.08it/s]Testing DataLoader 0:  17%|█▋        | 1006/6000 [01:39<08:15, 10.08it/s]Testing DataLoader 0:  17%|█▋        | 1007/6000 [01:39<08:15, 10.08it/s]Testing DataLoader 0:  17%|█▋        | 1008/6000 [01:40<08:15, 10.08it/s]Testing DataLoader 0:  17%|█▋        | 1009/6000 [01:40<08:15, 10.08it/s]Testing DataLoader 0:  17%|█▋        | 1010/6000 [01:40<08:15, 10.08it/s]Testing DataLoader 0:  17%|█▋        | 1011/6000 [01:40<08:15, 10.08it/s]Testing DataLoader 0:  17%|█▋        | 1012/6000 [01:40<08:14, 10.08it/s]Testing DataLoader 0:  17%|█▋        | 1013/6000 [01:40<08:14, 10.08it/s]Testing DataLoader 0:  17%|█▋        | 1014/6000 [01:40<08:14, 10.08it/s]Testing DataLoader 0:  17%|█▋        | 1015/6000 [01:40<08:14, 10.08it/s]Testing DataLoader 0:  17%|█▋        | 1016/6000 [01:40<08:14, 10.08it/s]Testing DataLoader 0:  17%|█▋        | 1017/6000 [01:40<08:14, 10.08it/s]Testing DataLoader 0:  17%|█▋        | 1018/6000 [01:40<08:14, 10.08it/s]Testing DataLoader 0:  17%|█▋        | 1019/6000 [01:41<08:14, 10.08it/s]Testing DataLoader 0:  17%|█▋        | 1020/6000 [01:41<08:13, 10.08it/s]Testing DataLoader 0:  17%|█▋        | 1021/6000 [01:41<08:13, 10.08it/s]Testing DataLoader 0:  17%|█▋        | 1022/6000 [01:41<08:13, 10.08it/s]Testing DataLoader 0:  17%|█▋        | 1023/6000 [01:41<08:13, 10.08it/s]Testing DataLoader 0:  17%|█▋        | 1024/6000 [01:41<08:13, 10.08it/s]Testing DataLoader 0:  17%|█▋        | 1025/6000 [01:41<08:13, 10.08it/s]Testing DataLoader 0:  17%|█▋        | 1026/6000 [01:41<08:13, 10.08it/s]Testing DataLoader 0:  17%|█▋        | 1027/6000 [01:41<08:13, 10.08it/s]Testing DataLoader 0:  17%|█▋        | 1028/6000 [01:41<08:13, 10.08it/s]Testing DataLoader 0:  17%|█▋        | 1029/6000 [01:42<08:12, 10.08it/s]Testing DataLoader 0:  17%|█▋        | 1030/6000 [01:42<08:12, 10.08it/s]Testing DataLoader 0:  17%|█▋        | 1031/6000 [01:42<08:12, 10.09it/s]Testing DataLoader 0:  17%|█▋        | 1032/6000 [01:42<08:12, 10.09it/s]Testing DataLoader 0:  17%|█▋        | 1033/6000 [01:42<08:12, 10.09it/s]Testing DataLoader 0:  17%|█▋        | 1034/6000 [01:42<08:12, 10.09it/s]Testing DataLoader 0:  17%|█▋        | 1035/6000 [01:42<08:12, 10.09it/s]Testing DataLoader 0:  17%|█▋        | 1036/6000 [01:42<08:12, 10.09it/s]Testing DataLoader 0:  17%|█▋        | 1037/6000 [01:42<08:11, 10.09it/s]Testing DataLoader 0:  17%|█▋        | 1038/6000 [01:42<08:11, 10.09it/s]Testing DataLoader 0:  17%|█▋        | 1039/6000 [01:42<08:11, 10.09it/s]Testing DataLoader 0:  17%|█▋        | 1040/6000 [01:43<08:11, 10.09it/s]Testing DataLoader 0:  17%|█▋        | 1041/6000 [01:43<08:11, 10.09it/s]Testing DataLoader 0:  17%|█▋        | 1042/6000 [01:43<08:11, 10.09it/s]Testing DataLoader 0:  17%|█▋        | 1043/6000 [01:43<08:11, 10.09it/s]Testing DataLoader 0:  17%|█▋        | 1044/6000 [01:43<08:11, 10.09it/s]Testing DataLoader 0:  17%|█▋        | 1045/6000 [01:43<08:10, 10.09it/s]Testing DataLoader 0:  17%|█▋        | 1046/6000 [01:43<08:10, 10.09it/s]Testing DataLoader 0:  17%|█▋        | 1047/6000 [01:43<08:10, 10.09it/s]Testing DataLoader 0:  17%|█▋        | 1048/6000 [01:43<08:10, 10.09it/s]Testing DataLoader 0:  17%|█▋        | 1049/6000 [01:43<08:10, 10.09it/s]Testing DataLoader 0:  18%|█▊        | 1050/6000 [01:44<08:10, 10.10it/s]Testing DataLoader 0:  18%|█▊        | 1051/6000 [01:44<08:10, 10.10it/s]Testing DataLoader 0:  18%|█▊        | 1052/6000 [01:44<08:10, 10.10it/s]Testing DataLoader 0:  18%|█▊        | 1053/6000 [01:44<08:09, 10.10it/s]Testing DataLoader 0:  18%|█▊        | 1054/6000 [01:44<08:09, 10.10it/s]Testing DataLoader 0:  18%|█▊        | 1055/6000 [01:44<08:09, 10.10it/s]Testing DataLoader 0:  18%|█▊        | 1056/6000 [01:44<08:09, 10.10it/s]Testing DataLoader 0:  18%|█▊        | 1057/6000 [01:44<08:09, 10.10it/s]Testing DataLoader 0:  18%|█▊        | 1058/6000 [01:44<08:09, 10.10it/s]Testing DataLoader 0:  18%|█▊        | 1059/6000 [01:44<08:09, 10.10it/s]Testing DataLoader 0:  18%|█▊        | 1060/6000 [01:44<08:09, 10.10it/s]Testing DataLoader 0:  18%|█▊        | 1061/6000 [01:45<08:09, 10.10it/s]Testing DataLoader 0:  18%|█▊        | 1062/6000 [01:45<08:08, 10.10it/s]Testing DataLoader 0:  18%|█▊        | 1063/6000 [01:45<08:08, 10.10it/s]Testing DataLoader 0:  18%|█▊        | 1064/6000 [01:45<08:08, 10.10it/s]Testing DataLoader 0:  18%|█▊        | 1065/6000 [01:45<08:08, 10.10it/s]Testing DataLoader 0:  18%|█▊        | 1066/6000 [01:45<08:08, 10.10it/s]Testing DataLoader 0:  18%|█▊        | 1067/6000 [01:45<08:08, 10.10it/s]Testing DataLoader 0:  18%|█▊        | 1068/6000 [01:45<08:08, 10.10it/s]Testing DataLoader 0:  18%|█▊        | 1069/6000 [01:45<08:08, 10.10it/s]Testing DataLoader 0:  18%|█▊        | 1070/6000 [01:45<08:08, 10.10it/s]Testing DataLoader 0:  18%|█▊        | 1071/6000 [01:46<08:07, 10.10it/s]Testing DataLoader 0:  18%|█▊        | 1072/6000 [01:46<08:07, 10.10it/s]Testing DataLoader 0:  18%|█▊        | 1073/6000 [01:46<08:07, 10.10it/s]Testing DataLoader 0:  18%|█▊        | 1074/6000 [01:46<08:07, 10.10it/s]Testing DataLoader 0:  18%|█▊        | 1075/6000 [01:46<08:07, 10.10it/s]Testing DataLoader 0:  18%|█▊        | 1076/6000 [01:46<08:07, 10.10it/s]Testing DataLoader 0:  18%|█▊        | 1077/6000 [01:46<08:07, 10.10it/s]Testing DataLoader 0:  18%|█▊        | 1078/6000 [01:46<08:07, 10.10it/s]Testing DataLoader 0:  18%|█▊        | 1079/6000 [01:46<08:07, 10.10it/s]Testing DataLoader 0:  18%|█▊        | 1080/6000 [01:46<08:06, 10.10it/s]Testing DataLoader 0:  18%|█▊        | 1081/6000 [01:46<08:06, 10.10it/s]Testing DataLoader 0:  18%|█▊        | 1082/6000 [01:47<08:06, 10.10it/s]Testing DataLoader 0:  18%|█▊        | 1083/6000 [01:47<08:06, 10.10it/s]Testing DataLoader 0:  18%|█▊        | 1084/6000 [01:47<08:06, 10.10it/s]Testing DataLoader 0:  18%|█▊        | 1085/6000 [01:47<08:06, 10.10it/s]Testing DataLoader 0:  18%|█▊        | 1086/6000 [01:47<08:06, 10.10it/s]Testing DataLoader 0:  18%|█▊        | 1087/6000 [01:47<08:06, 10.11it/s]Testing DataLoader 0:  18%|█▊        | 1088/6000 [01:47<08:06, 10.11it/s]Testing DataLoader 0:  18%|█▊        | 1089/6000 [01:47<08:05, 10.11it/s]Testing DataLoader 0:  18%|█▊        | 1090/6000 [01:47<08:05, 10.11it/s]Testing DataLoader 0:  18%|█▊        | 1091/6000 [01:47<08:05, 10.11it/s]Testing DataLoader 0:  18%|█▊        | 1092/6000 [01:48<08:05, 10.11it/s]Testing DataLoader 0:  18%|█▊        | 1093/6000 [01:48<08:05, 10.11it/s]Testing DataLoader 0:  18%|█▊        | 1094/6000 [01:48<08:05, 10.11it/s]Testing DataLoader 0:  18%|█▊        | 1095/6000 [01:48<08:05, 10.11it/s]Testing DataLoader 0:  18%|█▊        | 1096/6000 [01:48<08:05, 10.11it/s]Testing DataLoader 0:  18%|█▊        | 1097/6000 [01:48<08:05, 10.11it/s]Testing DataLoader 0:  18%|█▊        | 1098/6000 [01:48<08:05, 10.11it/s]Testing DataLoader 0:  18%|█▊        | 1099/6000 [01:48<08:04, 10.11it/s]Testing DataLoader 0:  18%|█▊        | 1100/6000 [01:48<08:04, 10.11it/s]Testing DataLoader 0:  18%|█▊        | 1101/6000 [01:48<08:04, 10.11it/s]Testing DataLoader 0:  18%|█▊        | 1102/6000 [01:49<08:04, 10.11it/s]Testing DataLoader 0:  18%|█▊        | 1103/6000 [01:49<08:04, 10.11it/s]Testing DataLoader 0:  18%|█▊        | 1104/6000 [01:49<08:04, 10.11it/s]Testing DataLoader 0:  18%|█▊        | 1105/6000 [01:49<08:04, 10.11it/s]Testing DataLoader 0:  18%|█▊        | 1106/6000 [01:49<08:03, 10.11it/s]Testing DataLoader 0:  18%|█▊        | 1107/6000 [01:49<08:03, 10.11it/s]Testing DataLoader 0:  18%|█▊        | 1108/6000 [01:49<08:03, 10.11it/s]Testing DataLoader 0:  18%|█▊        | 1109/6000 [01:49<08:03, 10.11it/s]Testing DataLoader 0:  18%|█▊        | 1110/6000 [01:49<08:03, 10.11it/s]Testing DataLoader 0:  19%|█▊        | 1111/6000 [01:49<08:03, 10.11it/s]Testing DataLoader 0:  19%|█▊        | 1112/6000 [01:49<08:03, 10.11it/s]Testing DataLoader 0:  19%|█▊        | 1113/6000 [01:50<08:03, 10.11it/s]Testing DataLoader 0:  19%|█▊        | 1114/6000 [01:50<08:03, 10.11it/s]Testing DataLoader 0:  19%|█▊        | 1115/6000 [01:50<08:02, 10.11it/s]Testing DataLoader 0:  19%|█▊        | 1116/6000 [01:50<08:02, 10.11it/s]Testing DataLoader 0:  19%|█▊        | 1117/6000 [01:50<08:02, 10.12it/s]Testing DataLoader 0:  19%|█▊        | 1118/6000 [01:50<08:02, 10.12it/s]Testing DataLoader 0:  19%|█▊        | 1119/6000 [01:50<08:02, 10.12it/s]Testing DataLoader 0:  19%|█▊        | 1120/6000 [01:50<08:02, 10.12it/s]Testing DataLoader 0:  19%|█▊        | 1121/6000 [01:50<08:02, 10.12it/s]Testing DataLoader 0:  19%|█▊        | 1122/6000 [01:50<08:02, 10.12it/s]Testing DataLoader 0:  19%|█▊        | 1123/6000 [01:51<08:02, 10.12it/s]Testing DataLoader 0:  19%|█▊        | 1124/6000 [01:51<08:02, 10.12it/s]Testing DataLoader 0:  19%|█▉        | 1125/6000 [01:51<08:01, 10.11it/s]Testing DataLoader 0:  19%|█▉        | 1126/6000 [01:51<08:01, 10.11it/s]Testing DataLoader 0:  19%|█▉        | 1127/6000 [01:51<08:01, 10.11it/s]Testing DataLoader 0:  19%|█▉        | 1128/6000 [01:51<08:01, 10.11it/s]Testing DataLoader 0:  19%|█▉        | 1129/6000 [01:51<08:01, 10.11it/s]Testing DataLoader 0:  19%|█▉        | 1130/6000 [01:51<08:01, 10.12it/s]Testing DataLoader 0:  19%|█▉        | 1131/6000 [01:51<08:01, 10.12it/s]Testing DataLoader 0:  19%|█▉        | 1132/6000 [01:51<08:01, 10.12it/s]Testing DataLoader 0:  19%|█▉        | 1133/6000 [01:51<08:01, 10.12it/s]Testing DataLoader 0:  19%|█▉        | 1134/6000 [01:52<08:00, 10.12it/s]Testing DataLoader 0:  19%|█▉        | 1135/6000 [01:52<08:00, 10.12it/s]Testing DataLoader 0:  19%|█▉        | 1136/6000 [01:52<08:00, 10.12it/s]Testing DataLoader 0:  19%|█▉        | 1137/6000 [01:52<08:00, 10.12it/s]Testing DataLoader 0:  19%|█▉        | 1138/6000 [01:52<08:00, 10.12it/s]Testing DataLoader 0:  19%|█▉        | 1139/6000 [01:52<08:00, 10.12it/s]Testing DataLoader 0:  19%|█▉        | 1140/6000 [01:52<08:00, 10.12it/s]Testing DataLoader 0:  19%|█▉        | 1141/6000 [01:52<08:00, 10.12it/s]Testing DataLoader 0:  19%|█▉        | 1142/6000 [01:52<08:00, 10.12it/s]Testing DataLoader 0:  19%|█▉        | 1143/6000 [01:52<08:00, 10.12it/s]Testing DataLoader 0:  19%|█▉        | 1144/6000 [01:53<07:59, 10.12it/s]Testing DataLoader 0:  19%|█▉        | 1145/6000 [01:53<07:59, 10.12it/s]Testing DataLoader 0:  19%|█▉        | 1146/6000 [01:53<07:59, 10.12it/s]Testing DataLoader 0:  19%|█▉        | 1147/6000 [01:53<07:59, 10.12it/s]Testing DataLoader 0:  19%|█▉        | 1148/6000 [01:53<07:59, 10.12it/s]Testing DataLoader 0:  19%|█▉        | 1149/6000 [01:53<07:59, 10.12it/s]Testing DataLoader 0:  19%|█▉        | 1150/6000 [01:53<07:59, 10.12it/s]Testing DataLoader 0:  19%|█▉        | 1151/6000 [01:53<07:59, 10.12it/s]Testing DataLoader 0:  19%|█▉        | 1152/6000 [01:53<07:59, 10.12it/s]Testing DataLoader 0:  19%|█▉        | 1153/6000 [01:53<07:59, 10.12it/s]Testing DataLoader 0:  19%|█▉        | 1154/6000 [01:54<07:58, 10.12it/s]Testing DataLoader 0:  19%|█▉        | 1155/6000 [01:54<07:58, 10.12it/s]Testing DataLoader 0:  19%|█▉        | 1156/6000 [01:54<07:58, 10.12it/s]Testing DataLoader 0:  19%|█▉        | 1157/6000 [01:54<07:58, 10.12it/s]Testing DataLoader 0:  19%|█▉        | 1158/6000 [01:54<07:58, 10.12it/s]Testing DataLoader 0:  19%|█▉        | 1159/6000 [01:54<07:58, 10.12it/s]Testing DataLoader 0:  19%|█▉        | 1160/6000 [01:54<07:58, 10.12it/s]Testing DataLoader 0:  19%|█▉        | 1161/6000 [01:54<07:58, 10.12it/s]Testing DataLoader 0:  19%|█▉        | 1162/6000 [01:54<07:58, 10.12it/s]Testing DataLoader 0:  19%|█▉        | 1163/6000 [01:54<07:57, 10.12it/s]Testing DataLoader 0:  19%|█▉        | 1164/6000 [01:55<07:57, 10.12it/s]Testing DataLoader 0:  19%|█▉        | 1165/6000 [01:55<07:57, 10.12it/s]Testing DataLoader 0:  19%|█▉        | 1166/6000 [01:55<07:57, 10.12it/s]Testing DataLoader 0:  19%|█▉        | 1167/6000 [01:55<07:57, 10.12it/s]Testing DataLoader 0:  19%|█▉        | 1168/6000 [01:55<07:57, 10.12it/s]Testing DataLoader 0:  19%|█▉        | 1169/6000 [01:55<07:57, 10.12it/s]Testing DataLoader 0:  20%|█▉        | 1170/6000 [01:55<07:57, 10.12it/s]Testing DataLoader 0:  20%|█▉        | 1171/6000 [01:55<07:57, 10.12it/s]Testing DataLoader 0:  20%|█▉        | 1172/6000 [01:55<07:57, 10.12it/s]Testing DataLoader 0:  20%|█▉        | 1173/6000 [01:55<07:56, 10.12it/s]Testing DataLoader 0:  20%|█▉        | 1174/6000 [01:56<07:56, 10.12it/s]Testing DataLoader 0:  20%|█▉        | 1175/6000 [01:56<07:56, 10.12it/s]Testing DataLoader 0:  20%|█▉        | 1176/6000 [01:56<07:56, 10.12it/s]Testing DataLoader 0:  20%|█▉        | 1177/6000 [01:56<07:56, 10.12it/s]Testing DataLoader 0:  20%|█▉        | 1178/6000 [01:56<07:56, 10.12it/s]Testing DataLoader 0:  20%|█▉        | 1179/6000 [01:56<07:56, 10.12it/s]Testing DataLoader 0:  20%|█▉        | 1180/6000 [01:56<07:56, 10.12it/s]Testing DataLoader 0:  20%|█▉        | 1181/6000 [01:56<07:56, 10.12it/s]Testing DataLoader 0:  20%|█▉        | 1182/6000 [01:56<07:55, 10.12it/s]Testing DataLoader 0:  20%|█▉        | 1183/6000 [01:56<07:55, 10.12it/s]Testing DataLoader 0:  20%|█▉        | 1184/6000 [01:56<07:55, 10.12it/s]Testing DataLoader 0:  20%|█▉        | 1185/6000 [01:57<07:55, 10.12it/s]Testing DataLoader 0:  20%|█▉        | 1186/6000 [01:57<07:55, 10.12it/s]Testing DataLoader 0:  20%|█▉        | 1187/6000 [01:57<07:55, 10.12it/s]Testing DataLoader 0:  20%|█▉        | 1188/6000 [01:57<07:55, 10.12it/s]Testing DataLoader 0:  20%|█▉        | 1189/6000 [01:57<07:55, 10.12it/s]Testing DataLoader 0:  20%|█▉        | 1190/6000 [01:57<07:55, 10.12it/s]Testing DataLoader 0:  20%|█▉        | 1191/6000 [01:57<07:55, 10.12it/s]Testing DataLoader 0:  20%|█▉        | 1192/6000 [01:57<07:54, 10.12it/s]Testing DataLoader 0:  20%|█▉        | 1193/6000 [01:57<07:54, 10.12it/s]Testing DataLoader 0:  20%|█▉        | 1194/6000 [01:57<07:54, 10.12it/s]Testing DataLoader 0:  20%|█▉        | 1195/6000 [01:58<07:54, 10.12it/s]Testing DataLoader 0:  20%|█▉        | 1196/6000 [01:58<07:54, 10.12it/s]Testing DataLoader 0:  20%|█▉        | 1197/6000 [01:58<07:54, 10.12it/s]Testing DataLoader 0:  20%|█▉        | 1198/6000 [01:58<07:54, 10.13it/s]Testing DataLoader 0:  20%|█▉        | 1199/6000 [01:58<07:54, 10.13it/s]Testing DataLoader 0:  20%|██        | 1200/6000 [01:58<07:54, 10.13it/s]Testing DataLoader 0:  20%|██        | 1201/6000 [01:58<07:53, 10.13it/s]Testing DataLoader 0:  20%|██        | 1202/6000 [01:58<07:53, 10.13it/s]Testing DataLoader 0:  20%|██        | 1203/6000 [01:58<07:53, 10.13it/s]Testing DataLoader 0:  20%|██        | 1204/6000 [01:58<07:53, 10.13it/s]Testing DataLoader 0:  20%|██        | 1205/6000 [01:58<07:53, 10.13it/s]Testing DataLoader 0:  20%|██        | 1206/6000 [01:59<07:53, 10.13it/s]Testing DataLoader 0:  20%|██        | 1207/6000 [01:59<07:53, 10.13it/s]Testing DataLoader 0:  20%|██        | 1208/6000 [01:59<07:53, 10.13it/s]Testing DataLoader 0:  20%|██        | 1209/6000 [01:59<07:53, 10.13it/s]Testing DataLoader 0:  20%|██        | 1210/6000 [01:59<07:52, 10.13it/s]Testing DataLoader 0:  20%|██        | 1211/6000 [01:59<07:52, 10.13it/s]Testing DataLoader 0:  20%|██        | 1212/6000 [01:59<07:52, 10.13it/s]Testing DataLoader 0:  20%|██        | 1213/6000 [01:59<07:52, 10.13it/s]Testing DataLoader 0:  20%|██        | 1214/6000 [01:59<07:52, 10.13it/s]Testing DataLoader 0:  20%|██        | 1215/6000 [01:59<07:52, 10.13it/s]Testing DataLoader 0:  20%|██        | 1216/6000 [02:00<07:52, 10.13it/s]Testing DataLoader 0:  20%|██        | 1217/6000 [02:00<07:52, 10.13it/s]Testing DataLoader 0:  20%|██        | 1218/6000 [02:00<07:52, 10.13it/s]Testing DataLoader 0:  20%|██        | 1219/6000 [02:00<07:51, 10.13it/s]Testing DataLoader 0:  20%|██        | 1220/6000 [02:00<07:51, 10.13it/s]Testing DataLoader 0:  20%|██        | 1221/6000 [02:00<07:51, 10.13it/s]Testing DataLoader 0:  20%|██        | 1222/6000 [02:00<07:51, 10.13it/s]Testing DataLoader 0:  20%|██        | 1223/6000 [02:00<07:51, 10.13it/s]Testing DataLoader 0:  20%|██        | 1224/6000 [02:00<07:51, 10.13it/s]Testing DataLoader 0:  20%|██        | 1225/6000 [02:00<07:51, 10.13it/s]Testing DataLoader 0:  20%|██        | 1226/6000 [02:00<07:51, 10.13it/s]Testing DataLoader 0:  20%|██        | 1227/6000 [02:01<07:51, 10.13it/s]Testing DataLoader 0:  20%|██        | 1228/6000 [02:01<07:50, 10.13it/s]Testing DataLoader 0:  20%|██        | 1229/6000 [02:01<07:50, 10.13it/s]Testing DataLoader 0:  20%|██        | 1230/6000 [02:01<07:50, 10.13it/s]Testing DataLoader 0:  21%|██        | 1231/6000 [02:01<07:50, 10.13it/s]Testing DataLoader 0:  21%|██        | 1232/6000 [02:01<07:50, 10.13it/s]Testing DataLoader 0:  21%|██        | 1233/6000 [02:01<07:50, 10.14it/s]Testing DataLoader 0:  21%|██        | 1234/6000 [02:01<07:50, 10.14it/s]Testing DataLoader 0:  21%|██        | 1235/6000 [02:01<07:49, 10.14it/s]Testing DataLoader 0:  21%|██        | 1236/6000 [02:01<07:49, 10.14it/s]Testing DataLoader 0:  21%|██        | 1237/6000 [02:01<07:49, 10.15it/s]Testing DataLoader 0:  21%|██        | 1238/6000 [02:01<07:49, 10.15it/s]Testing DataLoader 0:  21%|██        | 1239/6000 [02:02<07:48, 10.15it/s]Testing DataLoader 0:  21%|██        | 1240/6000 [02:02<07:48, 10.16it/s]Testing DataLoader 0:  21%|██        | 1241/6000 [02:02<07:48, 10.16it/s]Testing DataLoader 0:  21%|██        | 1242/6000 [02:02<07:48, 10.16it/s]Testing DataLoader 0:  21%|██        | 1243/6000 [02:02<07:48, 10.16it/s]Testing DataLoader 0:  21%|██        | 1244/6000 [02:02<07:47, 10.16it/s]Testing DataLoader 0:  21%|██        | 1245/6000 [02:02<07:47, 10.17it/s]Testing DataLoader 0:  21%|██        | 1246/6000 [02:02<07:47, 10.17it/s]Testing DataLoader 0:  21%|██        | 1247/6000 [02:02<07:47, 10.17it/s]Testing DataLoader 0:  21%|██        | 1248/6000 [02:02<07:46, 10.18it/s]Testing DataLoader 0:  21%|██        | 1249/6000 [02:02<07:46, 10.18it/s]Testing DataLoader 0:  21%|██        | 1250/6000 [02:02<07:46, 10.18it/s]Testing DataLoader 0:  21%|██        | 1251/6000 [02:02<07:46, 10.18it/s]Testing DataLoader 0:  21%|██        | 1252/6000 [02:02<07:45, 10.19it/s]Testing DataLoader 0:  21%|██        | 1253/6000 [02:02<07:45, 10.19it/s]Testing DataLoader 0:  21%|██        | 1254/6000 [02:02<07:45, 10.20it/s]Testing DataLoader 0:  21%|██        | 1255/6000 [02:03<07:45, 10.20it/s]Testing DataLoader 0:  21%|██        | 1256/6000 [02:03<07:44, 10.21it/s]Testing DataLoader 0:  21%|██        | 1257/6000 [02:03<07:44, 10.21it/s]Testing DataLoader 0:  21%|██        | 1258/6000 [02:03<07:44, 10.21it/s]Testing DataLoader 0:  21%|██        | 1259/6000 [02:03<07:44, 10.21it/s]Testing DataLoader 0:  21%|██        | 1260/6000 [02:03<07:44, 10.21it/s]Testing DataLoader 0:  21%|██        | 1261/6000 [02:03<07:44, 10.21it/s]Testing DataLoader 0:  21%|██        | 1262/6000 [02:03<07:44, 10.21it/s]Testing DataLoader 0:  21%|██        | 1263/6000 [02:03<07:44, 10.21it/s]Testing DataLoader 0:  21%|██        | 1264/6000 [02:03<07:44, 10.21it/s]Testing DataLoader 0:  21%|██        | 1265/6000 [02:03<07:43, 10.21it/s]Testing DataLoader 0:  21%|██        | 1266/6000 [02:04<07:43, 10.21it/s]Testing DataLoader 0:  21%|██        | 1267/6000 [02:04<07:43, 10.20it/s]Testing DataLoader 0:  21%|██        | 1268/6000 [02:04<07:43, 10.21it/s]Testing DataLoader 0:  21%|██        | 1269/6000 [02:04<07:43, 10.21it/s]Testing DataLoader 0:  21%|██        | 1270/6000 [02:04<07:43, 10.21it/s]Testing DataLoader 0:  21%|██        | 1271/6000 [02:04<07:43, 10.21it/s]Testing DataLoader 0:  21%|██        | 1272/6000 [02:04<07:43, 10.21it/s]Testing DataLoader 0:  21%|██        | 1273/6000 [02:04<07:43, 10.21it/s]Testing DataLoader 0:  21%|██        | 1274/6000 [02:04<07:43, 10.20it/s]Testing DataLoader 0:  21%|██▏       | 1275/6000 [02:04<07:42, 10.21it/s]Testing DataLoader 0:  21%|██▏       | 1276/6000 [02:05<07:42, 10.21it/s]Testing DataLoader 0:  21%|██▏       | 1277/6000 [02:05<07:42, 10.21it/s]Testing DataLoader 0:  21%|██▏       | 1278/6000 [02:05<07:42, 10.21it/s]Testing DataLoader 0:  21%|██▏       | 1279/6000 [02:05<07:42, 10.21it/s]Testing DataLoader 0:  21%|██▏       | 1280/6000 [02:05<07:42, 10.21it/s]Testing DataLoader 0:  21%|██▏       | 1281/6000 [02:05<07:42, 10.21it/s]Testing DataLoader 0:  21%|██▏       | 1282/6000 [02:05<07:42, 10.21it/s]Testing DataLoader 0:  21%|██▏       | 1283/6000 [02:05<07:42, 10.21it/s]Testing DataLoader 0:  21%|██▏       | 1284/6000 [02:05<07:42, 10.21it/s]Testing DataLoader 0:  21%|██▏       | 1285/6000 [02:05<07:42, 10.21it/s]Testing DataLoader 0:  21%|██▏       | 1286/6000 [02:06<07:41, 10.20it/s]Testing DataLoader 0:  21%|██▏       | 1287/6000 [02:06<07:41, 10.20it/s]Testing DataLoader 0:  21%|██▏       | 1288/6000 [02:06<07:41, 10.20it/s]Testing DataLoader 0:  21%|██▏       | 1289/6000 [02:06<07:41, 10.20it/s]Testing DataLoader 0:  22%|██▏       | 1290/6000 [02:06<07:41, 10.20it/s]Testing DataLoader 0:  22%|██▏       | 1291/6000 [02:06<07:41, 10.20it/s]Testing DataLoader 0:  22%|██▏       | 1292/6000 [02:06<07:41, 10.20it/s]Testing DataLoader 0:  22%|██▏       | 1293/6000 [02:06<07:41, 10.20it/s]Testing DataLoader 0:  22%|██▏       | 1294/6000 [02:06<07:41, 10.20it/s]Testing DataLoader 0:  22%|██▏       | 1295/6000 [02:06<07:41, 10.20it/s]Testing DataLoader 0:  22%|██▏       | 1296/6000 [02:07<07:41, 10.20it/s]Testing DataLoader 0:  22%|██▏       | 1297/6000 [02:07<07:40, 10.20it/s]Testing DataLoader 0:  22%|██▏       | 1298/6000 [02:07<07:40, 10.20it/s]Testing DataLoader 0:  22%|██▏       | 1299/6000 [02:07<07:40, 10.20it/s]Testing DataLoader 0:  22%|██▏       | 1300/6000 [02:07<07:40, 10.21it/s]Testing DataLoader 0:  22%|██▏       | 1301/6000 [02:07<07:40, 10.21it/s]Testing DataLoader 0:  22%|██▏       | 1302/6000 [02:07<07:39, 10.21it/s]Testing DataLoader 0:  22%|██▏       | 1303/6000 [02:07<07:39, 10.22it/s][MFD audit] wrote 83,005 events -> /scratch/yw8866/rec-tmall/mfd_audit_dump.pt
Testing DataLoader 0:  22%|██▏       | 1303/6000 [02:08<07:41, 10.18it/s]
[[36m2026-07-25 11:47:23,002[0m][[34m__main__[0m][[32mINFO[0m] - [rank: 0] Best ckpt path: /scratch/yw8866/rec-tmall/_mfd_audit_wb1.ckpt[0m
[[36m2026-07-25 11:47:23,004[0m][[34m__main__[0m][[32mINFO[0m] - [rank: 0] Metrics: {}[0m
[[36m2026-07-25 11:47:23,093[0m][[34msrc.utils.logging_utils[0m][[32mINFO[0m] - [rank: 0] Closing wandb![0m
[[36m2026-07-25 11:47:31,011[0m][[34msrc.utils.restart_job[0m][[32mINFO[0m] - [rank: 0] Job finished successfully.[0m
2026-07-25 11:47:59.707217: I tensorflow/core/util/port.cc:153] oneDNN custom operations are on. You may see slightly different numerical results due to floating-point round-off errors from different computation orders. To turn them off, set the environment variable `TF_ENABLE_ONEDNN_OPTS=0`.
2026-07-25 11:47:59.754391: I tensorflow/core/platform/cpu_feature_guard.cc:210] This TensorFlow binary is optimized to use available CPU instructions in performance-critical operations.
To enable the following instructions: AVX2 AVX512F AVX512_VNNI FMA, in other operations, rebuild TensorFlow with the appropriate compiler flags.
[[36m2026-07-25 11:48:13,692[0m][[34msrc.utils.utils[0m][[32mINFO[0m] - [rank: 0] Enforcing tags! <cfg.extras.enforce_tags=True>[0m
[[36m2026-07-25 11:48:13,705[0m][[34msrc.utils.utils[0m][[32mINFO[0m] - [rank: 0] Printing config tree with Rich! <cfg.extras.print_config=True>[0m
CONFIG
├── data_loading
│   └── features_config:                                                        
│         features:                                                             
│         - name: sequence_data                                                 
│           num_placeholder_tokens: 0                                           
│           semantic_ids: ???                                                   
│           is_item_ids: true                                                   
│           type:                                                               
│             _target_: torch.__dict__.get                                      
│             _args_:                                                           
│             - int32                                                           
│         - name: behavior_data                                                 
│           num_placeholder_tokens: 0                                           
│           is_item_ids: true                                                   
│           type:                                                               
│             _target_: torch.__dict__.get                                      
│             _args_:                                                           
│             - int32                                                           
│         - name: user_id                                                       
│           is_item_ids: true                                                   
│           type:                                                               
│             _target_: torch.__dict__.get                                      
│             _args_:                                                           
│             - int32                                                           
│       dataset_config:                                                         
│         dataset:                                                              
│           _target_: src.data.loading.components.interfaces.SemanticIDDatasetCo
│           user_id_field: user_id                                              
│           min_sequence_length: 1                                              
│           iterate_per_row: true                                               
│           keep_user_id: true                                                  
│           features_to_consider:                                               
│           - sequence_data                                                     
│           - behavior_data                                                     
│           - user_id                                                           
│           num_placeholder_tokens_map:                                         
│             sequence_data: 0                                                  
│             behavior_data: 0                                                  
│           semantic_id_map: {}                                                 
│           data_iterator:                                                      
│             _target_: src.data.loading.components.iterators.TFRecordIterator  
│           preprocessing_functions:                                            
│           - _target_: src.data.loading.components.pre_processing.filter_featur
│             _partial_: true                                                   
│           - _target_: src.data.loading.components.pre_processing.convert_to_de
│             _partial_: true                                                   
│           - _target_: src.data.loading.components.pre_processing.convert_field
│             _partial_: true                                                   
│           - _target_: src.data.loading.components.pre_processing.map_sparse_id
│             _partial_: true                                                   
│             features_to_apply:                                                
│             - sequence_data                                                   
│             num_hierarchies: 3                                                
│       train_dataloader_config:                                                
│         dataloader:                                                           
│           _target_: src.data.loading.components.interfaces.SequenceDataloaderC
│           dataset_class:                                                      
│             _target_: src.data.loading.components.dataloading.UnboundedSequenc
│             _partial_: true                                                   
│           data_folder: /scratch/yw8866/rec-tmall/tfrecords_mb_userdrop/trainin
│           should_shuffle_rows: true                                           
│           labels:                                                             
│             sequence_data:                                                    
│               transform:                                                      
│                 _target_: src.data.loading.components.label_function.NextKToke
│                 next_k: 4                                                     
│           batch_size_per_device: 32                                           
│           num_workers: 16                                                     
│           timeout: 60                                                         
│           assign_files_by_size: false                                         
│           oov_token: null                                                     
│           masking_token: -1                                                   
│           sequence_length: 160                                                
│           padding_token: -1                                                   
│           drop_last: true                                                     
│           persistent_workers: true                                            
│           pin_memory: true                                                    
│           collate_fn:                                                         
│             _target_: src.data.loading.components.collate_functions.collate_wi
│             _partial_: true                                                   
│             sequence_length: 160                                              
│             padding_token: -1                                                 
│             sequence_field_name: sequence_data                                
│             behavior_field_name: behavior_data                                
│             sid_hierarchy: 3                                                  
│             max_batch_size: 1024                                              
│           dataset_config:                                                     
│             _target_: src.data.loading.components.interfaces.SemanticIDDataset
│             user_id_field: user_id                                            
│             min_sequence_length: 1                                            
│             iterate_per_row: true                                             
│             keep_user_id: true                                                
│             features_to_consider:                                             
│             - sequence_data                                                   
│             - behavior_data                                                   
│             - user_id                                                         
│             num_placeholder_tokens_map:                                       
│               sequence_data: 0                                                
│               behavior_data: 0                                                
│             semantic_id_map:                                                  
│               sequence_data:                                                  
│                 _target_: torch.load                                          
│                 _args_:                                                       
│                 - _target_: src.utils.file_utils.open_local_or_remote         
│                   file_path: /scratch/yw8866/logs/inference/runs/2026-05-06/20
│                   mode: rb                                                    
│             data_iterator:                                                    
│               _target_: src.data.loading.components.iterators.TFRecordIterator
│             preprocessing_functions:                                          
│             - _target_: src.data.loading.components.pre_processing.filter_feat
│               _partial_: true                                                 
│             - _target_: src.data.loading.components.pre_processing.convert_to_
│               _partial_: true                                                 
│             - _target_: src.data.loading.components.pre_processing.convert_fie
│               _partial_: true                                                 
│             - _target_: src.data.loading.components.pre_processing.map_sparse_
│               _partial_: true                                                 
│               features_to_apply:                                              
│               - sequence_data                                                 
│               num_hierarchies: 3                                              
│           assign_all_files_per_worker: true                                   
│       val_dataloader_config:                                                  
│         dataloader:                                                           
│           _target_: src.data.loading.components.interfaces.SequenceDataloaderC
│           dataset_class:                                                      
│             _target_: src.data.loading.components.dataloading.UnboundedSequenc
│             _partial_: true                                                   
│           data_folder: /scratch/yw8866/rec-tmall/tfrecords_mb_userdrop/evaluat
│           should_shuffle_rows: false                                          
│           labels:                                                             
│             sequence_data:                                                    
│               transform:                                                      
│                 _target_: src.data.loading.components.label_function.NextKToke
│                 next_k: 4                                                     
│           batch_size_per_device: 64                                           
│           num_workers: 8                                                      
│           timeout: 60                                                         
│           assign_files_by_size: true                                          
│           oov_token: null                                                     
│           masking_token: -1                                                   
│           sequence_length: 160                                                
│           padding_token: -1                                                   
│           drop_last: false                                                    
│           persistent_workers: true                                            
│           pin_memory: true                                                    
│           collate_fn:                                                         
│             _target_: src.data.loading.components.collate_functions.collate_wi
│             _partial_: true                                                   
│             sequence_length: 160                                              
│             padding_token: -1                                                 
│             sequence_field_name: sequence_data                                
│             behavior_field_name: behavior_data                                
│             sid_hierarchy: 3                                                  
│           dataset_config:                                                     
│             _target_: src.data.loading.components.interfaces.SemanticIDDataset
│             user_id_field: user_id                                            
│             min_sequence_length: 1                                            
│             iterate_per_row: true                                             
│             keep_user_id: true                                                
│             features_to_consider:                                             
│             - sequence_data                                                   
│             - behavior_data                                                   
│             - user_id                                                         
│             num_placeholder_tokens_map:                                       
│               sequence_data: 0                                                
│               behavior_data: 0                                                
│             semantic_id_map:                                                  
│               sequence_data:                                                  
│                 _target_: torch.load                                          
│                 _args_:                                                       
│                 - _target_: src.utils.file_utils.open_local_or_remote         
│                   file_path: /scratch/yw8866/logs/inference/runs/2026-05-06/20
│                   mode: rb                                                    
│             data_iterator:                                                    
│               _target_: src.data.loading.components.iterators.TFRecordIterator
│             preprocessing_functions:                                          
│             - _target_: src.data.loading.components.pre_processing.filter_feat
│               _partial_: true                                                 
│             - _target_: src.data.loading.components.pre_processing.convert_to_
│               _partial_: true                                                 
│             - _target_: src.data.loading.components.pre_processing.convert_fie
│               _partial_: true                                                 
│             - _target_: src.data.loading.components.pre_processing.map_sparse_
│               _partial_: true                                                 
│               features_to_apply:                                              
│               - sequence_data                                                 
│               num_hierarchies: 3                                              
│       test_dataloader_config:                                                 
│         dataloader:                                                           
│           _target_: src.data.loading.components.interfaces.SequenceDataloaderC
│           dataset_class:                                                      
│             _target_: src.data.loading.components.dataloading.UnboundedSequenc
│             _partial_: true                                                   
│           data_folder: /scratch/yw8866/rec-tmall/tfrecords_mb_userdrop/testing
│           should_shuffle_rows: false                                          
│           labels:                                                             
│             sequence_data:                                                    
│               transform:                                                      
│                 _target_: src.data.loading.components.label_function.NextKToke
│                 next_k: 4                                                     
│           batch_size_per_device: 64                                           
│           num_workers: 8                                                      
│           timeout: 60                                                         
│           assign_files_by_size: true                                          
│           oov_token: null                                                     
│           masking_token: -1                                                   
│           sequence_length: 160                                                
│           padding_token: -1                                                   
│           drop_last: false                                                    
│           persistent_workers: true                                            
│           pin_memory: true                                                    
│           collate_fn:                                                         
│             _target_: src.data.loading.components.collate_functions.collate_wi
│             _partial_: true                                                   
│             sequence_length: 160                                              
│             padding_token: -1                                                 
│             sequence_field_name: sequence_data                                
│             behavior_field_name: behavior_data                                
│             sid_hierarchy: 3                                                  
│           dataset_config:                                                     
│             _target_: src.data.loading.components.interfaces.SemanticIDDataset
│             user_id_field: user_id                                            
│             min_sequence_length: 1                                            
│             iterate_per_row: true                                             
│             keep_user_id: true                                                
│             features_to_consider:                                             
│             - sequence_data                                                   
│             - behavior_data                                                   
│             - user_id                                                         
│             num_placeholder_tokens_map:                                       
│               sequence_data: 0                                                
│               behavior_data: 0                                                
│             semantic_id_map:                                                  
│               sequence_data:                                                  
│                 _target_: torch.load                                          
│                 _args_:                                                       
│                 - _target_: src.utils.file_utils.open_local_or_remote         
│                   file_path: /scratch/yw8866/logs/inference/runs/2026-05-06/20
│                   mode: rb                                                    
│             data_iterator:                                                    
│               _target_: src.data.loading.components.iterators.TFRecordIterator
│             preprocessing_functions:                                          
│             - _target_: src.data.loading.components.pre_processing.filter_feat
│               _partial_: true                                                 
│             - _target_: src.data.loading.components.pre_processing.convert_to_
│               _partial_: true                                                 
│             - _target_: src.data.loading.components.pre_processing.convert_fie
│               _partial_: true                                                 
│             - _target_: src.data.loading.components.pre_processing.map_sparse_
│               _partial_: true                                                 
│               features_to_apply:                                              
│               - sequence_data                                                 
│               num_hierarchies: 3                                              
│       datamodule:                                                             
│         _target_: src.data.loading.datamodules.sequence_datamodule.SequenceDat
│         train_dataloader_config:                                              
│           _target_: src.data.loading.components.interfaces.SequenceDataloaderC
│           dataset_class:                                                      
│             _target_: src.data.loading.components.dataloading.UnboundedSequenc
│             _partial_: true                                                   
│           data_folder: /scratch/yw8866/rec-tmall/tfrecords_mb_userdrop/trainin
│           should_shuffle_rows: true                                           
│           labels:                                                             
│             sequence_data:                                                    
│               transform:                                                      
│                 _target_: src.data.loading.components.label_function.NextKToke
│                 next_k: 4                                                     
│           batch_size_per_device: 32                                           
│           num_workers: 16                                                     
│           timeout: 60                                                         
│           assign_files_by_size: false                                         
│           oov_token: null                                                     
│           masking_token: -1                                                   
│           sequence_length: 160                                                
│           padding_token: -1                                                   
│           drop_last: true                                                     
│           persistent_workers: true                                            
│           pin_memory: true                                                    
│           collate_fn:                                                         
│             _target_: src.data.loading.components.collate_functions.collate_wi
│             _partial_: true                                                   
│             sequence_length: 160                                              
│             padding_token: -1                                                 
│             sequence_field_name: sequence_data                                
│             behavior_field_name: behavior_data                                
│             sid_hierarchy: 3                                                  
│             max_batch_size: 1024                                              
│           dataset_config:                                                     
│             _target_: src.data.loading.components.interfaces.SemanticIDDataset
│             user_id_field: user_id                                            
│             min_sequence_length: 1                                            
│             iterate_per_row: true                                             
│             keep_user_id: true                                                
│             features_to_consider:                                             
│             - sequence_data                                                   
│             - behavior_data                                                   
│             - user_id                                                         
│             num_placeholder_tokens_map:                                       
│               sequence_data: 0                                                
│               behavior_data: 0                                                
│             semantic_id_map:                                                  
│               sequence_data:                                                  
│                 _target_: torch.load                                          
│                 _args_:                                                       
│                 - _target_: src.utils.file_utils.open_local_or_remote         
│                   file_path: /scratch/yw8866/logs/inference/runs/2026-05-06/20
│                   mode: rb                                                    
│             data_iterator:                                                    
│               _target_: src.data.loading.components.iterators.TFRecordIterator
│             preprocessing_functions:                                          
│             - _target_: src.data.loading.components.pre_processing.filter_feat
│               _partial_: true                                                 
│             - _target_: src.data.loading.components.pre_processing.convert_to_
│               _partial_: true                                                 
│             - _target_: src.data.loading.components.pre_processing.convert_fie
│               _partial_: true                                                 
│             - _target_: src.data.loading.components.pre_processing.map_sparse_
│               _partial_: true                                                 
│               features_to_apply:                                              
│               - sequence_data                                                 
│               num_hierarchies: 3                                              
│           assign_all_files_per_worker: true                                   
│         val_dataloader_config:                                                
│           _target_: src.data.loading.components.interfaces.SequenceDataloaderC
│           dataset_class:                                                      
│             _target_: src.data.loading.components.dataloading.UnboundedSequenc
│             _partial_: true                                                   
│           data_folder: /scratch/yw8866/rec-tmall/tfrecords_mb_userdrop/evaluat
│           should_shuffle_rows: false                                          
│           labels:                                                             
│             sequence_data:                                                    
│               transform:                                                      
│                 _target_: src.data.loading.components.label_function.NextKToke
│                 next_k: 4                                                     
│           batch_size_per_device: 64                                           
│           num_workers: 8                                                      
│           timeout: 60                                                         
│           assign_files_by_size: true                                          
│           oov_token: null                                                     
│           masking_token: -1                                                   
│           sequence_length: 160                                                
│           padding_token: -1                                                   
│           drop_last: false                                                    
│           persistent_workers: true                                            
│           pin_memory: true                                                    
│           collate_fn:                                                         
│             _target_: src.data.loading.components.collate_functions.collate_wi
│             _partial_: true                                                   
│             sequence_length: 160                                              
│             padding_token: -1                                                 
│             sequence_field_name: sequence_data                                
│             behavior_field_name: behavior_data                                
│             sid_hierarchy: 3                                                  
│           dataset_config:                                                     
│             _target_: src.data.loading.components.interfaces.SemanticIDDataset
│             user_id_field: user_id                                            
│             min_sequence_length: 1                                            
│             iterate_per_row: true                                             
│             keep_user_id: true                                                
│             features_to_consider:                                             
│             - sequence_data                                                   
│             - behavior_data                                                   
│             - user_id                                                         
│             num_placeholder_tokens_map:                                       
│               sequence_data: 0                                                
│               behavior_data: 0                                                
│             semantic_id_map:                                                  
│               sequence_data:                                                  
│                 _target_: torch.load                                          
│                 _args_:                                                       
│                 - _target_: src.utils.file_utils.open_local_or_remote         
│                   file_path: /scratch/yw8866/logs/inference/runs/2026-05-06/20
│                   mode: rb                                                    
│             data_iterator:                                                    
│               _target_: src.data.loading.components.iterators.TFRecordIterator
│             preprocessing_functions:                                          
│             - _target_: src.data.loading.components.pre_processing.filter_feat
│               _partial_: true                                                 
│             - _target_: src.data.loading.components.pre_processing.convert_to_
│               _partial_: true                                                 
│             - _target_: src.data.loading.components.pre_processing.convert_fie
│               _partial_: true                                                 
│             - _target_: src.data.loading.components.pre_processing.map_sparse_
│               _partial_: true                                                 
│               features_to_apply:                                              
│               - sequence_data                                                 
│               num_hierarchies: 3                                              
│         test_dataloader_config:                                               
│           _target_: src.data.loading.components.interfaces.SequenceDataloaderC
│           dataset_class:                                                      
│             _target_: src.data.loading.components.dataloading.UnboundedSequenc
│             _partial_: true                                                   
│           data_folder: /scratch/yw8866/rec-tmall/tfrecords_mb_userdrop/testing
│           should_shuffle_rows: false                                          
│           labels:                                                             
│             sequence_data:                                                    
│               transform:                                                      
│                 _target_: src.data.loading.components.label_function.NextKToke
│                 next_k: 4                                                     
│           batch_size_per_device: 64                                           
│           num_workers: 8                                                      
│           timeout: 60                                                         
│           assign_files_by_size: true                                          
│           oov_token: null                                                     
│           masking_token: -1                                                   
│           sequence_length: 160                                                
│           padding_token: -1                                                   
│           drop_last: false                                                    
│           persistent_workers: true                                            
│           pin_memory: true                                                    
│           collate_fn:                                                         
│             _target_: src.data.loading.components.collate_functions.collate_wi
│             _partial_: true                                                   
│             sequence_length: 160                                              
│             padding_token: -1                                                 
│             sequence_field_name: sequence_data                                
│             behavior_field_name: behavior_data                                
│             sid_hierarchy: 3                                                  
│           dataset_config:                                                     
│             _target_: src.data.loading.components.interfaces.SemanticIDDataset
│             user_id_field: user_id                                            
│             min_sequence_length: 1                                            
│             iterate_per_row: true                                             
│             keep_user_id: true                                                
│             features_to_consider:                                             
│             - sequence_data                                                   
│             - behavior_data                                                   
│             - user_id                                                         
│             num_placeholder_tokens_map:                                       
│               sequence_data: 0                                                
│               behavior_data: 0                                                
│             semantic_id_map:                                                  
│               sequence_data:                                                  
│                 _target_: torch.load                                          
│                 _args_:                                                       
│                 - _target_: src.utils.file_utils.open_local_or_remote         
│                   file_path: /scratch/yw8866/logs/inference/runs/2026-05-06/20
│                   mode: rb                                                    
│             data_iterator:                                                    
│               _target_: src.data.loading.components.iterators.TFRecordIterator
│             preprocessing_functions:                                          
│             - _target_: src.data.loading.components.pre_processing.filter_feat
│               _partial_: true                                                 
│             - _target_: src.data.loading.components.pre_processing.convert_to_
│               _partial_: true                                                 
│             - _target_: src.data.loading.components.pre_processing.convert_fie
│               _partial_: true                                                 
│             - _target_: src.data.loading.components.pre_processing.map_sparse_
│               _partial_: true                                                 
│               features_to_apply:                                              
│               - sequence_data                                                 
│               num_hierarchies: 3                                              
│                                                                               
├── model
│   └── huggingface_model:                                                      
│         _target_: transformers.T5EncoderModel                                 
│         config:                                                               
│           _target_: transformers.T5Config                                     
│           vocab_size: 256                                                     
│           d_model: 128                                                        
│           num_heads: 6                                                        
│           dropout_rate: 0.15                                                  
│           d_ff: 1024                                                          
│           d_kv: 64                                                            
│           num_layers: 4                                                       
│       _target_: src.models.modules.semantic_id.tiger_generation_model.Semantic
│       feature_to_model_input_map:                                             
│         sequence_data: input_ids                                              
│         user_id: user_id                                                      
│       postprocessor: null                                                     
│       aggregator: null                                                        
│       loss_function:                                                          
│         _target_: torch.nn.CrossEntropyLoss                                   
│       optimizer:                                                              
│         _target_: torch.optim.Adam                                            
│         _partial_: true                                                       
│         lr: 0.001                                                             
│         weight_decay: 0.0001                                                  
│       scheduler: null                                                         
│       evaluator:                                                              
│         _target_: src.components.eval_metrics.MultiBehaviorSIDRetrievalEvaluat
│         buy_behavior_id: 3                                                    
│         probe_sid_distance: false                                             
│         top_k_list:                                                           
│         - 5                                                                   
│         - 10                                                                  
│         metrics:                                                              
│           ndcg:                                                               
│             _target_: src.components.eval_metrics.NDCG                        
│             _partial_: true                                                   
│           recall:                                                             
│             _target_: src.components.eval_metrics.Recall                      
│             _partial_: true                                                   
│       weight_tying: true                                                      
│       compile: false                                                          
│       decoder:                                                                
│         _target_: transformers.models.t5.modeling_t5.T5Stack                  
│         config:                                                               
│           _target_: transformers.models.t5.configuration_t5.T5Config          
│           vocab_size: 256                                                     
│           d_model: 128                                                        
│           num_heads: 6                                                        
│           dropout_rate: 0.15                                                  
│           d_ff: 1024                                                          
│           d_kv: 64                                                            
│           num_layers: 4                                                       
│           is_decoder: true                                                    
│           is_encoder_decoder: false                                           
│         embed_tokens:                                                         
│           _target_: torch.nn.Embedding                                        
│           num_embeddings: 256                                                 
│           embedding_dim: 128                                                  
│       num_hierarchies: 3                                                      
│       num_behaviors: 4                                                        
│       num_user_bins: null                                                     
│       codebooks:                                                              
│         _target_: torch.load                                                  
│         _args_:                                                               
│         - _target_: src.utils.file_utils.open_local_or_remote                 
│           file_path: /scratch/yw8866/logs/inference/runs/2026-05-06/2048_1024/
│           mode: rb                                                            
│       mlp_layers: 2                                                           
│       codebook_init_path: null                                                
│       codebook_sizes:                                                         
│       - 2048                                                                  
│       - 1024                                                                  
│       - 1024                                                                  
│       use_item_pe: false                                                      
│       item_pe_max_seq_len: 1024                                               
│       use_bmtv: false                                                         
│       bmtv_max_seq_len: 1024                                                  
│       focal_behavior: true                                                    
│       focal_gamma: 1.0                                                        
│       focal_alpha: null                                                       
│       behavior_weighted_sid: false                                            
│       sid_behavior_weights:                                                   
│       - 1.0                                                                   
│       - 3.0                                                                   
│       - 3.0                                                                   
│       - 8.0                                                                   
│       use_semantic_align: false                                               
│       semantic_align_weight: 1.0                                              
│       align_loss_type: mse                                                    
│       align_temperature: 0.07                                                 
│       use_semantic_rerank: false                                              
│       rerank_weight: 0.5                                                      
│       top_k_for_generation: 10                                                
│       audit_tf_dump: true                                                     
│       audit_tf_path: /scratch/yw8866/rec-tmall/chain_tf_audit.pt              
│                                                                               
├── callbacks
│   └── model_checkpoint:                                                       
│         _target_: lightning.pytorch.callbacks.ModelCheckpoint                 
│         dirpath: /scratch/yw8866/logs/train/runs/2026-07-25/11-48-13/checkpoin
│         filename: checkpoint_{epoch:03d}_{step:06d}                           
│         monitor: val/t2_recall_5                                              
│         verbose: true                                                         
│         save_last: null                                                       
│         save_top_k: 1                                                         
│         mode: max                                                             
│         auto_insert_metric_name: true                                         
│         save_weights_only: false                                              
│         every_n_train_steps: null                                             
│         train_time_interval: null                                             
│         every_n_epochs: null                                                  
│         save_on_train_epoch_end: false                                        
│       early_stopping:                                                         
│         _target_: lightning.pytorch.callbacks.EarlyStopping                   
│         monitor: val/t2_recall_5                                              
│         min_delta: 0.0                                                        
│         patience: 6                                                           
│         verbose: true                                                         
│         mode: max                                                             
│         strict: true                                                          
│         check_finite: true                                                    
│         stopping_threshold: null                                              
│         divergence_threshold: null                                            
│         check_on_train_epoch_end: false                                       
│       model_summary:                                                          
│         _target_: lightning.pytorch.callbacks.RichModelSummary                
│         max_depth: -1                                                         
│       restart_job:                                                            
│         _target_: src.utils.restart_job.RestartAndLoadCheckpointCallback      
│         metadata_dir: /scratch/yw8866/logs/train/runs/2026-07-25/11-48-13/meta
│                                                                               
├── logger
│   └── csv:                                                                    
│         _target_: lightning.pytorch.loggers.csv_logs.CSVLogger                
│         save_dir: /scratch/yw8866/logs/train/runs/2026-07-25/11-48-13         
│         name: csv/                                                            
│         prefix: ''                                                            
│       wandb:                                                                  
│         _target_: lightning.pytorch.loggers.wandb.WandbLogger                 
│         project: MMMBGRec                                                     
│         name: tiger-mb-2026-07-25_11-48-13                                    
│         save_dir: /scratch/yw8866/logs/train/runs/2026-07-25/11-48-13         
│                                                                               
├── trainer
│   └── _target_: lightning.pytorch.trainer.Trainer                             
│       default_root_dir: /scratch/yw8866/logs/train/runs/2026-07-25/11-48-13   
│       min_steps: 1                                                            
│       max_steps: 320000                                                       
│       max_epochs: 10                                                          
│       accelerator: gpu                                                        
│       devices: -1                                                             
│       num_nodes: 1                                                            
│       precision: 32-true                                                      
│       log_every_n_steps: 100                                                  
│       val_check_interval: 5000                                                
│       deterministic: false                                                    
│       accumulate_grad_batches: 4                                              
│       limit_val_batches: 500                                                  
│       profiler:                                                               
│         _target_: lightning.pytorch.profilers.PassThroughProfiler             
│       strategy: ddp                                                           
│       sync_batchnorm: true                                                    
│       num_sanity_val_steps: 0                                                 
│       min_epochs: 0                                                           
│       limit_test_batches: 6000                                                
│                                                                               
├── paths
│   └── root_dir: .                                                             
│       data_dir: /scratch/yw8866/rec-tmall/tfrecords_mb_userdrop               
│       log_dir: ./logs                                                         
│       output_dir: /scratch/yw8866/logs/train/runs/2026-07-25/11-48-13         
│       work_dir: /scratch/yw8866                                               
│       profile_dir: ./logs/train/runs/2026-07-25/11-48-13/profile_output       
│       metadata_dir: /scratch/yw8866/logs/train/runs/2026-07-25/11-48-13/metada
│                                                                               
├── extras
│   └── ignore_warnings: false                                                  
│       enforce_tags: true                                                      
│       print_config_warnings: true                                             
│       print_config: true                                                      
│                                                                               
├── task_name
│   └── train                                                                   
├── id
│   └── 2026-07-25/11-48-13                                                     
├── tags
│   └── ['tiger-mb-train']                                                      
├── train
│   └── False                                                                   
├── test
│   └── True                                                                    
├── ckpt_path
│   └── /scratch/yw8866/rec-tmall/_mfd_audit_chain.ckpt                         
├── seed
│   └── 42                                                                      
├── data_dir
│   └── /scratch/yw8866/rec-tmall/tfrecords_mb_userdrop                         
├── semantic_id_path
│   └── /scratch/yw8866/logs/inference/runs/2026-05-06/2048_1024/pickle/semantic
├── num_hierarchies
│   └── 3                                                                       
├── stride_per_item
│   └── 4                                                                       
├── sequence_length
│   └── 160                                                                     
├── num_behaviors
│   └── 4                                                                       
├── codebook_init_path
│   └── None                                                                    
├── codebook_sizes
│   └── [2048, 1024, 1024]                                                      
├── use_item_pe
│   └── False                                                                   
├── item_pe_max_seq_len
│   └── 1024                                                                    
├── use_bmtv
│   └── False                                                                   
├── bmtv_max_seq_len
│   └── 1024                                                                    
├── focal_behavior
│   └── True                                                                    
├── focal_gamma
│   └── 1.0                                                                     
├── focal_alpha
│   └── None                                                                    
├── behavior_weighted_sid
│   └── False                                                                   
├── sid_behavior_weights
│   └── [1.0, 3.0, 3.0, 8.0]                                                    
├── use_semantic_align
│   └── False                                                                   
├── semantic_align_weight
│   └── 1.0                                                                     
├── align_loss_type
│   └── mse                                                                     
├── align_temperature
│   └── 0.07                                                                    
├── use_semantic_rerank
│   └── False                                                                   
├── rerank_weight
│   └── 0.5                                                                     
├── top_k_for_generation
│   └── 10                                                                      
├── probe_sid_distance
│   └── False                                                                   
├── loss
│   └── loss_function:                                                          
│         _target_: torch.nn.CrossEntropyLoss                                   
│                                                                               
├── optim
│   └── optimizer:                                                              
│         _target_: torch.optim.Adam                                            
│         _partial_: true                                                       
│         lr: 0.001                                                             
│         weight_decay: 0.0001                                                  
│       scheduler: null                                                         
│                                                                               
└── eval
    └── evaluator:                                                              
          _target_: src.components.eval_metrics.MultiBehaviorSIDRetrievalEvaluat
          buy_behavior_id: 3                                                    
          probe_sid_distance: false                                             
          top_k_list:                                                           
          - 5                                                                   
          - 10                                                                  
          metrics:                                                              
            ndcg:                                                               
              _target_: src.components.eval_metrics.NDCG                        
              _partial_: true                                                   
            recall:                                                             
              _target_: src.components.eval_metrics.Recall                      
              _partial_: true                                                   
                                                                                
[[36m2026-07-25 11:48:14,008[0m][[34msrc.utils.restart_job[0m][[32mINFO[0m] - [rank: 0] Using metadata dir: /scratch/yw8866/logs/train/runs/2026-07-25/11-48-13/metadata[0m
[[36m2026-07-25 11:48:14,009[0m][[34msrc.utils.restart_job[0m][[32mINFO[0m] - [rank: 0] Starting job (attempt 1/4): /ext3/miniforge3/envs/py310/bin/python /scratch/yw8866/GRID/src/train.py experiment=tiger_mb_train_flat train=false test=true ckpt_path=/scratch/yw8866/rec-tmall/_mfd_audit_chain.ckpt data_dir=/scratch/yw8866/rec-tmall/tfrecords_mb_userdrop semantic_id_path=/scratch/yw8866/logs/inference/runs/2026-05-06/2048_1024/pickle/semantic_ids.pt num_hierarchies=3 codebook_init_path=null codebook_sizes=[2048,1024,1024] focal_behavior=True focal_gamma=1.0 +model.audit_tf_dump=true +model.audit_tf_path=/scratch/yw8866/rec-tmall/chain_tf_audit.pt +trainer.limit_test_batches=6000 ++should_skip_retry=True[0m
[[36m2026-07-25 11:48:54,693[0m][[34msrc.utils.utils[0m][[32mINFO[0m] - [rank: 0] Enforcing tags! <cfg.extras.enforce_tags=True>[0m
[[36m2026-07-25 11:48:54,706[0m][[34msrc.utils.utils[0m][[32mINFO[0m] - [rank: 0] Printing config tree with Rich! <cfg.extras.print_config=True>[0m
CONFIG
├── data_loading
│   └── features_config:                                                        
│         features:                                                             
│         - name: sequence_data                                                 
│           num_placeholder_tokens: 0                                           
│           semantic_ids: ???                                                   
│           is_item_ids: true                                                   
│           type:                                                               
│             _target_: torch.__dict__.get                                      
│             _args_:                                                           
│             - int32                                                           
│         - name: behavior_data                                                 
│           num_placeholder_tokens: 0                                           
│           is_item_ids: true                                                   
│           type:                                                               
│             _target_: torch.__dict__.get                                      
│             _args_:                                                           
│             - int32                                                           
│         - name: user_id                                                       
│           is_item_ids: true                                                   
│           type:                                                               
│             _target_: torch.__dict__.get                                      
│             _args_:                                                           
│             - int32                                                           
│       dataset_config:                                                         
│         dataset:                                                              
│           _target_: src.data.loading.components.interfaces.SemanticIDDatasetCo
│           user_id_field: user_id                                              
│           min_sequence_length: 1                                              
│           iterate_per_row: true                                               
│           keep_user_id: true                                                  
│           features_to_consider:                                               
│           - sequence_data                                                     
│           - behavior_data                                                     
│           - user_id                                                           
│           num_placeholder_tokens_map:                                         
│             sequence_data: 0                                                  
│             behavior_data: 0                                                  
│           semantic_id_map: {}                                                 
│           data_iterator:                                                      
│             _target_: src.data.loading.components.iterators.TFRecordIterator  
│           preprocessing_functions:                                            
│           - _target_: src.data.loading.components.pre_processing.filter_featur
│             _partial_: true                                                   
│           - _target_: src.data.loading.components.pre_processing.convert_to_de
│             _partial_: true                                                   
│           - _target_: src.data.loading.components.pre_processing.convert_field
│             _partial_: true                                                   
│           - _target_: src.data.loading.components.pre_processing.map_sparse_id
│             _partial_: true                                                   
│             features_to_apply:                                                
│             - sequence_data                                                   
│             num_hierarchies: 3                                                
│       train_dataloader_config:                                                
│         dataloader:                                                           
│           _target_: src.data.loading.components.interfaces.SequenceDataloaderC
│           dataset_class:                                                      
│             _target_: src.data.loading.components.dataloading.UnboundedSequenc
│             _partial_: true                                                   
│           data_folder: /scratch/yw8866/rec-tmall/tfrecords_mb_userdrop/trainin
│           should_shuffle_rows: true                                           
│           labels:                                                             
│             sequence_data:                                                    
│               transform:                                                      
│                 _target_: src.data.loading.components.label_function.NextKToke
│                 next_k: 4                                                     
│           batch_size_per_device: 32                                           
│           num_workers: 16                                                     
│           timeout: 60                                                         
│           assign_files_by_size: false                                         
│           oov_token: null                                                     
│           masking_token: -1                                                   
│           sequence_length: 160                                                
│           padding_token: -1                                                   
│           drop_last: true                                                     
│           persistent_workers: true                                            
│           pin_memory: true                                                    
│           collate_fn:                                                         
│             _target_: src.data.loading.components.collate_functions.collate_wi
│             _partial_: true                                                   
│             sequence_length: 160                                              
│             padding_token: -1                                                 
│             sequence_field_name: sequence_data                                
│             behavior_field_name: behavior_data                                
│             sid_hierarchy: 3                                                  
│             max_batch_size: 1024                                              
│           dataset_config:                                                     
│             _target_: src.data.loading.components.interfaces.SemanticIDDataset
│             user_id_field: user_id                                            
│             min_sequence_length: 1                                            
│             iterate_per_row: true                                             
│             keep_user_id: true                                                
│             features_to_consider:                                             
│             - sequence_data                                                   
│             - behavior_data                                                   
│             - user_id                                                         
│             num_placeholder_tokens_map:                                       
│               sequence_data: 0                                                
│               behavior_data: 0                                                
│             semantic_id_map:                                                  
│               sequence_data:                                                  
│                 _target_: torch.load                                          
│                 _args_:                                                       
│                 - _target_: src.utils.file_utils.open_local_or_remote         
│                   file_path: /scratch/yw8866/logs/inference/runs/2026-05-06/20
│                   mode: rb                                                    
│             data_iterator:                                                    
│               _target_: src.data.loading.components.iterators.TFRecordIterator
│             preprocessing_functions:                                          
│             - _target_: src.data.loading.components.pre_processing.filter_feat
│               _partial_: true                                                 
│             - _target_: src.data.loading.components.pre_processing.convert_to_
│               _partial_: true                                                 
│             - _target_: src.data.loading.components.pre_processing.convert_fie
│               _partial_: true                                                 
│             - _target_: src.data.loading.components.pre_processing.map_sparse_
│               _partial_: true                                                 
│               features_to_apply:                                              
│               - sequence_data                                                 
│               num_hierarchies: 3                                              
│           assign_all_files_per_worker: true                                   
│       val_dataloader_config:                                                  
│         dataloader:                                                           
│           _target_: src.data.loading.components.interfaces.SequenceDataloaderC
│           dataset_class:                                                      
│             _target_: src.data.loading.components.dataloading.UnboundedSequenc
│             _partial_: true                                                   
│           data_folder: /scratch/yw8866/rec-tmall/tfrecords_mb_userdrop/evaluat
│           should_shuffle_rows: false                                          
│           labels:                                                             
│             sequence_data:                                                    
│               transform:                                                      
│                 _target_: src.data.loading.components.label_function.NextKToke
│                 next_k: 4                                                     
│           batch_size_per_device: 64                                           
│           num_workers: 8                                                      
│           timeout: 60                                                         
│           assign_files_by_size: true                                          
│           oov_token: null                                                     
│           masking_token: -1                                                   
│           sequence_length: 160                                                
│           padding_token: -1                                                   
│           drop_last: false                                                    
│           persistent_workers: true                                            
│           pin_memory: true                                                    
│           collate_fn:                                                         
│             _target_: src.data.loading.components.collate_functions.collate_wi
│             _partial_: true                                                   
│             sequence_length: 160                                              
│             padding_token: -1                                                 
│             sequence_field_name: sequence_data                                
│             behavior_field_name: behavior_data                                
│             sid_hierarchy: 3                                                  
│           dataset_config:                                                     
│             _target_: src.data.loading.components.interfaces.SemanticIDDataset
│             user_id_field: user_id                                            
│             min_sequence_length: 1                                            
│             iterate_per_row: true                                             
│             keep_user_id: true                                                
│             features_to_consider:                                             
│             - sequence_data                                                   
│             - behavior_data                                                   
│             - user_id                                                         
│             num_placeholder_tokens_map:                                       
│               sequence_data: 0                                                
│               behavior_data: 0                                                
│             semantic_id_map:                                                  
│               sequence_data:                                                  
│                 _target_: torch.load                                          
│                 _args_:                                                       
│                 - _target_: src.utils.file_utils.open_local_or_remote         
│                   file_path: /scratch/yw8866/logs/inference/runs/2026-05-06/20
│                   mode: rb                                                    
│             data_iterator:                                                    
│               _target_: src.data.loading.components.iterators.TFRecordIterator
│             preprocessing_functions:                                          
│             - _target_: src.data.loading.components.pre_processing.filter_feat
│               _partial_: true                                                 
│             - _target_: src.data.loading.components.pre_processing.convert_to_
│               _partial_: true                                                 
│             - _target_: src.data.loading.components.pre_processing.convert_fie
│               _partial_: true                                                 
│             - _target_: src.data.loading.components.pre_processing.map_sparse_
│               _partial_: true                                                 
│               features_to_apply:                                              
│               - sequence_data                                                 
│               num_hierarchies: 3                                              
│       test_dataloader_config:                                                 
│         dataloader:                                                           
│           _target_: src.data.loading.components.interfaces.SequenceDataloaderC
│           dataset_class:                                                      
│             _target_: src.data.loading.components.dataloading.UnboundedSequenc
│             _partial_: true                                                   
│           data_folder: /scratch/yw8866/rec-tmall/tfrecords_mb_userdrop/testing
│           should_shuffle_rows: false                                          
│           labels:                                                             
│             sequence_data:                                                    
│               transform:                                                      
│                 _target_: src.data.loading.components.label_function.NextKToke
│                 next_k: 4                                                     
│           batch_size_per_device: 64                                           
│           num_workers: 8                                                      
│           timeout: 60                                                         
│           assign_files_by_size: true                                          
│           oov_token: null                                                     
│           masking_token: -1                                                   
│           sequence_length: 160                                                
│           padding_token: -1                                                   
│           drop_last: false                                                    
│           persistent_workers: true                                            
│           pin_memory: true                                                    
│           collate_fn:                                                         
│             _target_: src.data.loading.components.collate_functions.collate_wi
│             _partial_: true                                                   
│             sequence_length: 160                                              
│             padding_token: -1                                                 
│             sequence_field_name: sequence_data                                
│             behavior_field_name: behavior_data                                
│             sid_hierarchy: 3                                                  
│           dataset_config:                                                     
│             _target_: src.data.loading.components.interfaces.SemanticIDDataset
│             user_id_field: user_id                                            
│             min_sequence_length: 1                                            
│             iterate_per_row: true                                             
│             keep_user_id: true                                                
│             features_to_consider:                                             
│             - sequence_data                                                   
│             - behavior_data                                                   
│             - user_id                                                         
│             num_placeholder_tokens_map:                                       
│               sequence_data: 0                                                
│               behavior_data: 0                                                
│             semantic_id_map:                                                  
│               sequence_data:                                                  
│                 _target_: torch.load                                          
│                 _args_:                                                       
│                 - _target_: src.utils.file_utils.open_local_or_remote         
│                   file_path: /scratch/yw8866/logs/inference/runs/2026-05-06/20
│                   mode: rb                                                    
│             data_iterator:                                                    
│               _target_: src.data.loading.components.iterators.TFRecordIterator
│             preprocessing_functions:                                          
│             - _target_: src.data.loading.components.pre_processing.filter_feat
│               _partial_: true                                                 
│             - _target_: src.data.loading.components.pre_processing.convert_to_
│               _partial_: true                                                 
│             - _target_: src.data.loading.components.pre_processing.convert_fie
│               _partial_: true                                                 
│             - _target_: src.data.loading.components.pre_processing.map_sparse_
│               _partial_: true                                                 
│               features_to_apply:                                              
│               - sequence_data                                                 
│               num_hierarchies: 3                                              
│       datamodule:                                                             
│         _target_: src.data.loading.datamodules.sequence_datamodule.SequenceDat
│         train_dataloader_config:                                              
│           _target_: src.data.loading.components.interfaces.SequenceDataloaderC
│           dataset_class:                                                      
│             _target_: src.data.loading.components.dataloading.UnboundedSequenc
│             _partial_: true                                                   
│           data_folder: /scratch/yw8866/rec-tmall/tfrecords_mb_userdrop/trainin
│           should_shuffle_rows: true                                           
│           labels:                                                             
│             sequence_data:                                                    
│               transform:                                                      
│                 _target_: src.data.loading.components.label_function.NextKToke
│                 next_k: 4                                                     
│           batch_size_per_device: 32                                           
│           num_workers: 16                                                     
│           timeout: 60                                                         
│           assign_files_by_size: false                                         
│           oov_token: null                                                     
│           masking_token: -1                                                   
│           sequence_length: 160                                                
│           padding_token: -1                                                   
│           drop_last: true                                                     
│           persistent_workers: true                                            
│           pin_memory: true                                                    
│           collate_fn:                                                         
│             _target_: src.data.loading.components.collate_functions.collate_wi
│             _partial_: true                                                   
│             sequence_length: 160                                              
│             padding_token: -1                                                 
│             sequence_field_name: sequence_data                                
│             behavior_field_name: behavior_data                                
│             sid_hierarchy: 3                                                  
│             max_batch_size: 1024                                              
│           dataset_config:                                                     
│             _target_: src.data.loading.components.interfaces.SemanticIDDataset
│             user_id_field: user_id                                            
│             min_sequence_length: 1                                            
│             iterate_per_row: true                                             
│             keep_user_id: true                                                
│             features_to_consider:                                             
│             - sequence_data                                                   
│             - behavior_data                                                   
│             - user_id                                                         
│             num_placeholder_tokens_map:                                       
│               sequence_data: 0                                                
│               behavior_data: 0                                                
│             semantic_id_map:                                                  
│               sequence_data:                                                  
│                 _target_: torch.load                                          
│                 _args_:                                                       
│                 - _target_: src.utils.file_utils.open_local_or_remote         
│                   file_path: /scratch/yw8866/logs/inference/runs/2026-05-06/20
│                   mode: rb                                                    
│             data_iterator:                                                    
│               _target_: src.data.loading.components.iterators.TFRecordIterator
│             preprocessing_functions:                                          
│             - _target_: src.data.loading.components.pre_processing.filter_feat
│               _partial_: true                                                 
│             - _target_: src.data.loading.components.pre_processing.convert_to_
│               _partial_: true                                                 
│             - _target_: src.data.loading.components.pre_processing.convert_fie
│               _partial_: true                                                 
│             - _target_: src.data.loading.components.pre_processing.map_sparse_
│               _partial_: true                                                 
│               features_to_apply:                                              
│               - sequence_data                                                 
│               num_hierarchies: 3                                              
│           assign_all_files_per_worker: true                                   
│         val_dataloader_config:                                                
│           _target_: src.data.loading.components.interfaces.SequenceDataloaderC
│           dataset_class:                                                      
│             _target_: src.data.loading.components.dataloading.UnboundedSequenc
│             _partial_: true                                                   
│           data_folder: /scratch/yw8866/rec-tmall/tfrecords_mb_userdrop/evaluat
│           should_shuffle_rows: false                                          
│           labels:                                                             
│             sequence_data:                                                    
│               transform:                                                      
│                 _target_: src.data.loading.components.label_function.NextKToke
│                 next_k: 4                                                     
│           batch_size_per_device: 64                                           
│           num_workers: 8                                                      
│           timeout: 60                                                         
│           assign_files_by_size: true                                          
│           oov_token: null                                                     
│           masking_token: -1                                                   
│           sequence_length: 160                                                
│           padding_token: -1                                                   
│           drop_last: false                                                    
│           persistent_workers: true                                            
│           pin_memory: true                                                    
│           collate_fn:                                                         
│             _target_: src.data.loading.components.collate_functions.collate_wi
│             _partial_: true                                                   
│             sequence_length: 160                                              
│             padding_token: -1                                                 
│             sequence_field_name: sequence_data                                
│             behavior_field_name: behavior_data                                
│             sid_hierarchy: 3                                                  
│           dataset_config:                                                     
│             _target_: src.data.loading.components.interfaces.SemanticIDDataset
│             user_id_field: user_id                                            
│             min_sequence_length: 1                                            
│             iterate_per_row: true                                             
│             keep_user_id: true                                                
│             features_to_consider:                                             
│             - sequence_data                                                   
│             - behavior_data                                                   
│             - user_id                                                         
│             num_placeholder_tokens_map:                                       
│               sequence_data: 0                                                
│               behavior_data: 0                                                
│             semantic_id_map:                                                  
│               sequence_data:                                                  
│                 _target_: torch.load                                          
│                 _args_:                                                       
│                 - _target_: src.utils.file_utils.open_local_or_remote         
│                   file_path: /scratch/yw8866/logs/inference/runs/2026-05-06/20
│                   mode: rb                                                    
│             data_iterator:                                                    
│               _target_: src.data.loading.components.iterators.TFRecordIterator
│             preprocessing_functions:                                          
│             - _target_: src.data.loading.components.pre_processing.filter_feat
│               _partial_: true                                                 
│             - _target_: src.data.loading.components.pre_processing.convert_to_
│               _partial_: true                                                 
│             - _target_: src.data.loading.components.pre_processing.convert_fie
│               _partial_: true                                                 
│             - _target_: src.data.loading.components.pre_processing.map_sparse_
│               _partial_: true                                                 
│               features_to_apply:                                              
│               - sequence_data                                                 
│               num_hierarchies: 3                                              
│         test_dataloader_config:                                               
│           _target_: src.data.loading.components.interfaces.SequenceDataloaderC
│           dataset_class:                                                      
│             _target_: src.data.loading.components.dataloading.UnboundedSequenc
│             _partial_: true                                                   
│           data_folder: /scratch/yw8866/rec-tmall/tfrecords_mb_userdrop/testing
│           should_shuffle_rows: false                                          
│           labels:                                                             
│             sequence_data:                                                    
│               transform:                                                      
│                 _target_: src.data.loading.components.label_function.NextKToke
│                 next_k: 4                                                     
│           batch_size_per_device: 64                                           
│           num_workers: 8                                                      
│           timeout: 60                                                         
│           assign_files_by_size: true                                          
│           oov_token: null                                                     
│           masking_token: -1                                                   
│           sequence_length: 160                                                
│           padding_token: -1                                                   
│           drop_last: false                                                    
│           persistent_workers: true                                            
│           pin_memory: true                                                    
│           collate_fn:                                                         
│             _target_: src.data.loading.components.collate_functions.collate_wi
│             _partial_: true                                                   
│             sequence_length: 160                                              
│             padding_token: -1                                                 
│             sequence_field_name: sequence_data                                
│             behavior_field_name: behavior_data                                
│             sid_hierarchy: 3                                                  
│           dataset_config:                                                     
│             _target_: src.data.loading.components.interfaces.SemanticIDDataset
│             user_id_field: user_id                                            
│             min_sequence_length: 1                                            
│             iterate_per_row: true                                             
│             keep_user_id: true                                                
│             features_to_consider:                                             
│             - sequence_data                                                   
│             - behavior_data                                                   
│             - user_id                                                         
│             num_placeholder_tokens_map:                                       
│               sequence_data: 0                                                
│               behavior_data: 0                                                
│             semantic_id_map:                                                  
│               sequence_data:                                                  
│                 _target_: torch.load                                          
│                 _args_:                                                       
│                 - _target_: src.utils.file_utils.open_local_or_remote         
│                   file_path: /scratch/yw8866/logs/inference/runs/2026-05-06/20
│                   mode: rb                                                    
│             data_iterator:                                                    
│               _target_: src.data.loading.components.iterators.TFRecordIterator
│             preprocessing_functions:                                          
│             - _target_: src.data.loading.components.pre_processing.filter_feat
│               _partial_: true                                                 
│             - _target_: src.data.loading.components.pre_processing.convert_to_
│               _partial_: true                                                 
│             - _target_: src.data.loading.components.pre_processing.convert_fie
│               _partial_: true                                                 
│             - _target_: src.data.loading.components.pre_processing.map_sparse_
│               _partial_: true                                                 
│               features_to_apply:                                              
│               - sequence_data                                                 
│               num_hierarchies: 3                                              
│                                                                               
├── model
│   └── huggingface_model:                                                      
│         _target_: transformers.T5EncoderModel                                 
│         config:                                                               
│           _target_: transformers.T5Config                                     
│           vocab_size: 256                                                     
│           d_model: 128                                                        
│           num_heads: 6                                                        
│           dropout_rate: 0.15                                                  
│           d_ff: 1024                                                          
│           d_kv: 64                                                            
│           num_layers: 4                                                       
│       _target_: src.models.modules.semantic_id.tiger_generation_model.Semantic
│       feature_to_model_input_map:                                             
│         sequence_data: input_ids                                              
│         user_id: user_id                                                      
│       postprocessor: null                                                     
│       aggregator: null                                                        
│       loss_function:                                                          
│         _target_: torch.nn.CrossEntropyLoss                                   
│       optimizer:                                                              
│         _target_: torch.optim.Adam                                            
│         _partial_: true                                                       
│         lr: 0.001                                                             
│         weight_decay: 0.0001                                                  
│       scheduler: null                                                         
│       evaluator:                                                              
│         _target_: src.components.eval_metrics.MultiBehaviorSIDRetrievalEvaluat
│         buy_behavior_id: 3                                                    
│         probe_sid_distance: false                                             
│         top_k_list:                                                           
│         - 5                                                                   
│         - 10                                                                  
│         metrics:                                                              
│           ndcg:                                                               
│             _target_: src.components.eval_metrics.NDCG                        
│             _partial_: true                                                   
│           recall:                                                             
│             _target_: src.components.eval_metrics.Recall                      
│             _partial_: true                                                   
│       weight_tying: true                                                      
│       compile: false                                                          
│       decoder:                                                                
│         _target_: transformers.models.t5.modeling_t5.T5Stack                  
│         config:                                                               
│           _target_: transformers.models.t5.configuration_t5.T5Config          
│           vocab_size: 256                                                     
│           d_model: 128                                                        
│           num_heads: 6                                                        
│           dropout_rate: 0.15                                                  
│           d_ff: 1024                                                          
│           d_kv: 64                                                            
│           num_layers: 4                                                       
│           is_decoder: true                                                    
│           is_encoder_decoder: false                                           
│         embed_tokens:                                                         
│           _target_: torch.nn.Embedding                                        
│           num_embeddings: 256                                                 
│           embedding_dim: 128                                                  
│       num_hierarchies: 3                                                      
│       num_behaviors: 4                                                        
│       num_user_bins: null                                                     
│       codebooks:                                                              
│         _target_: torch.load                                                  
│         _args_:                                                               
│         - _target_: src.utils.file_utils.open_local_or_remote                 
│           file_path: /scratch/yw8866/logs/inference/runs/2026-05-06/2048_1024/
│           mode: rb                                                            
│       mlp_layers: 2                                                           
│       codebook_init_path: null                                                
│       codebook_sizes:                                                         
│       - 2048                                                                  
│       - 1024                                                                  
│       - 1024                                                                  
│       use_item_pe: false                                                      
│       item_pe_max_seq_len: 1024                                               
│       use_bmtv: false                                                         
│       bmtv_max_seq_len: 1024                                                  
│       focal_behavior: true                                                    
│       focal_gamma: 1.0                                                        
│       focal_alpha: null                                                       
│       behavior_weighted_sid: false                                            
│       sid_behavior_weights:                                                   
│       - 1.0                                                                   
│       - 3.0                                                                   
│       - 3.0                                                                   
│       - 8.0                                                                   
│       use_semantic_align: false                                               
│       semantic_align_weight: 1.0                                              
│       align_loss_type: mse                                                    
│       align_temperature: 0.07                                                 
│       use_semantic_rerank: false                                              
│       rerank_weight: 0.5                                                      
│       top_k_for_generation: 10                                                
│       audit_tf_dump: true                                                     
│       audit_tf_path: /scratch/yw8866/rec-tmall/chain_tf_audit.pt              
│                                                                               
├── callbacks
│   └── model_checkpoint:                                                       
│         _target_: lightning.pytorch.callbacks.ModelCheckpoint                 
│         dirpath: /scratch/yw8866/logs/train/runs/2026-07-25/11-48-54/checkpoin
│         filename: checkpoint_{epoch:03d}_{step:06d}                           
│         monitor: val/t2_recall_5                                              
│         verbose: true                                                         
│         save_last: null                                                       
│         save_top_k: 1                                                         
│         mode: max                                                             
│         auto_insert_metric_name: true                                         
│         save_weights_only: false                                              
│         every_n_train_steps: null                                             
│         train_time_interval: null                                             
│         every_n_epochs: null                                                  
│         save_on_train_epoch_end: false                                        
│       early_stopping:                                                         
│         _target_: lightning.pytorch.callbacks.EarlyStopping                   
│         monitor: val/t2_recall_5                                              
│         min_delta: 0.0                                                        
│         patience: 6                                                           
│         verbose: true                                                         
│         mode: max                                                             
│         strict: true                                                          
│         check_finite: true                                                    
│         stopping_threshold: null                                              
│         divergence_threshold: null                                            
│         check_on_train_epoch_end: false                                       
│       model_summary:                                                          
│         _target_: lightning.pytorch.callbacks.RichModelSummary                
│         max_depth: -1                                                         
│       restart_job:                                                            
│         _target_: src.utils.restart_job.RestartAndLoadCheckpointCallback      
│         metadata_dir: /scratch/yw8866/logs/train/runs/2026-07-25/11-48-54/meta
│                                                                               
├── logger
│   └── csv:                                                                    
│         _target_: lightning.pytorch.loggers.csv_logs.CSVLogger                
│         save_dir: /scratch/yw8866/logs/train/runs/2026-07-25/11-48-54         
│         name: csv/                                                            
│         prefix: ''                                                            
│       wandb:                                                                  
│         _target_: lightning.pytorch.loggers.wandb.WandbLogger                 
│         project: MMMBGRec                                                     
│         name: tiger-mb-2026-07-25_11-48-54                                    
│         save_dir: /scratch/yw8866/logs/train/runs/2026-07-25/11-48-54         
│                                                                               
├── trainer
│   └── _target_: lightning.pytorch.trainer.Trainer                             
│       default_root_dir: /scratch/yw8866/logs/train/runs/2026-07-25/11-48-54   
│       min_steps: 1                                                            
│       max_steps: 320000                                                       
│       max_epochs: 10                                                          
│       accelerator: gpu                                                        
│       devices: -1                                                             
│       num_nodes: 1                                                            
│       precision: 32-true                                                      
│       log_every_n_steps: 100                                                  
│       val_check_interval: 5000                                                
│       deterministic: false                                                    
│       accumulate_grad_batches: 4                                              
│       limit_val_batches: 500                                                  
│       profiler:                                                               
│         _target_: lightning.pytorch.profilers.PassThroughProfiler             
│       strategy: ddp                                                           
│       sync_batchnorm: true                                                    
│       num_sanity_val_steps: 0                                                 
│       min_epochs: 0                                                           
│       limit_test_batches: 6000                                                
│                                                                               
├── paths
│   └── root_dir: .                                                             
│       data_dir: /scratch/yw8866/rec-tmall/tfrecords_mb_userdrop               
│       log_dir: ./logs                                                         
│       output_dir: /scratch/yw8866/logs/train/runs/2026-07-25/11-48-54         
│       work_dir: /scratch/yw8866                                               
│       profile_dir: ./logs/train/runs/2026-07-25/11-48-54/profile_output       
│       metadata_dir: /scratch/yw8866/logs/train/runs/2026-07-25/11-48-54/metada
│                                                                               
├── extras
│   └── ignore_warnings: false                                                  
│       enforce_tags: true                                                      
│       print_config_warnings: true                                             
│       print_config: true                                                      
│                                                                               
├── task_name
│   └── train                                                                   
├── id
│   └── 2026-07-25/11-48-54                                                     
├── tags
│   └── ['tiger-mb-train']                                                      
├── train
│   └── False                                                                   
├── test
│   └── True                                                                    
├── ckpt_path
│   └── /scratch/yw8866/rec-tmall/_mfd_audit_chain.ckpt                         
├── seed
│   └── 42                                                                      
├── data_dir
│   └── /scratch/yw8866/rec-tmall/tfrecords_mb_userdrop                         
├── semantic_id_path
│   └── /scratch/yw8866/logs/inference/runs/2026-05-06/2048_1024/pickle/semantic
├── num_hierarchies
│   └── 3                                                                       
├── stride_per_item
│   └── 4                                                                       
├── sequence_length
│   └── 160                                                                     
├── num_behaviors
│   └── 4                                                                       
├── codebook_init_path
│   └── None                                                                    
├── codebook_sizes
│   └── [2048, 1024, 1024]                                                      
├── use_item_pe
│   └── False                                                                   
├── item_pe_max_seq_len
│   └── 1024                                                                    
├── use_bmtv
│   └── False                                                                   
├── bmtv_max_seq_len
│   └── 1024                                                                    
├── focal_behavior
│   └── True                                                                    
├── focal_gamma
│   └── 1.0                                                                     
├── focal_alpha
│   └── None                                                                    
├── behavior_weighted_sid
│   └── False                                                                   
├── sid_behavior_weights
│   └── [1.0, 3.0, 3.0, 8.0]                                                    
├── use_semantic_align
│   └── False                                                                   
├── semantic_align_weight
│   └── 1.0                                                                     
├── align_loss_type
│   └── mse                                                                     
├── align_temperature
│   └── 0.07                                                                    
├── use_semantic_rerank
│   └── False                                                                   
├── rerank_weight
│   └── 0.5                                                                     
├── top_k_for_generation
│   └── 10                                                                      
├── probe_sid_distance
│   └── False                                                                   
├── loss
│   └── loss_function:                                                          
│         _target_: torch.nn.CrossEntropyLoss                                   
│                                                                               
├── optim
│   └── optimizer:                                                              
│         _target_: torch.optim.Adam                                            
│         _partial_: true                                                       
│         lr: 0.001                                                             
│         weight_decay: 0.0001                                                  
│       scheduler: null                                                         
│                                                                               
├── eval
│   └── evaluator:                                                              
│         _target_: src.components.eval_metrics.MultiBehaviorSIDRetrievalEvaluat
│         buy_behavior_id: 3                                                    
│         probe_sid_distance: false                                             
│         top_k_list:                                                           
│         - 5                                                                   
│         - 10                                                                  
│         metrics:                                                              
│           ndcg:                                                               
│             _target_: src.components.eval_metrics.NDCG                        
│             _partial_: true                                                   
│           recall:                                                             
│             _target_: src.components.eval_metrics.Recall                      
│             _partial_: true                                                   
│                                                                               
└── should_skip_retry
    └── True                                                                    
[[36m2026-07-25 11:48:55,008[0m][[34msrc.utils.restart_job[0m][[32mINFO[0m] - [rank: 0] should_skip_retry set to True. Skipping retry logic.[0m
[rank: 0] Seed set to 42
[[36m2026-07-25 11:48:55,051[0m][[34msrc.utils.launcher_utils[0m][[32mINFO[0m] - [rank: 0] Instantiating datamodule <src.data.loading.datamodules.sequence_datamodule.SequenceDataModule>[0m
[[36m2026-07-25 11:48:55,503[0m][[34msrc.utils.launcher_utils[0m][[32mINFO[0m] - [rank: 0] Instantiating model <src.models.modules.semantic_id.tiger_generation_model.SemanticIDMultiBehaviorEncoderDecoder>[0m
[[36m2026-07-25 11:48:56,034[0m][[34msrc.utils.launcher_utils[0m][[32mINFO[0m] - [rank: 0] Instantiating callbacks...[0m
[[36m2026-07-25 11:48:56,034[0m][[34msrc.utils.instantiators[0m][[32mINFO[0m] - [rank: 0] Instantiating callback <lightning.pytorch.callbacks.ModelCheckpoint>[0m
[[36m2026-07-25 11:48:56,040[0m][[34msrc.utils.instantiators[0m][[32mINFO[0m] - [rank: 0] Instantiating callback <lightning.pytorch.callbacks.EarlyStopping>[0m
[[36m2026-07-25 11:48:56,042[0m][[34msrc.utils.instantiators[0m][[32mINFO[0m] - [rank: 0] Instantiating callback <lightning.pytorch.callbacks.RichModelSummary>[0m
[[36m2026-07-25 11:48:56,042[0m][[34msrc.utils.instantiators[0m][[32mINFO[0m] - [rank: 0] Instantiating callback <src.utils.restart_job.RestartAndLoadCheckpointCallback>[0m
[[36m2026-07-25 11:48:56,048[0m][[34msrc.utils.restart_job_utils[0m][[32mINFO[0m] - [rank: 0] Trying to load metadata from /scratch/yw8866/logs/train/runs/2026-07-25/11-48-54/metadata/restart_metadata.json[0m
[[36m2026-07-25 11:48:56,050[0m][[34msrc.utils.restart_job_utils[0m][[33mWARNING[0m] - [rank: 0] Metadata file not found at /scratch/yw8866/logs/train/runs/2026-07-25/11-48-54/metadata/restart_metadata.json. Creating empty metadata.[0m
[[36m2026-07-25 11:48:56,050[0m][[34msrc.utils.restart_job_utils[0m][[32mINFO[0m] - [rank: 0] Saving metadata to /scratch/yw8866/logs/train/runs/2026-07-25/11-48-54/metadata/restart_metadata.json. {'start_time': '2026-07-25T11:48:56.050904', 'restarts': [], 'current_run': 0, 'used_ports': [], 'world_size': 0, 'node_rank': 0, 'master_addr': '', 'original_args': ['/scratch/yw8866/GRID/src/train.py', 'experiment=tiger_mb_train_flat', 'train=false', 'test=true', 'ckpt_path=/scratch/yw8866/rec-tmall/_mfd_audit_chain.ckpt', 'data_dir=/scratch/yw8866/rec-tmall/tfrecords_mb_userdrop', 'semantic_id_path=/scratch/yw8866/logs/inference/runs/2026-05-06/2048_1024/pickle/semantic_ids.pt', 'num_hierarchies=3', 'codebook_init_path=null', 'codebook_sizes=[2048,1024,1024]', 'focal_behavior=True', 'focal_gamma=1.0', '+model.audit_tf_dump=true', '+model.audit_tf_path=/scratch/yw8866/rec-tmall/chain_tf_audit.pt', '+trainer.limit_test_batches=6000', '++should_skip_retry=True']}[0m
[[36m2026-07-25 11:48:56,057[0m][[34msrc.utils.launcher_utils[0m][[32mINFO[0m] - [rank: 0] Instantiating loggers...[0m
[[36m2026-07-25 11:48:56,058[0m][[34msrc.utils.instantiators[0m][[32mINFO[0m] - [rank: 0] Instantiating logger <lightning.pytorch.loggers.csv_logs.CSVLogger>[0m
[[36m2026-07-25 11:48:56,059[0m][[34msrc.utils.instantiators[0m][[32mINFO[0m] - [rank: 0] Authenticating to W&B![0m
[[36m2026-07-25 11:48:56,426[0m][[34msrc.utils.instantiators[0m][[32mINFO[0m] - [rank: 0] Instantiating logger <lightning.pytorch.loggers.wandb.WandbLogger>[0m
[[36m2026-07-25 11:48:56,433[0m][[34msrc.utils.launcher_utils[0m][[32mINFO[0m] - [rank: 0] Instantiating trainer <lightning.pytorch.trainer.Trainer>[0m
[[36m2026-07-25 11:48:56,434[0m][[34msrc.utils.restart_job_utils[0m][[32mINFO[0m] - [rank: 0] Trying to load metadata from /scratch/yw8866/logs/train/runs/2026-07-25/11-48-54/metadata/restart_metadata.json[0m
[[36m2026-07-25 11:48:56,439[0m][[34msrc.utils.restart_job_utils[0m][[32mINFO[0m] - [rank: 0] Metadata loaded successfully from /scratch/yw8866/logs/train/runs/2026-07-25/11-48-54/metadata/restart_metadata.json[0m
[[36m2026-07-25 11:48:56,439[0m][[34msrc.utils.restart_job_utils[0m][[32mINFO[0m] - [rank: 0] Retrieved current_run: 0 from metadata /scratch/yw8866/logs/train/runs/2026-07-25/11-48-54/metadata/restart_metadata.json[0m
Trainer already configured with model summary callbacks: [<class 'lightning.pytorch.callbacks.rich_model_summary.RichModelSummary'>]. Skipping setting a default `ModelSummary` callback.
GPU available: True (cuda), used: True
TPU available: False, using: 0 TPU cores
HPU available: False, using: 0 HPUs
[[36m2026-07-25 11:48:56,658[0m][[34msrc.utils.launcher_utils[0m][[32mINFO[0m] - [rank: 0] Logging hyperparameters![0m
wandb: WARNING Disabling SSL verification.  Connections to this server are not verified and may be insecure!
[[36m2026-07-25 11:49:01,482[0m][[34m__main__[0m][[32mINFO[0m] - [rank: 0] Starting testing![0m
Initializing distributed: GLOBAL_RANK: 0, MEMBER: 1/1
----------------------------------------------------------------------------------------------------
distributed_backend=nccl
All distributed processes registered. Starting with 1 processes
----------------------------------------------------------------------------------------------------

Restoring states from the checkpoint path at /scratch/yw8866/rec-tmall/_mfd_audit_chain.ckpt
/ext3/miniforge3/envs/py310/lib/python3.10/site-packages/lightning/pytorch/callbacks/model_checkpoint.py:362: The dirpath has changed from '/scratch/yw8866/logs/train/runs/2026-06-30/19-35-17/checkpoints' to '/scratch/yw8866/logs/train/runs/2026-07-25/11-48-54/checkpoints', therefore `best_model_score`, `kth_best_model_path`, `kth_value`, `last_model_path` and `best_k_models` won't be reloaded. Only `best_model_path` will be reloaded.
LOCAL_RANK: 0 - CUDA_VISIBLE_DEVICES: [0]
Loaded model weights from the checkpoint at /scratch/yw8866/rec-tmall/_mfd_audit_chain.ckpt
SLURM auto-requeueing enabled. Setting signal handlers.
Testing: |          | 0/? [00:00<?, ?it/s]Testing:   0%|          | 0/6000 [00:00<?, ?it/s]Testing DataLoader 0:   0%|          | 0/6000 [00:00<?, ?it/s]Testing DataLoader 0:   0%|          | 1/6000 [00:00<45:59,  2.17it/s]Testing DataLoader 0:   0%|          | 2/6000 [00:00<23:47,  4.20it/s]Testing DataLoader 0:   0%|          | 3/6000 [00:00<16:23,  6.10it/s]Testing DataLoader 0:   0%|          | 4/6000 [00:00<12:40,  7.88it/s]Testing DataLoader 0:   0%|          | 5/6000 [00:00<10:27,  9.55it/s]Testing DataLoader 0:   0%|          | 6/6000 [00:00<08:58, 11.13it/s]Testing DataLoader 0:   0%|          | 7/6000 [00:00<07:55, 12.61it/s]Testing DataLoader 0:   0%|          | 8/6000 [00:00<07:07, 14.01it/s]Testing DataLoader 0:   0%|          | 9/6000 [00:00<06:30, 15.34it/s]Testing DataLoader 0:   0%|          | 10/6000 [00:00<06:00, 16.60it/s]Testing DataLoader 0:   0%|          | 11/6000 [00:00<05:36, 17.77it/s]Testing DataLoader 0:   0%|          | 12/6000 [00:00<05:17, 18.89it/s]Testing DataLoader 0:   0%|          | 13/6000 [00:00<05:00, 19.94it/s]Testing DataLoader 0:   0%|          | 14/6000 [00:00<04:45, 20.94it/s]Testing DataLoader 0:   0%|          | 15/6000 [00:00<04:33, 21.86it/s]Testing DataLoader 0:   0%|          | 16/6000 [00:00<04:22, 22.76it/s]Testing DataLoader 0:   0%|          | 17/6000 [00:00<04:13, 23.62it/s]Testing DataLoader 0:   0%|          | 18/6000 [00:00<04:04, 24.45it/s]Testing DataLoader 0:   0%|          | 19/6000 [00:00<03:56, 25.24it/s]Testing DataLoader 0:   0%|          | 20/6000 [00:00<03:49, 26.02it/s]Testing DataLoader 0:   0%|          | 21/6000 [00:00<03:43, 26.74it/s]Testing DataLoader 0:   0%|          | 22/6000 [00:00<03:37, 27.43it/s]Testing DataLoader 0:   0%|          | 23/6000 [00:00<03:32, 28.10it/s]Testing DataLoader 0:   0%|          | 24/6000 [00:00<03:28, 28.73it/s]Testing DataLoader 0:   0%|          | 25/6000 [00:00<03:23, 29.34it/s]Testing DataLoader 0:   0%|          | 26/6000 [00:00<03:19, 29.93it/s]Testing DataLoader 0:   0%|          | 27/6000 [00:00<03:15, 30.51it/s]Testing DataLoader 0:   0%|          | 28/6000 [00:00<03:12, 31.06it/s]Testing DataLoader 0:   0%|          | 29/6000 [00:00<03:09, 31.59it/s]Testing DataLoader 0:   0%|          | 30/6000 [00:00<03:05, 32.11it/s]Testing DataLoader 0:   1%|          | 31/6000 [00:00<03:03, 32.60it/s]Testing DataLoader 0:   1%|          | 32/6000 [00:00<03:00, 33.08it/s]Testing DataLoader 0:   1%|          | 33/6000 [00:00<02:57, 33.55it/s]Testing DataLoader 0:   1%|          | 34/6000 [00:01<02:55, 34.00it/s]Testing DataLoader 0:   1%|          | 35/6000 [00:01<02:53, 34.43it/s]Testing DataLoader 0:   1%|          | 36/6000 [00:01<02:51, 34.86it/s]Testing DataLoader 0:   1%|          | 37/6000 [00:01<02:49, 35.27it/s]Testing DataLoader 0:   1%|          | 38/6000 [00:01<02:47, 35.66it/s]Testing DataLoader 0:   1%|          | 39/6000 [00:01<02:45, 36.04it/s]Testing DataLoader 0:   1%|          | 40/6000 [00:01<02:43, 36.41it/s]Testing DataLoader 0:   1%|          | 41/6000 [00:01<02:42, 36.77it/s]Testing DataLoader 0:   1%|          | 42/6000 [00:01<02:40, 37.12it/s]Testing DataLoader 0:   1%|          | 43/6000 [00:01<02:39, 37.46it/s]Testing DataLoader 0:   1%|          | 44/6000 [00:01<02:37, 37.82it/s]Testing DataLoader 0:   1%|          | 45/6000 [00:01<02:36, 38.12it/s]Testing DataLoader 0:   1%|          | 46/6000 [00:01<02:34, 38.43it/s]Testing DataLoader 0:   1%|          | 47/6000 [00:01<02:33, 38.74it/s]Testing DataLoader 0:   1%|          | 48/6000 [00:01<02:32, 39.03it/s]Testing DataLoader 0:   1%|          | 49/6000 [00:01<02:31, 39.32it/s]Testing DataLoader 0:   1%|          | 50/6000 [00:01<02:30, 39.60it/s]Testing DataLoader 0:   1%|          | 51/6000 [00:01<02:29, 39.87it/s]Testing DataLoader 0:   1%|          | 52/6000 [00:01<02:28, 40.14it/s]Testing DataLoader 0:   1%|          | 53/6000 [00:01<02:27, 40.39it/s]Testing DataLoader 0:   1%|          | 54/6000 [00:01<02:26, 40.64it/s]Testing DataLoader 0:   1%|          | 55/6000 [00:01<02:25, 40.89it/s]Testing DataLoader 0:   1%|          | 56/6000 [00:01<02:24, 41.13it/s]Testing DataLoader 0:   1%|          | 57/6000 [00:01<02:23, 41.36it/s]Testing DataLoader 0:   1%|          | 58/6000 [00:01<02:22, 41.59it/s]Testing DataLoader 0:   1%|          | 59/6000 [00:01<02:22, 41.82it/s]Testing DataLoader 0:   1%|          | 60/6000 [00:01<02:21, 42.04it/s]Testing DataLoader 0:   1%|          | 61/6000 [00:01<02:20, 42.26it/s]Testing DataLoader 0:   1%|          | 62/6000 [00:01<02:19, 42.46it/s]Testing DataLoader 0:   1%|          | 63/6000 [00:01<02:19, 42.67it/s]Testing DataLoader 0:   1%|          | 64/6000 [00:01<02:18, 42.87it/s]Testing DataLoader 0:   1%|          | 65/6000 [00:01<02:17, 43.07it/s]Testing DataLoader 0:   1%|          | 66/6000 [00:01<02:17, 43.26it/s]Testing DataLoader 0:   1%|          | 67/6000 [00:01<02:16, 43.45it/s]Testing DataLoader 0:   1%|          | 68/6000 [00:01<02:15, 43.67it/s]Testing DataLoader 0:   1%|          | 69/6000 [00:01<02:15, 43.83it/s]Testing DataLoader 0:   1%|          | 70/6000 [00:01<02:14, 44.00it/s]Testing DataLoader 0:   1%|          | 71/6000 [00:01<02:14, 44.16it/s]Testing DataLoader 0:   1%|          | 72/6000 [00:01<02:13, 44.33it/s]Testing DataLoader 0:   1%|          | 73/6000 [00:01<02:13, 44.50it/s]Testing DataLoader 0:   1%|          | 74/6000 [00:01<02:12, 44.66it/s]Testing DataLoader 0:   1%|▏         | 75/6000 [00:01<02:12, 44.81it/s]Testing DataLoader 0:   1%|▏         | 76/6000 [00:01<02:11, 44.97it/s]Testing DataLoader 0:   1%|▏         | 77/6000 [00:01<02:11, 45.13it/s]Testing DataLoader 0:   1%|▏         | 78/6000 [00:01<02:10, 45.27it/s]Testing DataLoader 0:   1%|▏         | 79/6000 [00:01<02:10, 45.42it/s]Testing DataLoader 0:   1%|▏         | 80/6000 [00:01<02:09, 45.56it/s]Testing DataLoader 0:   1%|▏         | 81/6000 [00:01<02:09, 45.70it/s]Testing DataLoader 0:   1%|▏         | 82/6000 [00:01<02:09, 45.84it/s]Testing DataLoader 0:   1%|▏         | 83/6000 [00:01<02:08, 45.97it/s]Testing DataLoader 0:   1%|▏         | 84/6000 [00:01<02:08, 46.11it/s]Testing DataLoader 0:   1%|▏         | 85/6000 [00:01<02:07, 46.24it/s]Testing DataLoader 0:   1%|▏         | 86/6000 [00:01<02:07, 46.37it/s]Testing DataLoader 0:   1%|▏         | 87/6000 [00:01<02:07, 46.49it/s]Testing DataLoader 0:   1%|▏         | 88/6000 [00:01<02:06, 46.62it/s]Testing DataLoader 0:   1%|▏         | 89/6000 [00:01<02:06, 46.74it/s]Testing DataLoader 0:   2%|▏         | 90/6000 [00:01<02:06, 46.86it/s]Testing DataLoader 0:   2%|▏         | 91/6000 [00:01<02:05, 46.98it/s]Testing DataLoader 0:   2%|▏         | 92/6000 [00:01<02:05, 47.10it/s]Testing DataLoader 0:   2%|▏         | 93/6000 [00:01<02:05, 47.21it/s]Testing DataLoader 0:   2%|▏         | 94/6000 [00:01<02:04, 47.33it/s]Testing DataLoader 0:   2%|▏         | 95/6000 [00:02<02:04, 47.43it/s]Testing DataLoader 0:   2%|▏         | 96/6000 [00:02<02:04, 47.54it/s]Testing DataLoader 0:   2%|▏         | 97/6000 [00:02<02:03, 47.65it/s]Testing DataLoader 0:   2%|▏         | 98/6000 [00:02<02:03, 47.76it/s]Testing DataLoader 0:   2%|▏         | 99/6000 [00:02<02:03, 47.86it/s]Testing DataLoader 0:   2%|▏         | 100/6000 [00:02<02:03, 47.96it/s]Testing DataLoader 0:   2%|▏         | 101/6000 [00:02<02:02, 48.07it/s]Testing DataLoader 0:   2%|▏         | 102/6000 [00:02<02:02, 48.17it/s]Testing DataLoader 0:   2%|▏         | 103/6000 [00:02<02:02, 48.26it/s]Testing DataLoader 0:   2%|▏         | 104/6000 [00:02<02:01, 48.36it/s]Testing DataLoader 0:   2%|▏         | 105/6000 [00:02<02:01, 48.45it/s]Testing DataLoader 0:   2%|▏         | 106/6000 [00:02<02:01, 48.54it/s]Testing DataLoader 0:   2%|▏         | 107/6000 [00:02<02:01, 48.64it/s]Testing DataLoader 0:   2%|▏         | 108/6000 [00:02<02:00, 48.73it/s]Testing DataLoader 0:   2%|▏         | 109/6000 [00:02<02:00, 48.82it/s]Testing DataLoader 0:   2%|▏         | 110/6000 [00:02<02:00, 48.90it/s]Testing DataLoader 0:   2%|▏         | 111/6000 [00:02<02:00, 48.99it/s]Testing DataLoader 0:   2%|▏         | 112/6000 [00:02<01:59, 49.07it/s]Testing DataLoader 0:   2%|▏         | 113/6000 [00:02<01:59, 49.15it/s]Testing DataLoader 0:   2%|▏         | 114/6000 [00:02<01:59, 49.23it/s]Testing DataLoader 0:   2%|▏         | 115/6000 [00:02<01:59, 49.31it/s]Testing DataLoader 0:   2%|▏         | 116/6000 [00:02<01:59, 49.40it/s]Testing DataLoader 0:   2%|▏         | 117/6000 [00:02<01:58, 49.48it/s]Testing DataLoader 0:   2%|▏         | 118/6000 [00:02<01:58, 49.56it/s]Testing DataLoader 0:   2%|▏         | 119/6000 [00:02<01:58, 49.63it/s]Testing DataLoader 0:   2%|▏         | 120/6000 [00:02<01:58, 49.71it/s]Testing DataLoader 0:   2%|▏         | 121/6000 [00:02<01:58, 49.78it/s]Testing DataLoader 0:   2%|▏         | 122/6000 [00:02<01:57, 49.86it/s]Testing DataLoader 0:   2%|▏         | 123/6000 [00:02<01:57, 49.93it/s]Testing DataLoader 0:   2%|▏         | 124/6000 [00:02<01:57, 50.00it/s]Testing DataLoader 0:   2%|▏         | 125/6000 [00:02<01:57, 50.08it/s]Testing DataLoader 0:   2%|▏         | 126/6000 [00:02<01:57, 50.15it/s]Testing DataLoader 0:   2%|▏         | 127/6000 [00:02<01:56, 50.21it/s]Testing DataLoader 0:   2%|▏         | 128/6000 [00:02<01:56, 50.28it/s]Testing DataLoader 0:   2%|▏         | 129/6000 [00:02<01:56, 50.34it/s]Testing DataLoader 0:   2%|▏         | 130/6000 [00:02<01:56, 50.41it/s]Testing DataLoader 0:   2%|▏         | 131/6000 [00:02<01:56, 50.47it/s]Testing DataLoader 0:   2%|▏         | 132/6000 [00:02<01:56, 50.54it/s]Testing DataLoader 0:   2%|▏         | 133/6000 [00:02<01:55, 50.60it/s]Testing DataLoader 0:   2%|▏         | 134/6000 [00:02<01:55, 50.67it/s]Testing DataLoader 0:   2%|▏         | 135/6000 [00:02<01:55, 50.73it/s]Testing DataLoader 0:   2%|▏         | 136/6000 [00:02<01:55, 50.79it/s]Testing DataLoader 0:   2%|▏         | 137/6000 [00:02<01:55, 50.85it/s]Testing DataLoader 0:   2%|▏         | 138/6000 [00:02<01:55, 50.90it/s]Testing DataLoader 0:   2%|▏         | 139/6000 [00:02<01:55, 50.96it/s]Testing DataLoader 0:   2%|▏         | 140/6000 [00:02<01:54, 51.02it/s]Testing DataLoader 0:   2%|▏         | 141/6000 [00:02<01:54, 51.08it/s]Testing DataLoader 0:   2%|▏         | 142/6000 [00:02<01:54, 51.14it/s]Testing DataLoader 0:   2%|▏         | 143/6000 [00:02<01:54, 51.19it/s]Testing DataLoader 0:   2%|▏         | 144/6000 [00:02<01:54, 51.25it/s]Testing DataLoader 0:   2%|▏         | 145/6000 [00:02<01:54, 51.30it/s]Testing DataLoader 0:   2%|▏         | 146/6000 [00:02<01:53, 51.36it/s]Testing DataLoader 0:   2%|▏         | 147/6000 [00:02<01:53, 51.42it/s]Testing DataLoader 0:   2%|▏         | 148/6000 [00:02<01:53, 51.47it/s]Testing DataLoader 0:   2%|▏         | 149/6000 [00:02<01:53, 51.52it/s]Testing DataLoader 0:   2%|▎         | 150/6000 [00:02<01:53, 51.59it/s]Testing DataLoader 0:   3%|▎         | 151/6000 [00:02<01:53, 51.65it/s]Testing DataLoader 0:   3%|▎         | 152/6000 [00:02<01:53, 51.71it/s]Testing DataLoader 0:   3%|▎         | 153/6000 [00:02<01:52, 51.78it/s]Testing DataLoader 0:   3%|▎         | 154/6000 [00:02<01:52, 51.84it/s]Testing DataLoader 0:   3%|▎         | 155/6000 [00:02<01:52, 51.91it/s]Testing DataLoader 0:   3%|▎         | 156/6000 [00:03<01:52, 51.96it/s]Testing DataLoader 0:   3%|▎         | 157/6000 [00:03<01:52, 52.03it/s]Testing DataLoader 0:   3%|▎         | 158/6000 [00:03<01:52, 52.08it/s]Testing DataLoader 0:   3%|▎         | 159/6000 [00:03<01:52, 52.13it/s]Testing DataLoader 0:   3%|▎         | 160/6000 [00:03<01:51, 52.17it/s]Testing DataLoader 0:   3%|▎         | 161/6000 [00:03<01:51, 52.22it/s]Testing DataLoader 0:   3%|▎         | 162/6000 [00:03<01:51, 52.26it/s]Testing DataLoader 0:   3%|▎         | 163/6000 [00:03<01:51, 52.31it/s]Testing DataLoader 0:   3%|▎         | 164/6000 [00:03<01:51, 52.35it/s]Testing DataLoader 0:   3%|▎         | 165/6000 [00:03<01:51, 52.39it/s]Testing DataLoader 0:   3%|▎         | 166/6000 [00:03<01:51, 52.44it/s]Testing DataLoader 0:   3%|▎         | 167/6000 [00:03<01:51, 52.48it/s]Testing DataLoader 0:   3%|▎         | 168/6000 [00:03<01:51, 52.53it/s]Testing DataLoader 0:   3%|▎         | 169/6000 [00:03<01:50, 52.57it/s]Testing DataLoader 0:   3%|▎         | 170/6000 [00:03<01:50, 52.61it/s]Testing DataLoader 0:   3%|▎         | 171/6000 [00:03<01:50, 52.65it/s]Testing DataLoader 0:   3%|▎         | 172/6000 [00:03<01:50, 52.69it/s]Testing DataLoader 0:   3%|▎         | 173/6000 [00:03<01:50, 52.73it/s]Testing DataLoader 0:   3%|▎         | 174/6000 [00:03<01:50, 52.79it/s]Testing DataLoader 0:   3%|▎         | 175/6000 [00:03<01:50, 52.83it/s]Testing DataLoader 0:   3%|▎         | 176/6000 [00:03<01:50, 52.89it/s]Testing DataLoader 0:   3%|▎         | 177/6000 [00:03<01:49, 52.94it/s]Testing DataLoader 0:   3%|▎         | 178/6000 [00:03<01:49, 52.95it/s]Testing DataLoader 0:   3%|▎         | 179/6000 [00:03<01:49, 53.00it/s]Testing DataLoader 0:   3%|▎         | 180/6000 [00:03<01:49, 53.04it/s]Testing DataLoader 0:   3%|▎         | 181/6000 [00:03<01:49, 53.09it/s]Testing DataLoader 0:   3%|▎         | 182/6000 [00:03<01:49, 53.12it/s]Testing DataLoader 0:   3%|▎         | 183/6000 [00:03<01:49, 53.16it/s]Testing DataLoader 0:   3%|▎         | 184/6000 [00:03<01:49, 53.19it/s]Testing DataLoader 0:   3%|▎         | 185/6000 [00:03<01:49, 53.23it/s]Testing DataLoader 0:   3%|▎         | 186/6000 [00:03<01:49, 53.28it/s]Testing DataLoader 0:   3%|▎         | 187/6000 [00:03<01:49, 53.30it/s]Testing DataLoader 0:   3%|▎         | 188/6000 [00:03<01:48, 53.34it/s]Testing DataLoader 0:   3%|▎         | 189/6000 [00:03<01:48, 53.37it/s]Testing DataLoader 0:   3%|▎         | 190/6000 [00:03<01:48, 53.41it/s]Testing DataLoader 0:   3%|▎         | 191/6000 [00:03<01:48, 53.44it/s]Testing DataLoader 0:   3%|▎         | 192/6000 [00:03<01:48, 53.48it/s]Testing DataLoader 0:   3%|▎         | 193/6000 [00:03<01:48, 53.51it/s]Testing DataLoader 0:   3%|▎         | 194/6000 [00:03<01:48, 53.54it/s]Testing DataLoader 0:   3%|▎         | 195/6000 [00:03<01:48, 53.58it/s]Testing DataLoader 0:   3%|▎         | 196/6000 [00:03<01:48, 53.61it/s]Testing DataLoader 0:   3%|▎         | 197/6000 [00:03<01:48, 53.64it/s]Testing DataLoader 0:   3%|▎         | 198/6000 [00:03<01:48, 53.67it/s]Testing DataLoader 0:   3%|▎         | 199/6000 [00:03<01:48, 53.70it/s]Testing DataLoader 0:   3%|▎         | 200/6000 [00:03<01:47, 53.73it/s]Testing DataLoader 0:   3%|▎         | 201/6000 [00:03<01:47, 53.77it/s]Testing DataLoader 0:   3%|▎         | 202/6000 [00:03<01:47, 53.79it/s]Testing DataLoader 0:   3%|▎         | 203/6000 [00:03<01:47, 53.82it/s]Testing DataLoader 0:   3%|▎         | 204/6000 [00:03<01:47, 53.87it/s]Testing DataLoader 0:   3%|▎         | 205/6000 [00:03<01:47, 53.90it/s]Testing DataLoader 0:   3%|▎         | 206/6000 [00:03<01:47, 53.94it/s]Testing DataLoader 0:   3%|▎         | 207/6000 [00:03<01:47, 53.96it/s]Testing DataLoader 0:   3%|▎         | 208/6000 [00:03<01:47, 54.00it/s]Testing DataLoader 0:   3%|▎         | 209/6000 [00:03<01:47, 54.01it/s]Testing DataLoader 0:   4%|▎         | 210/6000 [00:03<01:47, 54.04it/s]Testing DataLoader 0:   4%|▎         | 211/6000 [00:03<01:47, 54.07it/s]Testing DataLoader 0:   4%|▎         | 212/6000 [00:03<01:46, 54.10it/s]Testing DataLoader 0:   4%|▎         | 213/6000 [00:03<01:46, 54.13it/s]Testing DataLoader 0:   4%|▎         | 214/6000 [00:03<01:46, 54.15it/s]Testing DataLoader 0:   4%|▎         | 215/6000 [00:03<01:46, 54.18it/s]Testing DataLoader 0:   4%|▎         | 216/6000 [00:03<01:46, 54.21it/s]Testing DataLoader 0:   4%|▎         | 217/6000 [00:04<01:46, 54.24it/s]Testing DataLoader 0:   4%|▎         | 218/6000 [00:04<01:46, 54.26it/s]Testing DataLoader 0:   4%|▎         | 219/6000 [00:04<01:46, 54.29it/s]Testing DataLoader 0:   4%|▎         | 220/6000 [00:04<01:46, 54.31it/s]Testing DataLoader 0:   4%|▎         | 221/6000 [00:04<01:46, 54.34it/s]Testing DataLoader 0:   4%|▎         | 222/6000 [00:04<01:46, 54.37it/s]Testing DataLoader 0:   4%|▎         | 223/6000 [00:04<01:46, 54.40it/s]Testing DataLoader 0:   4%|▎         | 224/6000 [00:04<01:46, 54.42it/s]Testing DataLoader 0:   4%|▍         | 225/6000 [00:04<01:46, 54.44it/s]Testing DataLoader 0:   4%|▍         | 226/6000 [00:04<01:46, 54.46it/s]Testing DataLoader 0:   4%|▍         | 227/6000 [00:04<01:45, 54.49it/s]Testing DataLoader 0:   4%|▍         | 228/6000 [00:04<01:45, 54.52it/s]Testing DataLoader 0:   4%|▍         | 229/6000 [00:04<01:45, 54.54it/s]Testing DataLoader 0:   4%|▍         | 230/6000 [00:04<01:45, 54.58it/s]Testing DataLoader 0:   4%|▍         | 231/6000 [00:04<01:45, 54.61it/s]Testing DataLoader 0:   4%|▍         | 232/6000 [00:04<01:45, 54.64it/s]Testing DataLoader 0:   4%|▍         | 233/6000 [00:04<01:45, 54.66it/s]Testing DataLoader 0:   4%|▍         | 234/6000 [00:04<01:45, 54.68it/s]Testing DataLoader 0:   4%|▍         | 235/6000 [00:04<01:45, 54.70it/s]Testing DataLoader 0:   4%|▍         | 236/6000 [00:04<01:45, 54.73it/s]Testing DataLoader 0:   4%|▍         | 237/6000 [00:04<01:45, 54.76it/s]Testing DataLoader 0:   4%|▍         | 238/6000 [00:04<01:45, 54.77it/s]Testing DataLoader 0:   4%|▍         | 239/6000 [00:04<01:45, 54.80it/s]Testing DataLoader 0:   4%|▍         | 240/6000 [00:04<01:45, 54.82it/s]Testing DataLoader 0:   4%|▍         | 241/6000 [00:04<01:45, 54.84it/s]Testing DataLoader 0:   4%|▍         | 242/6000 [00:04<01:44, 54.86it/s]Testing DataLoader 0:   4%|▍         | 243/6000 [00:04<01:44, 54.89it/s]Testing DataLoader 0:   4%|▍         | 244/6000 [00:04<01:44, 54.91it/s]Testing DataLoader 0:   4%|▍         | 245/6000 [00:04<01:44, 54.93it/s]Testing DataLoader 0:   4%|▍         | 246/6000 [00:04<01:44, 54.95it/s]Testing DataLoader 0:   4%|▍         | 247/6000 [00:04<01:44, 54.97it/s]Testing DataLoader 0:   4%|▍         | 248/6000 [00:04<01:44, 54.99it/s]Testing DataLoader 0:   4%|▍         | 249/6000 [00:04<01:44, 55.01it/s]Testing DataLoader 0:   4%|▍         | 250/6000 [00:04<01:44, 55.03it/s]Testing DataLoader 0:   4%|▍         | 251/6000 [00:04<01:44, 55.05it/s]Testing DataLoader 0:   4%|▍         | 252/6000 [00:04<01:44, 55.07it/s]Testing DataLoader 0:   4%|▍         | 253/6000 [00:04<01:44, 55.09it/s]Testing DataLoader 0:   4%|▍         | 254/6000 [00:04<01:44, 55.11it/s]Testing DataLoader 0:   4%|▍         | 255/6000 [00:04<01:44, 55.13it/s]Testing DataLoader 0:   4%|▍         | 256/6000 [00:04<01:44, 55.15it/s]Testing DataLoader 0:   4%|▍         | 257/6000 [00:04<01:44, 55.17it/s]Testing DataLoader 0:   4%|▍         | 258/6000 [00:04<01:44, 55.20it/s]Testing DataLoader 0:   4%|▍         | 259/6000 [00:04<01:43, 55.22it/s]Testing DataLoader 0:   4%|▍         | 260/6000 [00:04<01:43, 55.24it/s]Testing DataLoader 0:   4%|▍         | 261/6000 [00:04<01:43, 55.26it/s]Testing DataLoader 0:   4%|▍         | 262/6000 [00:04<01:43, 55.28it/s]Testing DataLoader 0:   4%|▍         | 263/6000 [00:04<01:43, 55.30it/s]Testing DataLoader 0:   4%|▍         | 264/6000 [00:04<01:43, 55.32it/s]Testing DataLoader 0:   4%|▍         | 265/6000 [00:04<01:43, 55.34it/s]Testing DataLoader 0:   4%|▍         | 266/6000 [00:04<01:43, 55.36it/s]Testing DataLoader 0:   4%|▍         | 267/6000 [00:04<01:43, 55.38it/s]Testing DataLoader 0:   4%|▍         | 268/6000 [00:04<01:43, 55.39it/s]Testing DataLoader 0:   4%|▍         | 269/6000 [00:04<01:43, 55.41it/s]Testing DataLoader 0:   4%|▍         | 270/6000 [00:04<01:43, 55.43it/s]Testing DataLoader 0:   5%|▍         | 271/6000 [00:04<01:43, 55.46it/s]Testing DataLoader 0:   5%|▍         | 272/6000 [00:04<01:43, 55.49it/s]Testing DataLoader 0:   5%|▍         | 273/6000 [00:04<01:43, 55.51it/s]Testing DataLoader 0:   5%|▍         | 274/6000 [00:04<01:43, 55.53it/s]Testing DataLoader 0:   5%|▍         | 275/6000 [00:04<01:43, 55.56it/s]Testing DataLoader 0:   5%|▍         | 276/6000 [00:04<01:43, 55.57it/s]Testing DataLoader 0:   5%|▍         | 277/6000 [00:04<01:42, 55.60it/s]Testing DataLoader 0:   5%|▍         | 278/6000 [00:04<01:42, 55.62it/s]Testing DataLoader 0:   5%|▍         | 279/6000 [00:05<01:42, 55.63it/s]Testing DataLoader 0:   5%|▍         | 280/6000 [00:05<01:42, 55.65it/s]Testing DataLoader 0:   5%|▍         | 281/6000 [00:05<01:42, 55.67it/s]Testing DataLoader 0:   5%|▍         | 282/6000 [00:05<01:42, 55.68it/s]Testing DataLoader 0:   5%|▍         | 283/6000 [00:05<01:42, 55.70it/s]Testing DataLoader 0:   5%|▍         | 284/6000 [00:05<01:42, 55.72it/s]Testing DataLoader 0:   5%|▍         | 285/6000 [00:05<01:42, 55.73it/s]Testing DataLoader 0:   5%|▍         | 286/6000 [00:05<01:42, 55.75it/s]Testing DataLoader 0:   5%|▍         | 287/6000 [00:05<01:42, 55.76it/s]Testing DataLoader 0:   5%|▍         | 288/6000 [00:05<01:42, 55.78it/s]Testing DataLoader 0:   5%|▍         | 289/6000 [00:05<01:42, 55.80it/s]Testing DataLoader 0:   5%|▍         | 290/6000 [00:05<01:42, 55.81it/s]Testing DataLoader 0:   5%|▍         | 291/6000 [00:05<01:42, 55.83it/s]Testing DataLoader 0:   5%|▍         | 292/6000 [00:05<01:42, 55.84it/s]Testing DataLoader 0:   5%|▍         | 293/6000 [00:05<01:42, 55.86it/s]Testing DataLoader 0:   5%|▍         | 294/6000 [00:05<01:42, 55.87it/s]Testing DataLoader 0:   5%|▍         | 295/6000 [00:05<01:42, 55.89it/s]Testing DataLoader 0:   5%|▍         | 296/6000 [00:05<01:42, 55.90it/s]Testing DataLoader 0:   5%|▍         | 297/6000 [00:05<01:41, 55.92it/s]Testing DataLoader 0:   5%|▍         | 298/6000 [00:05<01:41, 55.94it/s]Testing DataLoader 0:   5%|▍         | 299/6000 [00:05<01:41, 55.95it/s]Testing DataLoader 0:   5%|▌         | 300/6000 [00:05<01:41, 55.97it/s]Testing DataLoader 0:   5%|▌         | 301/6000 [00:05<01:41, 55.98it/s]Testing DataLoader 0:   5%|▌         | 302/6000 [00:05<01:41, 56.00it/s]Testing DataLoader 0:   5%|▌         | 303/6000 [00:05<01:41, 56.01it/s]Testing DataLoader 0:   5%|▌         | 304/6000 [00:05<01:41, 56.03it/s]Testing DataLoader 0:   5%|▌         | 305/6000 [00:05<01:41, 56.04it/s]Testing DataLoader 0:   5%|▌         | 306/6000 [00:05<01:41, 56.06it/s]Testing DataLoader 0:   5%|▌         | 307/6000 [00:05<01:41, 56.07it/s]Testing DataLoader 0:   5%|▌         | 308/6000 [00:05<01:41, 56.08it/s]Testing DataLoader 0:   5%|▌         | 309/6000 [00:05<01:41, 56.09it/s]Testing DataLoader 0:   5%|▌         | 310/6000 [00:05<01:41, 56.11it/s]Testing DataLoader 0:   5%|▌         | 311/6000 [00:05<01:41, 56.12it/s]Testing DataLoader 0:   5%|▌         | 312/6000 [00:05<01:41, 56.14it/s]Testing DataLoader 0:   5%|▌         | 313/6000 [00:05<01:41, 56.15it/s]Testing DataLoader 0:   5%|▌         | 314/6000 [00:05<01:41, 56.16it/s]Testing DataLoader 0:   5%|▌         | 315/6000 [00:05<01:41, 56.18it/s]Testing DataLoader 0:   5%|▌         | 316/6000 [00:05<01:41, 56.19it/s]Testing DataLoader 0:   5%|▌         | 317/6000 [00:05<01:41, 56.21it/s]Testing DataLoader 0:   5%|▌         | 318/6000 [00:05<01:41, 56.22it/s]Testing DataLoader 0:   5%|▌         | 319/6000 [00:05<01:41, 56.23it/s]Testing DataLoader 0:   5%|▌         | 320/6000 [00:05<01:40, 56.25it/s]Testing DataLoader 0:   5%|▌         | 321/6000 [00:05<01:40, 56.26it/s]Testing DataLoader 0:   5%|▌         | 322/6000 [00:05<01:40, 56.27it/s]Testing DataLoader 0:   5%|▌         | 323/6000 [00:05<01:40, 56.29it/s]Testing DataLoader 0:   5%|▌         | 324/6000 [00:05<01:40, 56.30it/s]Testing DataLoader 0:   5%|▌         | 325/6000 [00:05<01:40, 56.31it/s]Testing DataLoader 0:   5%|▌         | 326/6000 [00:05<01:40, 56.33it/s]Testing DataLoader 0:   5%|▌         | 327/6000 [00:05<01:40, 56.34it/s]Testing DataLoader 0:   5%|▌         | 328/6000 [00:05<01:40, 56.35it/s]Testing DataLoader 0:   5%|▌         | 329/6000 [00:05<01:40, 56.36it/s]Testing DataLoader 0:   6%|▌         | 330/6000 [00:05<01:40, 56.37it/s]Testing DataLoader 0:   6%|▌         | 331/6000 [00:05<01:40, 56.39it/s]Testing DataLoader 0:   6%|▌         | 332/6000 [00:05<01:40, 56.40it/s]Testing DataLoader 0:   6%|▌         | 333/6000 [00:05<01:40, 56.41it/s]Testing DataLoader 0:   6%|▌         | 334/6000 [00:05<01:40, 56.42it/s]Testing DataLoader 0:   6%|▌         | 335/6000 [00:05<01:40, 56.43it/s]Testing DataLoader 0:   6%|▌         | 336/6000 [00:05<01:40, 56.44it/s]Testing DataLoader 0:   6%|▌         | 337/6000 [00:05<01:40, 56.46it/s]Testing DataLoader 0:   6%|▌         | 338/6000 [00:05<01:40, 56.47it/s]Testing DataLoader 0:   6%|▌         | 339/6000 [00:06<01:40, 56.49it/s]Testing DataLoader 0:   6%|▌         | 340/6000 [00:06<01:40, 56.50it/s]Testing DataLoader 0:   6%|▌         | 341/6000 [00:06<01:40, 56.51it/s]Testing DataLoader 0:   6%|▌         | 342/6000 [00:06<01:40, 56.52it/s]Testing DataLoader 0:   6%|▌         | 343/6000 [00:06<01:40, 56.53it/s]Testing DataLoader 0:   6%|▌         | 344/6000 [00:06<01:40, 56.55it/s]Testing DataLoader 0:   6%|▌         | 345/6000 [00:06<01:39, 56.56it/s]Testing DataLoader 0:   6%|▌         | 346/6000 [00:06<01:39, 56.57it/s]Testing DataLoader 0:   6%|▌         | 347/6000 [00:06<01:39, 56.58it/s]Testing DataLoader 0:   6%|▌         | 348/6000 [00:06<01:39, 56.59it/s]Testing DataLoader 0:   6%|▌         | 349/6000 [00:06<01:39, 56.60it/s]Testing DataLoader 0:   6%|▌         | 350/6000 [00:06<01:39, 56.61it/s]Testing DataLoader 0:   6%|▌         | 351/6000 [00:06<01:39, 56.62it/s]Testing DataLoader 0:   6%|▌         | 352/6000 [00:06<01:39, 56.63it/s]Testing DataLoader 0:   6%|▌         | 353/6000 [00:06<01:39, 56.64it/s]Testing DataLoader 0:   6%|▌         | 354/6000 [00:06<01:39, 56.66it/s]Testing DataLoader 0:   6%|▌         | 355/6000 [00:06<01:39, 56.67it/s]Testing DataLoader 0:   6%|▌         | 356/6000 [00:06<01:39, 56.68it/s]Testing DataLoader 0:   6%|▌         | 357/6000 [00:06<01:39, 56.69it/s]Testing DataLoader 0:   6%|▌         | 358/6000 [00:06<01:39, 56.70it/s]Testing DataLoader 0:   6%|▌         | 359/6000 [00:06<01:39, 56.71it/s]Testing DataLoader 0:   6%|▌         | 360/6000 [00:06<01:39, 56.72it/s]Testing DataLoader 0:   6%|▌         | 361/6000 [00:06<01:39, 56.73it/s]Testing DataLoader 0:   6%|▌         | 362/6000 [00:06<01:39, 56.74it/s]Testing DataLoader 0:   6%|▌         | 363/6000 [00:06<01:39, 56.75it/s]Testing DataLoader 0:   6%|▌         | 364/6000 [00:06<01:39, 56.76it/s]Testing DataLoader 0:   6%|▌         | 365/6000 [00:06<01:39, 56.77it/s]Testing DataLoader 0:   6%|▌         | 366/6000 [00:06<01:39, 56.78it/s]Testing DataLoader 0:   6%|▌         | 367/6000 [00:06<01:39, 56.79it/s]Testing DataLoader 0:   6%|▌         | 368/6000 [00:06<01:39, 56.80it/s]Testing DataLoader 0:   6%|▌         | 369/6000 [00:06<01:39, 56.81it/s]Testing DataLoader 0:   6%|▌         | 370/6000 [00:06<01:39, 56.82it/s]Testing DataLoader 0:   6%|▌         | 371/6000 [00:06<01:39, 56.83it/s]Testing DataLoader 0:   6%|▌         | 372/6000 [00:06<01:39, 56.84it/s]Testing DataLoader 0:   6%|▌         | 373/6000 [00:06<01:38, 56.85it/s]Testing DataLoader 0:   6%|▌         | 374/6000 [00:06<01:38, 56.86it/s]Testing DataLoader 0:   6%|▋         | 375/6000 [00:06<01:38, 56.87it/s]Testing DataLoader 0:   6%|▋         | 376/6000 [00:06<01:38, 56.88it/s]Testing DataLoader 0:   6%|▋         | 377/6000 [00:06<01:38, 56.89it/s]Testing DataLoader 0:   6%|▋         | 378/6000 [00:06<01:38, 56.90it/s]Testing DataLoader 0:   6%|▋         | 379/6000 [00:06<01:38, 56.91it/s]Testing DataLoader 0:   6%|▋         | 380/6000 [00:06<01:38, 56.92it/s]Testing DataLoader 0:   6%|▋         | 381/6000 [00:06<01:38, 56.93it/s]Testing DataLoader 0:   6%|▋         | 382/6000 [00:06<01:38, 56.94it/s]Testing DataLoader 0:   6%|▋         | 383/6000 [00:06<01:38, 56.95it/s]Testing DataLoader 0:   6%|▋         | 384/6000 [00:06<01:38, 56.96it/s]Testing DataLoader 0:   6%|▋         | 385/6000 [00:06<01:38, 56.97it/s]Testing DataLoader 0:   6%|▋         | 386/6000 [00:06<01:38, 56.98it/s]Testing DataLoader 0:   6%|▋         | 387/6000 [00:06<01:38, 56.98it/s]Testing DataLoader 0:   6%|▋         | 388/6000 [00:06<01:38, 57.00it/s]Testing DataLoader 0:   6%|▋         | 389/6000 [00:06<01:38, 57.01it/s]Testing DataLoader 0:   6%|▋         | 390/6000 [00:06<01:38, 57.02it/s]Testing DataLoader 0:   7%|▋         | 391/6000 [00:06<01:38, 57.02it/s]Testing DataLoader 0:   7%|▋         | 392/6000 [00:06<01:38, 57.03it/s]Testing DataLoader 0:   7%|▋         | 393/6000 [00:06<01:38, 57.04it/s]Testing DataLoader 0:   7%|▋         | 394/6000 [00:06<01:38, 57.04it/s]Testing DataLoader 0:   7%|▋         | 395/6000 [00:06<01:38, 57.02it/s]Testing DataLoader 0:   7%|▋         | 396/6000 [00:06<01:38, 57.03it/s]Testing DataLoader 0:   7%|▋         | 397/6000 [00:06<01:38, 57.05it/s]Testing DataLoader 0:   7%|▋         | 398/6000 [00:06<01:38, 57.06it/s]Testing DataLoader 0:   7%|▋         | 399/6000 [00:06<01:38, 57.07it/s]Testing DataLoader 0:   7%|▋         | 400/6000 [00:07<01:38, 57.08it/s]Testing DataLoader 0:   7%|▋         | 401/6000 [00:07<01:38, 57.09it/s]Testing DataLoader 0:   7%|▋         | 402/6000 [00:07<01:38, 57.09it/s]Testing DataLoader 0:   7%|▋         | 403/6000 [00:07<01:38, 57.10it/s]Testing DataLoader 0:   7%|▋         | 404/6000 [00:07<01:37, 57.11it/s]Testing DataLoader 0:   7%|▋         | 405/6000 [00:07<01:37, 57.11it/s]Testing DataLoader 0:   7%|▋         | 406/6000 [00:07<01:37, 57.12it/s]Testing DataLoader 0:   7%|▋         | 407/6000 [00:07<01:37, 57.13it/s]Testing DataLoader 0:   7%|▋         | 408/6000 [00:07<01:37, 57.13it/s]Testing DataLoader 0:   7%|▋         | 409/6000 [00:07<01:37, 57.15it/s]Testing DataLoader 0:   7%|▋         | 410/6000 [00:07<01:37, 57.15it/s]Testing DataLoader 0:   7%|▋         | 411/6000 [00:07<01:37, 57.16it/s]Testing DataLoader 0:   7%|▋         | 412/6000 [00:07<01:37, 57.17it/s]Testing DataLoader 0:   7%|▋         | 413/6000 [00:07<01:37, 57.19it/s]Testing DataLoader 0:   7%|▋         | 414/6000 [00:07<01:37, 57.20it/s]Testing DataLoader 0:   7%|▋         | 415/6000 [00:07<01:37, 57.20it/s]Testing DataLoader 0:   7%|▋         | 416/6000 [00:07<01:37, 57.22it/s]Testing DataLoader 0:   7%|▋         | 417/6000 [00:07<01:37, 57.22it/s]Testing DataLoader 0:   7%|▋         | 418/6000 [00:07<01:37, 57.22it/s]Testing DataLoader 0:   7%|▋         | 419/6000 [00:07<01:37, 57.23it/s]Testing DataLoader 0:   7%|▋         | 420/6000 [00:07<01:37, 57.24it/s]Testing DataLoader 0:   7%|▋         | 421/6000 [00:07<01:37, 57.24it/s]Testing DataLoader 0:   7%|▋         | 422/6000 [00:07<01:37, 57.25it/s]Testing DataLoader 0:   7%|▋         | 423/6000 [00:07<01:37, 57.25it/s]Testing DataLoader 0:   7%|▋         | 424/6000 [00:07<01:37, 57.26it/s]Testing DataLoader 0:   7%|▋         | 425/6000 [00:07<01:37, 57.26it/s]Testing DataLoader 0:   7%|▋         | 426/6000 [00:07<01:37, 57.27it/s]Testing DataLoader 0:   7%|▋         | 427/6000 [00:07<01:37, 57.28it/s]Testing DataLoader 0:   7%|▋         | 428/6000 [00:07<01:37, 57.29it/s]Testing DataLoader 0:   7%|▋         | 429/6000 [00:07<01:37, 57.29it/s]Testing DataLoader 0:   7%|▋         | 430/6000 [00:07<01:37, 57.30it/s]Testing DataLoader 0:   7%|▋         | 431/6000 [00:07<01:37, 57.31it/s]Testing DataLoader 0:   7%|▋         | 432/6000 [00:07<01:37, 57.31it/s]Testing DataLoader 0:   7%|▋         | 433/6000 [00:07<01:37, 57.32it/s]Testing DataLoader 0:   7%|▋         | 434/6000 [00:07<01:37, 57.33it/s]Testing DataLoader 0:   7%|▋         | 435/6000 [00:07<01:37, 57.34it/s]Testing DataLoader 0:   7%|▋         | 436/6000 [00:07<01:37, 57.34it/s]Testing DataLoader 0:   7%|▋         | 437/6000 [00:07<01:37, 57.34it/s]Testing DataLoader 0:   7%|▋         | 438/6000 [00:07<01:36, 57.35it/s]Testing DataLoader 0:   7%|▋         | 439/6000 [00:07<01:36, 57.36it/s]Testing DataLoader 0:   7%|▋         | 440/6000 [00:07<01:36, 57.36it/s]Testing DataLoader 0:   7%|▋         | 441/6000 [00:07<01:36, 57.37it/s]Testing DataLoader 0:   7%|▋         | 442/6000 [00:07<01:36, 57.37it/s]Testing DataLoader 0:   7%|▋         | 443/6000 [00:07<01:36, 57.38it/s]Testing DataLoader 0:   7%|▋         | 444/6000 [00:07<01:36, 57.39it/s]Testing DataLoader 0:   7%|▋         | 445/6000 [00:07<01:36, 57.39it/s]Testing DataLoader 0:   7%|▋         | 446/6000 [00:07<01:36, 57.40it/s]Testing DataLoader 0:   7%|▋         | 447/6000 [00:07<01:36, 57.41it/s]Testing DataLoader 0:   7%|▋         | 448/6000 [00:07<01:36, 57.42it/s]Testing DataLoader 0:   7%|▋         | 449/6000 [00:07<01:36, 57.43it/s]Testing DataLoader 0:   8%|▊         | 450/6000 [00:07<01:36, 57.43it/s]Testing DataLoader 0:   8%|▊         | 451/6000 [00:07<01:36, 57.44it/s]Testing DataLoader 0:   8%|▊         | 452/6000 [00:07<01:36, 57.45it/s]Testing DataLoader 0:   8%|▊         | 453/6000 [00:07<01:36, 57.45it/s]Testing DataLoader 0:   8%|▊         | 454/6000 [00:07<01:36, 57.45it/s]Testing DataLoader 0:   8%|▊         | 455/6000 [00:07<01:36, 57.46it/s]Testing DataLoader 0:   8%|▊         | 456/6000 [00:07<01:36, 57.46it/s]Testing DataLoader 0:   8%|▊         | 457/6000 [00:07<01:36, 57.47it/s]Testing DataLoader 0:   8%|▊         | 458/6000 [00:07<01:36, 57.47it/s]Testing DataLoader 0:   8%|▊         | 459/6000 [00:07<01:36, 57.48it/s]Testing DataLoader 0:   8%|▊         | 460/6000 [00:08<01:36, 57.49it/s]Testing DataLoader 0:   8%|▊         | 461/6000 [00:08<01:36, 57.49it/s]Testing DataLoader 0:   8%|▊         | 462/6000 [00:08<01:36, 57.49it/s]Testing DataLoader 0:   8%|▊         | 463/6000 [00:08<01:36, 57.50it/s]Testing DataLoader 0:   8%|▊         | 464/6000 [00:08<01:36, 57.50it/s]Testing DataLoader 0:   8%|▊         | 465/6000 [00:08<01:36, 57.51it/s]Testing DataLoader 0:   8%|▊         | 466/6000 [00:08<01:36, 57.50it/s]Testing DataLoader 0:   8%|▊         | 467/6000 [00:08<01:36, 57.51it/s]Testing DataLoader 0:   8%|▊         | 468/6000 [00:08<01:36, 57.52it/s]Testing DataLoader 0:   8%|▊         | 469/6000 [00:08<01:36, 57.52it/s]Testing DataLoader 0:   8%|▊         | 470/6000 [00:08<01:36, 57.52it/s]Testing DataLoader 0:   8%|▊         | 471/6000 [00:08<01:36, 57.52it/s]Testing DataLoader 0:   8%|▊         | 472/6000 [00:08<01:36, 57.53it/s]Testing DataLoader 0:   8%|▊         | 473/6000 [00:08<01:36, 57.54it/s]Testing DataLoader 0:   8%|▊         | 474/6000 [00:08<01:36, 57.53it/s]Testing DataLoader 0:   8%|▊         | 475/6000 [00:08<01:36, 57.54it/s]Testing DataLoader 0:   8%|▊         | 476/6000 [00:08<01:35, 57.55it/s]Testing DataLoader 0:   8%|▊         | 477/6000 [00:08<01:35, 57.54it/s]Testing DataLoader 0:   8%|▊         | 478/6000 [00:08<01:35, 57.55it/s]Testing DataLoader 0:   8%|▊         | 479/6000 [00:08<01:35, 57.55it/s]Testing DataLoader 0:   8%|▊         | 480/6000 [00:08<01:35, 57.55it/s]Testing DataLoader 0:   8%|▊         | 481/6000 [00:08<01:35, 57.56it/s]Testing DataLoader 0:   8%|▊         | 482/6000 [00:08<01:35, 57.56it/s]Testing DataLoader 0:   8%|▊         | 483/6000 [00:08<01:35, 57.57it/s]Testing DataLoader 0:   8%|▊         | 484/6000 [00:08<01:35, 57.57it/s]Testing DataLoader 0:   8%|▊         | 485/6000 [00:08<01:35, 57.58it/s]Testing DataLoader 0:   8%|▊         | 486/6000 [00:08<01:35, 57.58it/s]Testing DataLoader 0:   8%|▊         | 487/6000 [00:08<01:35, 57.59it/s]Testing DataLoader 0:   8%|▊         | 488/6000 [00:08<01:35, 57.59it/s]Testing DataLoader 0:   8%|▊         | 489/6000 [00:08<01:35, 57.60it/s]Testing DataLoader 0:   8%|▊         | 490/6000 [00:08<01:35, 57.60it/s]Testing DataLoader 0:   8%|▊         | 491/6000 [00:08<01:35, 57.60it/s]Testing DataLoader 0:   8%|▊         | 492/6000 [00:08<01:35, 57.60it/s]Testing DataLoader 0:   8%|▊         | 493/6000 [00:08<01:35, 57.61it/s]Testing DataLoader 0:   8%|▊         | 494/6000 [00:08<01:35, 57.61it/s]Testing DataLoader 0:   8%|▊         | 495/6000 [00:08<01:35, 57.61it/s]Testing DataLoader 0:   8%|▊         | 496/6000 [00:08<01:35, 57.61it/s]Testing DataLoader 0:   8%|▊         | 497/6000 [00:08<01:35, 57.62it/s]Testing DataLoader 0:   8%|▊         | 498/6000 [00:08<01:35, 57.62it/s]Testing DataLoader 0:   8%|▊         | 499/6000 [00:08<01:35, 57.62it/s]Testing DataLoader 0:   8%|▊         | 500/6000 [00:08<01:35, 57.63it/s]Testing DataLoader 0:   8%|▊         | 501/6000 [00:08<01:35, 57.63it/s]Testing DataLoader 0:   8%|▊         | 502/6000 [00:08<01:35, 57.63it/s]Testing DataLoader 0:   8%|▊         | 503/6000 [00:08<01:35, 57.64it/s]Testing DataLoader 0:   8%|▊         | 504/6000 [00:08<01:35, 57.64it/s]Testing DataLoader 0:   8%|▊         | 505/6000 [00:08<01:35, 57.65it/s]Testing DataLoader 0:   8%|▊         | 506/6000 [00:08<01:35, 57.65it/s]Testing DataLoader 0:   8%|▊         | 507/6000 [00:08<01:35, 57.66it/s]Testing DataLoader 0:   8%|▊         | 508/6000 [00:08<01:35, 57.66it/s]Testing DataLoader 0:   8%|▊         | 509/6000 [00:08<01:35, 57.66it/s]Testing DataLoader 0:   8%|▊         | 510/6000 [00:08<01:35, 57.67it/s]Testing DataLoader 0:   9%|▊         | 511/6000 [00:08<01:35, 57.67it/s]Testing DataLoader 0:   9%|▊         | 512/6000 [00:08<01:35, 57.68it/s]Testing DataLoader 0:   9%|▊         | 513/6000 [00:08<01:35, 57.69it/s]Testing DataLoader 0:   9%|▊         | 514/6000 [00:08<01:35, 57.69it/s]Testing DataLoader 0:   9%|▊         | 515/6000 [00:08<01:35, 57.70it/s]Testing DataLoader 0:   9%|▊         | 516/6000 [00:08<01:35, 57.70it/s]Testing DataLoader 0:   9%|▊         | 517/6000 [00:08<01:35, 57.70it/s]Testing DataLoader 0:   9%|▊         | 518/6000 [00:08<01:34, 57.71it/s]Testing DataLoader 0:   9%|▊         | 519/6000 [00:08<01:34, 57.72it/s]Testing DataLoader 0:   9%|▊         | 520/6000 [00:09<01:34, 57.72it/s]Testing DataLoader 0:   9%|▊         | 521/6000 [00:09<01:34, 57.73it/s]Testing DataLoader 0:   9%|▊         | 522/6000 [00:09<01:34, 57.73it/s]Testing DataLoader 0:   9%|▊         | 523/6000 [00:09<01:34, 57.73it/s]Testing DataLoader 0:   9%|▊         | 524/6000 [00:09<01:34, 57.73it/s]Testing DataLoader 0:   9%|▉         | 525/6000 [00:09<01:34, 57.74it/s]Testing DataLoader 0:   9%|▉         | 526/6000 [00:09<01:34, 57.74it/s]Testing DataLoader 0:   9%|▉         | 527/6000 [00:09<01:34, 57.74it/s]Testing DataLoader 0:   9%|▉         | 528/6000 [00:09<01:34, 57.75it/s]Testing DataLoader 0:   9%|▉         | 529/6000 [00:09<01:34, 57.76it/s]Testing DataLoader 0:   9%|▉         | 530/6000 [00:09<01:34, 57.76it/s]Testing DataLoader 0:   9%|▉         | 531/6000 [00:09<01:34, 57.76it/s]Testing DataLoader 0:   9%|▉         | 532/6000 [00:09<01:34, 57.76it/s]Testing DataLoader 0:   9%|▉         | 533/6000 [00:09<01:34, 57.76it/s]Testing DataLoader 0:   9%|▉         | 534/6000 [00:09<01:34, 57.76it/s]Testing DataLoader 0:   9%|▉         | 535/6000 [00:09<01:34, 57.77it/s]Testing DataLoader 0:   9%|▉         | 536/6000 [00:09<01:34, 57.77it/s]Testing DataLoader 0:   9%|▉         | 537/6000 [00:09<01:34, 57.78it/s]Testing DataLoader 0:   9%|▉         | 538/6000 [00:09<01:34, 57.78it/s]Testing DataLoader 0:   9%|▉         | 539/6000 [00:09<01:34, 57.78it/s]Testing DataLoader 0:   9%|▉         | 540/6000 [00:09<01:34, 57.78it/s]Testing DataLoader 0:   9%|▉         | 541/6000 [00:09<01:34, 57.79it/s]Testing DataLoader 0:   9%|▉         | 542/6000 [00:09<01:34, 57.79it/s]Testing DataLoader 0:   9%|▉         | 543/6000 [00:09<01:34, 57.79it/s]Testing DataLoader 0:   9%|▉         | 544/6000 [00:09<01:34, 57.80it/s]Testing DataLoader 0:   9%|▉         | 545/6000 [00:09<01:34, 57.80it/s]Testing DataLoader 0:   9%|▉         | 546/6000 [00:09<01:34, 57.80it/s]Testing DataLoader 0:   9%|▉         | 547/6000 [00:09<01:34, 57.81it/s]Testing DataLoader 0:   9%|▉         | 548/6000 [00:09<01:34, 57.81it/s]Testing DataLoader 0:   9%|▉         | 549/6000 [00:09<01:34, 57.81it/s]Testing DataLoader 0:   9%|▉         | 550/6000 [00:09<01:34, 57.82it/s]Testing DataLoader 0:   9%|▉         | 551/6000 [00:09<01:34, 57.82it/s]Testing DataLoader 0:   9%|▉         | 552/6000 [00:09<01:34, 57.82it/s]Testing DataLoader 0:   9%|▉         | 553/6000 [00:09<01:34, 57.83it/s]Testing DataLoader 0:   9%|▉         | 554/6000 [00:09<01:34, 57.83it/s]Testing DataLoader 0:   9%|▉         | 555/6000 [00:09<01:34, 57.84it/s]Testing DataLoader 0:   9%|▉         | 556/6000 [00:09<01:34, 57.84it/s]Testing DataLoader 0:   9%|▉         | 557/6000 [00:09<01:34, 57.85it/s]Testing DataLoader 0:   9%|▉         | 558/6000 [00:09<01:34, 57.85it/s]Testing DataLoader 0:   9%|▉         | 559/6000 [00:09<01:34, 57.85it/s]Testing DataLoader 0:   9%|▉         | 560/6000 [00:09<01:34, 57.85it/s]Testing DataLoader 0:   9%|▉         | 561/6000 [00:09<01:33, 57.86it/s]Testing DataLoader 0:   9%|▉         | 562/6000 [00:09<01:33, 57.87it/s]Testing DataLoader 0:   9%|▉         | 563/6000 [00:09<01:33, 57.87it/s]Testing DataLoader 0:   9%|▉         | 564/6000 [00:09<01:33, 57.87it/s]Testing DataLoader 0:   9%|▉         | 565/6000 [00:09<01:33, 57.87it/s]Testing DataLoader 0:   9%|▉         | 566/6000 [00:09<01:33, 57.87it/s]Testing DataLoader 0:   9%|▉         | 567/6000 [00:09<01:33, 57.87it/s]Testing DataLoader 0:   9%|▉         | 568/6000 [00:09<01:33, 57.88it/s]Testing DataLoader 0:   9%|▉         | 569/6000 [00:09<01:33, 57.88it/s]Testing DataLoader 0:  10%|▉         | 570/6000 [00:09<01:33, 57.88it/s]Testing DataLoader 0:  10%|▉         | 571/6000 [00:09<01:33, 57.89it/s]Testing DataLoader 0:  10%|▉         | 572/6000 [00:09<01:33, 57.89it/s]Testing DataLoader 0:  10%|▉         | 573/6000 [00:09<01:33, 57.89it/s]Testing DataLoader 0:  10%|▉         | 574/6000 [00:09<01:33, 57.89it/s]Testing DataLoader 0:  10%|▉         | 575/6000 [00:09<01:33, 57.90it/s]Testing DataLoader 0:  10%|▉         | 576/6000 [00:09<01:33, 57.90it/s]Testing DataLoader 0:  10%|▉         | 577/6000 [00:09<01:33, 57.91it/s]Testing DataLoader 0:  10%|▉         | 578/6000 [00:09<01:33, 57.91it/s]Testing DataLoader 0:  10%|▉         | 579/6000 [00:09<01:33, 57.91it/s]Testing DataLoader 0:  10%|▉         | 580/6000 [00:10<01:33, 57.91it/s]Testing DataLoader 0:  10%|▉         | 581/6000 [00:10<01:33, 57.92it/s]Testing DataLoader 0:  10%|▉         | 582/6000 [00:10<01:33, 57.92it/s]Testing DataLoader 0:  10%|▉         | 583/6000 [00:10<01:33, 57.92it/s]Testing DataLoader 0:  10%|▉         | 584/6000 [00:10<01:33, 57.92it/s]Testing DataLoader 0:  10%|▉         | 585/6000 [00:10<01:33, 57.93it/s]Testing DataLoader 0:  10%|▉         | 586/6000 [00:10<01:33, 57.93it/s]Testing DataLoader 0:  10%|▉         | 587/6000 [00:10<01:33, 57.93it/s]Testing DataLoader 0:  10%|▉         | 588/6000 [00:10<01:33, 57.93it/s]Testing DataLoader 0:  10%|▉         | 589/6000 [00:10<01:33, 57.94it/s]Testing DataLoader 0:  10%|▉         | 590/6000 [00:10<01:33, 57.94it/s]Testing DataLoader 0:  10%|▉         | 591/6000 [00:10<01:33, 57.94it/s]Testing DataLoader 0:  10%|▉         | 592/6000 [00:10<01:33, 57.95it/s]Testing DataLoader 0:  10%|▉         | 593/6000 [00:10<01:33, 57.96it/s]Testing DataLoader 0:  10%|▉         | 594/6000 [00:10<01:33, 57.96it/s]Testing DataLoader 0:  10%|▉         | 595/6000 [00:10<01:33, 57.96it/s]Testing DataLoader 0:  10%|▉         | 596/6000 [00:10<01:33, 57.96it/s]Testing DataLoader 0:  10%|▉         | 597/6000 [00:10<01:33, 57.96it/s]Testing DataLoader 0:  10%|▉         | 598/6000 [00:10<01:33, 57.97it/s]Testing DataLoader 0:  10%|▉         | 599/6000 [00:10<01:33, 57.97it/s]Testing DataLoader 0:  10%|█         | 600/6000 [00:10<01:33, 57.97it/s]Testing DataLoader 0:  10%|█         | 601/6000 [00:10<01:33, 57.98it/s]Testing DataLoader 0:  10%|█         | 602/6000 [00:10<01:33, 57.98it/s]Testing DataLoader 0:  10%|█         | 603/6000 [00:10<01:33, 57.98it/s]Testing DataLoader 0:  10%|█         | 604/6000 [00:10<01:33, 57.98it/s]Testing DataLoader 0:  10%|█         | 605/6000 [00:10<01:33, 57.98it/s]Testing DataLoader 0:  10%|█         | 606/6000 [00:10<01:33, 57.99it/s]Testing DataLoader 0:  10%|█         | 607/6000 [00:10<01:33, 57.99it/s]Testing DataLoader 0:  10%|█         | 608/6000 [00:10<01:32, 57.99it/s]Testing DataLoader 0:  10%|█         | 609/6000 [00:10<01:32, 58.00it/s]Testing DataLoader 0:  10%|█         | 610/6000 [00:10<01:32, 58.00it/s]Testing DataLoader 0:  10%|█         | 611/6000 [00:10<01:32, 58.00it/s]Testing DataLoader 0:  10%|█         | 612/6000 [00:10<01:32, 57.99it/s]Testing DataLoader 0:  10%|█         | 613/6000 [00:10<01:32, 57.99it/s]Testing DataLoader 0:  10%|█         | 614/6000 [00:10<01:32, 57.99it/s]Testing DataLoader 0:  10%|█         | 615/6000 [00:10<01:32, 58.00it/s]Testing DataLoader 0:  10%|█         | 616/6000 [00:10<01:32, 58.00it/s]Testing DataLoader 0:  10%|█         | 617/6000 [00:10<01:32, 58.01it/s]Testing DataLoader 0:  10%|█         | 618/6000 [00:10<01:32, 58.00it/s]Testing DataLoader 0:  10%|█         | 619/6000 [00:10<01:32, 58.01it/s]Testing DataLoader 0:  10%|█         | 620/6000 [00:10<01:32, 58.01it/s]Testing DataLoader 0:  10%|█         | 621/6000 [00:10<01:32, 58.01it/s]Testing DataLoader 0:  10%|█         | 622/6000 [00:10<01:32, 58.01it/s]Testing DataLoader 0:  10%|█         | 623/6000 [00:10<01:32, 58.01it/s]Testing DataLoader 0:  10%|█         | 624/6000 [00:10<01:32, 58.02it/s]Testing DataLoader 0:  10%|█         | 625/6000 [00:10<01:32, 58.02it/s]Testing DataLoader 0:  10%|█         | 626/6000 [00:10<01:32, 58.02it/s]Testing DataLoader 0:  10%|█         | 627/6000 [00:10<01:32, 58.03it/s]Testing DataLoader 0:  10%|█         | 628/6000 [00:10<01:32, 58.03it/s]Testing DataLoader 0:  10%|█         | 629/6000 [00:10<01:32, 58.03it/s]Testing DataLoader 0:  10%|█         | 630/6000 [00:10<01:32, 58.03it/s]Testing DataLoader 0:  11%|█         | 631/6000 [00:10<01:32, 58.04it/s]Testing DataLoader 0:  11%|█         | 632/6000 [00:10<01:32, 58.04it/s]Testing DataLoader 0:  11%|█         | 633/6000 [00:10<01:32, 58.04it/s]Testing DataLoader 0:  11%|█         | 634/6000 [00:10<01:32, 58.04it/s]Testing DataLoader 0:  11%|█         | 635/6000 [00:10<01:32, 58.05it/s]Testing DataLoader 0:  11%|█         | 636/6000 [00:10<01:32, 58.05it/s]Testing DataLoader 0:  11%|█         | 637/6000 [00:10<01:32, 58.05it/s]Testing DataLoader 0:  11%|█         | 638/6000 [00:10<01:32, 58.05it/s]Testing DataLoader 0:  11%|█         | 639/6000 [00:11<01:32, 58.05it/s]Testing DataLoader 0:  11%|█         | 640/6000 [00:11<01:32, 58.05it/s]Testing DataLoader 0:  11%|█         | 641/6000 [00:11<01:32, 58.06it/s]Testing DataLoader 0:  11%|█         | 642/6000 [00:11<01:32, 58.06it/s]Testing DataLoader 0:  11%|█         | 643/6000 [00:11<01:32, 58.06it/s]Testing DataLoader 0:  11%|█         | 644/6000 [00:11<01:32, 58.06it/s]Testing DataLoader 0:  11%|█         | 645/6000 [00:11<01:32, 58.06it/s]Testing DataLoader 0:  11%|█         | 646/6000 [00:11<01:32, 58.06it/s]Testing DataLoader 0:  11%|█         | 647/6000 [00:11<01:32, 58.06it/s]Testing DataLoader 0:  11%|█         | 648/6000 [00:11<01:32, 58.06it/s]Testing DataLoader 0:  11%|█         | 649/6000 [00:11<01:32, 58.06it/s]Testing DataLoader 0:  11%|█         | 650/6000 [00:11<01:32, 58.06it/s]Testing DataLoader 0:  11%|█         | 651/6000 [00:11<01:32, 58.07it/s]Testing DataLoader 0:  11%|█         | 652/6000 [00:11<01:32, 58.07it/s]Testing DataLoader 0:  11%|█         | 653/6000 [00:11<01:32, 58.07it/s]Testing DataLoader 0:  11%|█         | 654/6000 [00:11<01:32, 58.07it/s]Testing DataLoader 0:  11%|█         | 655/6000 [00:11<01:32, 58.07it/s]Testing DataLoader 0:  11%|█         | 656/6000 [00:11<01:32, 58.07it/s]Testing DataLoader 0:  11%|█         | 657/6000 [00:11<01:32, 58.07it/s]Testing DataLoader 0:  11%|█         | 658/6000 [00:11<01:31, 58.07it/s]Testing DataLoader 0:  11%|█         | 659/6000 [00:11<01:31, 58.07it/s]Testing DataLoader 0:  11%|█         | 660/6000 [00:11<01:31, 58.07it/s]Testing DataLoader 0:  11%|█         | 661/6000 [00:11<01:31, 58.07it/s]Testing DataLoader 0:  11%|█         | 662/6000 [00:11<01:31, 58.07it/s]Testing DataLoader 0:  11%|█         | 663/6000 [00:11<01:31, 58.08it/s]Testing DataLoader 0:  11%|█         | 664/6000 [00:11<01:31, 58.08it/s]Testing DataLoader 0:  11%|█         | 665/6000 [00:11<01:31, 58.08it/s]Testing DataLoader 0:  11%|█         | 666/6000 [00:11<01:31, 58.08it/s]Testing DataLoader 0:  11%|█         | 667/6000 [00:11<01:31, 58.08it/s]Testing DataLoader 0:  11%|█         | 668/6000 [00:11<01:31, 58.08it/s]Testing DataLoader 0:  11%|█         | 669/6000 [00:11<01:31, 58.08it/s]Testing DataLoader 0:  11%|█         | 670/6000 [00:11<01:31, 58.08it/s]Testing DataLoader 0:  11%|█         | 671/6000 [00:11<01:31, 58.08it/s]Testing DataLoader 0:  11%|█         | 672/6000 [00:11<01:31, 58.08it/s]Testing DataLoader 0:  11%|█         | 673/6000 [00:11<01:31, 58.08it/s]Testing DataLoader 0:  11%|█         | 674/6000 [00:11<01:31, 58.08it/s]Testing DataLoader 0:  11%|█▏        | 675/6000 [00:11<01:31, 58.09it/s]Testing DataLoader 0:  11%|█▏        | 676/6000 [00:11<01:31, 58.09it/s]Testing DataLoader 0:  11%|█▏        | 677/6000 [00:11<01:31, 58.09it/s]Testing DataLoader 0:  11%|█▏        | 678/6000 [00:11<01:31, 58.09it/s]Testing DataLoader 0:  11%|█▏        | 679/6000 [00:11<01:31, 58.09it/s]Testing DataLoader 0:  11%|█▏        | 680/6000 [00:11<01:31, 58.09it/s]Testing DataLoader 0:  11%|█▏        | 681/6000 [00:11<01:31, 58.09it/s]Testing DataLoader 0:  11%|█▏        | 682/6000 [00:11<01:31, 58.09it/s]Testing DataLoader 0:  11%|█▏        | 683/6000 [00:11<01:31, 58.09it/s]Testing DataLoader 0:  11%|█▏        | 684/6000 [00:11<01:31, 58.09it/s]Testing DataLoader 0:  11%|█▏        | 685/6000 [00:11<01:31, 58.09it/s]Testing DataLoader 0:  11%|█▏        | 686/6000 [00:11<01:31, 58.09it/s]Testing DataLoader 0:  11%|█▏        | 687/6000 [00:11<01:31, 58.10it/s]Testing DataLoader 0:  11%|█▏        | 688/6000 [00:11<01:31, 58.10it/s]Testing DataLoader 0:  11%|█▏        | 689/6000 [00:11<01:31, 58.10it/s]Testing DataLoader 0:  12%|█▏        | 690/6000 [00:11<01:31, 58.09it/s]Testing DataLoader 0:  12%|█▏        | 691/6000 [00:11<01:31, 58.10it/s]Testing DataLoader 0:  12%|█▏        | 692/6000 [00:11<01:31, 58.10it/s]Testing DataLoader 0:  12%|█▏        | 693/6000 [00:11<01:31, 58.10it/s]Testing DataLoader 0:  12%|█▏        | 694/6000 [00:11<01:31, 58.10it/s]Testing DataLoader 0:  12%|█▏        | 695/6000 [00:11<01:31, 58.10it/s]Testing DataLoader 0:  12%|█▏        | 696/6000 [00:11<01:31, 58.10it/s]Testing DataLoader 0:  12%|█▏        | 697/6000 [00:11<01:31, 58.10it/s]Testing DataLoader 0:  12%|█▏        | 698/6000 [00:12<01:31, 58.10it/s]Testing DataLoader 0:  12%|█▏        | 699/6000 [00:12<01:31, 58.10it/s]Testing DataLoader 0:  12%|█▏        | 700/6000 [00:12<01:31, 58.10it/s]Testing DataLoader 0:  12%|█▏        | 701/6000 [00:12<01:31, 58.10it/s]Testing DataLoader 0:  12%|█▏        | 702/6000 [00:12<01:31, 58.10it/s]Testing DataLoader 0:  12%|█▏        | 703/6000 [00:12<01:31, 58.10it/s]Testing DataLoader 0:  12%|█▏        | 704/6000 [00:12<01:31, 58.10it/s]Testing DataLoader 0:  12%|█▏        | 705/6000 [00:12<01:31, 58.10it/s]Testing DataLoader 0:  12%|█▏        | 706/6000 [00:12<01:31, 58.10it/s]Testing DataLoader 0:  12%|█▏        | 707/6000 [00:12<01:31, 58.10it/s]Testing DataLoader 0:  12%|█▏        | 708/6000 [00:12<01:31, 58.10it/s]Testing DataLoader 0:  12%|█▏        | 709/6000 [00:12<01:31, 58.10it/s]Testing DataLoader 0:  12%|█▏        | 710/6000 [00:12<01:31, 58.11it/s]Testing DataLoader 0:  12%|█▏        | 711/6000 [00:12<01:31, 58.11it/s]Testing DataLoader 0:  12%|█▏        | 712/6000 [00:12<01:31, 58.11it/s]Testing DataLoader 0:  12%|█▏        | 713/6000 [00:12<01:30, 58.10it/s]Testing DataLoader 0:  12%|█▏        | 714/6000 [00:12<01:30, 58.10it/s]Testing DataLoader 0:  12%|█▏        | 715/6000 [00:12<01:30, 58.11it/s]Testing DataLoader 0:  12%|█▏        | 716/6000 [00:12<01:30, 58.11it/s]Testing DataLoader 0:  12%|█▏        | 717/6000 [00:12<01:30, 58.11it/s]Testing DataLoader 0:  12%|█▏        | 718/6000 [00:12<01:30, 58.11it/s]Testing DataLoader 0:  12%|█▏        | 719/6000 [00:12<01:30, 58.11it/s]Testing DataLoader 0:  12%|█▏        | 720/6000 [00:12<01:30, 58.11it/s]Testing DataLoader 0:  12%|█▏        | 721/6000 [00:12<01:30, 58.11it/s]Testing DataLoader 0:  12%|█▏        | 722/6000 [00:12<01:30, 58.11it/s]Testing DataLoader 0:  12%|█▏        | 723/6000 [00:12<01:30, 58.11it/s]Testing DataLoader 0:  12%|█▏        | 724/6000 [00:12<01:30, 58.11it/s]Testing DataLoader 0:  12%|█▏        | 725/6000 [00:12<01:30, 58.11it/s]Testing DataLoader 0:  12%|█▏        | 726/6000 [00:12<01:30, 58.11it/s]Testing DataLoader 0:  12%|█▏        | 727/6000 [00:12<01:30, 58.11it/s]Testing DataLoader 0:  12%|█▏        | 728/6000 [00:12<01:30, 58.11it/s]Testing DataLoader 0:  12%|█▏        | 729/6000 [00:12<01:30, 58.11it/s]Testing DataLoader 0:  12%|█▏        | 730/6000 [00:12<01:30, 58.12it/s]Testing DataLoader 0:  12%|█▏        | 731/6000 [00:12<01:30, 58.12it/s]Testing DataLoader 0:  12%|█▏        | 732/6000 [00:12<01:30, 58.12it/s]Testing DataLoader 0:  12%|█▏        | 733/6000 [00:12<01:30, 58.12it/s]Testing DataLoader 0:  12%|█▏        | 734/6000 [00:12<01:30, 58.12it/s]Testing DataLoader 0:  12%|█▏        | 735/6000 [00:12<01:30, 58.12it/s]Testing DataLoader 0:  12%|█▏        | 736/6000 [00:12<01:30, 58.12it/s]Testing DataLoader 0:  12%|█▏        | 737/6000 [00:12<01:30, 58.12it/s]Testing DataLoader 0:  12%|█▏        | 738/6000 [00:12<01:30, 58.12it/s]Testing DataLoader 0:  12%|█▏        | 739/6000 [00:12<01:30, 58.12it/s]Testing DataLoader 0:  12%|█▏        | 740/6000 [00:12<01:30, 58.12it/s]Testing DataLoader 0:  12%|█▏        | 741/6000 [00:12<01:30, 58.12it/s]Testing DataLoader 0:  12%|█▏        | 742/6000 [00:12<01:30, 58.12it/s]Testing DataLoader 0:  12%|█▏        | 743/6000 [00:12<01:30, 58.12it/s]Testing DataLoader 0:  12%|█▏        | 744/6000 [00:12<01:30, 58.12it/s]Testing DataLoader 0:  12%|█▏        | 745/6000 [00:12<01:30, 58.12it/s]Testing DataLoader 0:  12%|█▏        | 746/6000 [00:12<01:30, 58.12it/s]Testing DataLoader 0:  12%|█▏        | 747/6000 [00:12<01:30, 58.13it/s]Testing DataLoader 0:  12%|█▏        | 748/6000 [00:12<01:30, 58.13it/s]Testing DataLoader 0:  12%|█▏        | 749/6000 [00:12<01:30, 58.13it/s]Testing DataLoader 0:  12%|█▎        | 750/6000 [00:12<01:30, 58.13it/s]Testing DataLoader 0:  13%|█▎        | 751/6000 [00:12<01:30, 58.13it/s]Testing DataLoader 0:  13%|█▎        | 752/6000 [00:12<01:30, 58.13it/s]Testing DataLoader 0:  13%|█▎        | 753/6000 [00:12<01:30, 58.14it/s]Testing DataLoader 0:  13%|█▎        | 754/6000 [00:12<01:30, 58.13it/s]Testing DataLoader 0:  13%|█▎        | 755/6000 [00:12<01:30, 58.14it/s]Testing DataLoader 0:  13%|█▎        | 756/6000 [00:13<01:30, 58.14it/s]Testing DataLoader 0:  13%|█▎        | 757/6000 [00:13<01:30, 58.14it/s]Testing DataLoader 0:  13%|█▎        | 758/6000 [00:13<01:30, 58.14it/s]Testing DataLoader 0:  13%|█▎        | 759/6000 [00:13<01:30, 58.14it/s]Testing DataLoader 0:  13%|█▎        | 760/6000 [00:13<01:30, 58.14it/s]Testing DataLoader 0:  13%|█▎        | 761/6000 [00:13<01:30, 58.15it/s]Testing DataLoader 0:  13%|█▎        | 762/6000 [00:13<01:30, 58.14it/s]Testing DataLoader 0:  13%|█▎        | 763/6000 [00:13<01:30, 58.15it/s]Testing DataLoader 0:  13%|█▎        | 764/6000 [00:13<01:30, 58.15it/s]Testing DataLoader 0:  13%|█▎        | 765/6000 [00:13<01:30, 58.15it/s]Testing DataLoader 0:  13%|█▎        | 766/6000 [00:13<01:30, 58.15it/s]Testing DataLoader 0:  13%|█▎        | 767/6000 [00:13<01:29, 58.15it/s]Testing DataLoader 0:  13%|█▎        | 768/6000 [00:13<01:29, 58.15it/s]Testing DataLoader 0:  13%|█▎        | 769/6000 [00:13<01:29, 58.15it/s]Testing DataLoader 0:  13%|█▎        | 770/6000 [00:13<01:29, 58.15it/s]Testing DataLoader 0:  13%|█▎        | 771/6000 [00:13<01:29, 58.15it/s]Testing DataLoader 0:  13%|█▎        | 772/6000 [00:13<01:29, 58.16it/s]Testing DataLoader 0:  13%|█▎        | 773/6000 [00:13<01:29, 58.16it/s]Testing DataLoader 0:  13%|█▎        | 774/6000 [00:13<01:29, 58.16it/s]Testing DataLoader 0:  13%|█▎        | 775/6000 [00:13<01:29, 58.16it/s]Testing DataLoader 0:  13%|█▎        | 776/6000 [00:13<01:29, 58.16it/s]Testing DataLoader 0:  13%|█▎        | 777/6000 [00:13<01:29, 58.16it/s]Testing DataLoader 0:  13%|█▎        | 778/6000 [00:13<01:29, 58.16it/s]Testing DataLoader 0:  13%|█▎        | 779/6000 [00:13<01:29, 58.17it/s]Testing DataLoader 0:  13%|█▎        | 780/6000 [00:13<01:29, 58.17it/s]Testing DataLoader 0:  13%|█▎        | 781/6000 [00:13<01:29, 58.17it/s]Testing DataLoader 0:  13%|█▎        | 782/6000 [00:13<01:29, 58.17it/s]Testing DataLoader 0:  13%|█▎        | 783/6000 [00:13<01:29, 58.17it/s]Testing DataLoader 0:  13%|█▎        | 784/6000 [00:13<01:29, 58.17it/s]Testing DataLoader 0:  13%|█▎        | 785/6000 [00:13<01:29, 58.18it/s]Testing DataLoader 0:  13%|█▎        | 786/6000 [00:13<01:29, 58.18it/s]Testing DataLoader 0:  13%|█▎        | 787/6000 [00:13<01:29, 58.18it/s]Testing DataLoader 0:  13%|█▎        | 788/6000 [00:13<01:29, 58.18it/s]Testing DataLoader 0:  13%|█▎        | 789/6000 [00:13<01:29, 58.18it/s]Testing DataLoader 0:  13%|█▎        | 790/6000 [00:13<01:29, 58.18it/s]Testing DataLoader 0:  13%|█▎        | 791/6000 [00:13<01:29, 58.19it/s]Testing DataLoader 0:  13%|█▎        | 792/6000 [00:13<01:29, 58.19it/s]Testing DataLoader 0:  13%|█▎        | 793/6000 [00:13<01:29, 58.19it/s]Testing DataLoader 0:  13%|█▎        | 794/6000 [00:13<01:29, 58.19it/s]Testing DataLoader 0:  13%|█▎        | 795/6000 [00:13<01:29, 58.19it/s]Testing DataLoader 0:  13%|█▎        | 796/6000 [00:13<01:29, 58.19it/s]Testing DataLoader 0:  13%|█▎        | 797/6000 [00:13<01:29, 58.19it/s]Testing DataLoader 0:  13%|█▎        | 798/6000 [00:13<01:29, 58.19it/s]Testing DataLoader 0:  13%|█▎        | 799/6000 [00:13<01:29, 58.19it/s]Testing DataLoader 0:  13%|█▎        | 800/6000 [00:13<01:29, 58.19it/s]Testing DataLoader 0:  13%|█▎        | 801/6000 [00:13<01:29, 58.19it/s]Testing DataLoader 0:  13%|█▎        | 802/6000 [00:13<01:29, 58.19it/s]Testing DataLoader 0:  13%|█▎        | 803/6000 [00:13<01:29, 58.19it/s]Testing DataLoader 0:  13%|█▎        | 804/6000 [00:13<01:29, 58.19it/s]Testing DataLoader 0:  13%|█▎        | 805/6000 [00:13<01:29, 58.19it/s]Testing DataLoader 0:  13%|█▎        | 806/6000 [00:13<01:29, 58.19it/s]Testing DataLoader 0:  13%|█▎        | 807/6000 [00:13<01:29, 58.20it/s]Testing DataLoader 0:  13%|█▎        | 808/6000 [00:13<01:29, 58.20it/s]Testing DataLoader 0:  13%|█▎        | 809/6000 [00:13<01:29, 58.20it/s]Testing DataLoader 0:  14%|█▎        | 810/6000 [00:13<01:29, 58.20it/s]Testing DataLoader 0:  14%|█▎        | 811/6000 [00:13<01:29, 58.20it/s]Testing DataLoader 0:  14%|█▎        | 812/6000 [00:13<01:29, 58.20it/s]Testing DataLoader 0:  14%|█▎        | 813/6000 [00:13<01:29, 58.20it/s]Testing DataLoader 0:  14%|█▎        | 814/6000 [00:13<01:29, 58.21it/s]Testing DataLoader 0:  14%|█▎        | 815/6000 [00:14<01:29, 58.21it/s]Testing DataLoader 0:  14%|█▎        | 816/6000 [00:14<01:29, 58.21it/s]Testing DataLoader 0:  14%|█▎        | 817/6000 [00:14<01:29, 58.21it/s]Testing DataLoader 0:  14%|█▎        | 818/6000 [00:14<01:29, 58.21it/s]Testing DataLoader 0:  14%|█▎        | 819/6000 [00:14<01:28, 58.22it/s]Testing DataLoader 0:  14%|█▎        | 820/6000 [00:14<01:28, 58.22it/s]Testing DataLoader 0:  14%|█▎        | 821/6000 [00:14<01:28, 58.22it/s]Testing DataLoader 0:  14%|█▎        | 822/6000 [00:14<01:28, 58.22it/s]Testing DataLoader 0:  14%|█▎        | 823/6000 [00:14<01:28, 58.22it/s]Testing DataLoader 0:  14%|█▎        | 824/6000 [00:14<01:28, 58.21it/s]Testing DataLoader 0:  14%|█▍        | 825/6000 [00:14<01:28, 58.22it/s]Testing DataLoader 0:  14%|█▍        | 826/6000 [00:14<01:28, 58.22it/s]Testing DataLoader 0:  14%|█▍        | 827/6000 [00:14<01:28, 58.22it/s]Testing DataLoader 0:  14%|█▍        | 828/6000 [00:14<01:28, 58.22it/s]Testing DataLoader 0:  14%|█▍        | 829/6000 [00:14<01:28, 58.22it/s]Testing DataLoader 0:  14%|█▍        | 830/6000 [00:14<01:28, 58.23it/s]Testing DataLoader 0:  14%|█▍        | 831/6000 [00:14<01:28, 58.23it/s]Testing DataLoader 0:  14%|█▍        | 832/6000 [00:14<01:28, 58.23it/s]Testing DataLoader 0:  14%|█▍        | 833/6000 [00:14<01:28, 58.24it/s]Testing DataLoader 0:  14%|█▍        | 834/6000 [00:14<01:28, 58.25it/s]Testing DataLoader 0:  14%|█▍        | 835/6000 [00:14<01:28, 58.25it/s]Testing DataLoader 0:  14%|█▍        | 836/6000 [00:14<01:28, 58.25it/s]Testing DataLoader 0:  14%|█▍        | 837/6000 [00:14<01:28, 58.25it/s]Testing DataLoader 0:  14%|█▍        | 838/6000 [00:14<01:28, 58.26it/s]Testing DataLoader 0:  14%|█▍        | 839/6000 [00:14<01:28, 58.26it/s]Testing DataLoader 0:  14%|█▍        | 840/6000 [00:14<01:28, 58.26it/s]Testing DataLoader 0:  14%|█▍        | 841/6000 [00:14<01:28, 58.27it/s]Testing DataLoader 0:  14%|█▍        | 842/6000 [00:14<01:28, 58.27it/s]Testing DataLoader 0:  14%|█▍        | 843/6000 [00:14<01:28, 58.28it/s]Testing DataLoader 0:  14%|█▍        | 844/6000 [00:14<01:28, 58.28it/s]Testing DataLoader 0:  14%|█▍        | 845/6000 [00:14<01:28, 58.28it/s]Testing DataLoader 0:  14%|█▍        | 846/6000 [00:14<01:28, 58.29it/s]Testing DataLoader 0:  14%|█▍        | 847/6000 [00:14<01:28, 58.29it/s]Testing DataLoader 0:  14%|█▍        | 848/6000 [00:14<01:28, 58.29it/s]Testing DataLoader 0:  14%|█▍        | 849/6000 [00:14<01:28, 58.30it/s]Testing DataLoader 0:  14%|█▍        | 850/6000 [00:14<01:28, 58.30it/s]Testing DataLoader 0:  14%|█▍        | 851/6000 [00:14<01:28, 58.30it/s]Testing DataLoader 0:  14%|█▍        | 852/6000 [00:14<01:28, 58.31it/s]Testing DataLoader 0:  14%|█▍        | 853/6000 [00:14<01:28, 58.31it/s]Testing DataLoader 0:  14%|█▍        | 854/6000 [00:14<01:28, 58.31it/s]Testing DataLoader 0:  14%|█▍        | 855/6000 [00:14<01:28, 58.32it/s]Testing DataLoader 0:  14%|█▍        | 856/6000 [00:14<01:28, 58.32it/s]Testing DataLoader 0:  14%|█▍        | 857/6000 [00:14<01:28, 58.33it/s]Testing DataLoader 0:  14%|█▍        | 858/6000 [00:14<01:28, 58.33it/s]Testing DataLoader 0:  14%|█▍        | 859/6000 [00:14<01:28, 58.33it/s]Testing DataLoader 0:  14%|█▍        | 860/6000 [00:14<01:28, 58.34it/s]Testing DataLoader 0:  14%|█▍        | 861/6000 [00:14<01:28, 58.34it/s]Testing DataLoader 0:  14%|█▍        | 862/6000 [00:14<01:28, 58.34it/s]Testing DataLoader 0:  14%|█▍        | 863/6000 [00:14<01:28, 58.34it/s]Testing DataLoader 0:  14%|█▍        | 864/6000 [00:14<01:28, 58.35it/s]Testing DataLoader 0:  14%|█▍        | 865/6000 [00:14<01:27, 58.35it/s]Testing DataLoader 0:  14%|█▍        | 866/6000 [00:14<01:27, 58.36it/s]Testing DataLoader 0:  14%|█▍        | 867/6000 [00:14<01:27, 58.36it/s]Testing DataLoader 0:  14%|█▍        | 868/6000 [00:14<01:27, 58.37it/s]Testing DataLoader 0:  14%|█▍        | 869/6000 [00:14<01:27, 58.37it/s]Testing DataLoader 0:  14%|█▍        | 870/6000 [00:14<01:27, 58.38it/s]Testing DataLoader 0:  15%|█▍        | 871/6000 [00:14<01:27, 58.38it/s]Testing DataLoader 0:  15%|█▍        | 872/6000 [00:14<01:27, 58.39it/s]Testing DataLoader 0:  15%|█▍        | 873/6000 [00:14<01:27, 58.40it/s]Testing DataLoader 0:  15%|█▍        | 874/6000 [00:14<01:27, 58.40it/s]Testing DataLoader 0:  15%|█▍        | 875/6000 [00:14<01:27, 58.41it/s]Testing DataLoader 0:  15%|█▍        | 876/6000 [00:14<01:27, 58.41it/s]Testing DataLoader 0:  15%|█▍        | 877/6000 [00:15<01:27, 58.41it/s]Testing DataLoader 0:  15%|█▍        | 878/6000 [00:15<01:27, 58.42it/s]Testing DataLoader 0:  15%|█▍        | 879/6000 [00:15<01:27, 58.42it/s]Testing DataLoader 0:  15%|█▍        | 880/6000 [00:15<01:27, 58.42it/s]Testing DataLoader 0:  15%|█▍        | 881/6000 [00:15<01:27, 58.43it/s]Testing DataLoader 0:  15%|█▍        | 882/6000 [00:15<01:27, 58.43it/s]Testing DataLoader 0:  15%|█▍        | 883/6000 [00:15<01:27, 58.44it/s]Testing DataLoader 0:  15%|█▍        | 884/6000 [00:15<01:27, 58.44it/s]Testing DataLoader 0:  15%|█▍        | 885/6000 [00:15<01:27, 58.44it/s]Testing DataLoader 0:  15%|█▍        | 886/6000 [00:15<01:27, 58.45it/s]Testing DataLoader 0:  15%|█▍        | 887/6000 [00:15<01:27, 58.45it/s]Testing DataLoader 0:  15%|█▍        | 888/6000 [00:15<01:27, 58.45it/s]Testing DataLoader 0:  15%|█▍        | 889/6000 [00:15<01:27, 58.46it/s]Testing DataLoader 0:  15%|█▍        | 890/6000 [00:15<01:27, 58.46it/s]Testing DataLoader 0:  15%|█▍        | 891/6000 [00:15<01:27, 58.47it/s]Testing DataLoader 0:  15%|█▍        | 892/6000 [00:15<01:27, 58.47it/s]Testing DataLoader 0:  15%|█▍        | 893/6000 [00:15<01:27, 58.48it/s]Testing DataLoader 0:  15%|█▍        | 894/6000 [00:15<01:27, 58.48it/s]Testing DataLoader 0:  15%|█▍        | 895/6000 [00:15<01:27, 58.48it/s]Testing DataLoader 0:  15%|█▍        | 896/6000 [00:15<01:27, 58.49it/s]Testing DataLoader 0:  15%|█▍        | 897/6000 [00:15<01:27, 58.49it/s]Testing DataLoader 0:  15%|█▍        | 898/6000 [00:15<01:27, 58.50it/s]Testing DataLoader 0:  15%|█▍        | 899/6000 [00:15<01:27, 58.50it/s]Testing DataLoader 0:  15%|█▌        | 900/6000 [00:15<01:27, 58.50it/s]Testing DataLoader 0:  15%|█▌        | 901/6000 [00:15<01:27, 58.51it/s]Testing DataLoader 0:  15%|█▌        | 902/6000 [00:15<01:27, 58.51it/s]Testing DataLoader 0:  15%|█▌        | 903/6000 [00:15<01:27, 58.52it/s]Testing DataLoader 0:  15%|█▌        | 904/6000 [00:15<01:27, 58.52it/s]Testing DataLoader 0:  15%|█▌        | 905/6000 [00:15<01:27, 58.53it/s]Testing DataLoader 0:  15%|█▌        | 906/6000 [00:15<01:27, 58.53it/s]Testing DataLoader 0:  15%|█▌        | 907/6000 [00:15<01:27, 58.54it/s]Testing DataLoader 0:  15%|█▌        | 908/6000 [00:15<01:26, 58.54it/s]Testing DataLoader 0:  15%|█▌        | 909/6000 [00:15<01:26, 58.55it/s]Testing DataLoader 0:  15%|█▌        | 910/6000 [00:15<01:26, 58.55it/s]Testing DataLoader 0:  15%|█▌        | 911/6000 [00:15<01:26, 58.55it/s]Testing DataLoader 0:  15%|█▌        | 912/6000 [00:15<01:26, 58.56it/s]Testing DataLoader 0:  15%|█▌        | 913/6000 [00:15<01:26, 58.56it/s]Testing DataLoader 0:  15%|█▌        | 914/6000 [00:15<01:26, 58.57it/s]Testing DataLoader 0:  15%|█▌        | 915/6000 [00:15<01:26, 58.57it/s]Testing DataLoader 0:  15%|█▌        | 916/6000 [00:15<01:26, 58.57it/s]Testing DataLoader 0:  15%|█▌        | 917/6000 [00:15<01:26, 58.58it/s]Testing DataLoader 0:  15%|█▌        | 918/6000 [00:15<01:26, 58.58it/s]Testing DataLoader 0:  15%|█▌        | 919/6000 [00:15<01:26, 58.58it/s]Testing DataLoader 0:  15%|█▌        | 920/6000 [00:15<01:26, 58.59it/s]Testing DataLoader 0:  15%|█▌        | 921/6000 [00:15<01:26, 58.59it/s]Testing DataLoader 0:  15%|█▌        | 922/6000 [00:15<01:26, 58.59it/s]Testing DataLoader 0:  15%|█▌        | 923/6000 [00:15<01:26, 58.60it/s]Testing DataLoader 0:  15%|█▌        | 924/6000 [00:15<01:26, 58.60it/s]Testing DataLoader 0:  15%|█▌        | 925/6000 [00:15<01:26, 58.61it/s]Testing DataLoader 0:  15%|█▌        | 926/6000 [00:15<01:26, 58.61it/s]Testing DataLoader 0:  15%|█▌        | 927/6000 [00:15<01:26, 58.62it/s]Testing DataLoader 0:  15%|█▌        | 928/6000 [00:15<01:26, 58.62it/s]Testing DataLoader 0:  15%|█▌        | 929/6000 [00:15<01:26, 58.63it/s]Testing DataLoader 0:  16%|█▌        | 930/6000 [00:15<01:26, 58.63it/s]Testing DataLoader 0:  16%|█▌        | 931/6000 [00:15<01:26, 58.63it/s]Testing DataLoader 0:  16%|█▌        | 932/6000 [00:15<01:26, 58.64it/s]Testing DataLoader 0:  16%|█▌        | 933/6000 [00:15<01:26, 58.64it/s]Testing DataLoader 0:  16%|█▌        | 934/6000 [00:15<01:26, 58.64it/s]Testing DataLoader 0:  16%|█▌        | 935/6000 [00:15<01:26, 58.65it/s]Testing DataLoader 0:  16%|█▌        | 936/6000 [00:15<01:26, 58.65it/s]Testing DataLoader 0:  16%|█▌        | 937/6000 [00:15<01:26, 58.65it/s]Testing DataLoader 0:  16%|█▌        | 938/6000 [00:15<01:26, 58.66it/s]Testing DataLoader 0:  16%|█▌        | 939/6000 [00:16<01:26, 58.66it/s]Testing DataLoader 0:  16%|█▌        | 940/6000 [00:16<01:26, 58.67it/s]Testing DataLoader 0:  16%|█▌        | 941/6000 [00:16<01:26, 58.67it/s]Testing DataLoader 0:  16%|█▌        | 942/6000 [00:16<01:26, 58.67it/s]Testing DataLoader 0:  16%|█▌        | 943/6000 [00:16<01:26, 58.68it/s]Testing DataLoader 0:  16%|█▌        | 944/6000 [00:16<01:26, 58.68it/s]Testing DataLoader 0:  16%|█▌        | 945/6000 [00:16<01:26, 58.69it/s]Testing DataLoader 0:  16%|█▌        | 946/6000 [00:16<01:26, 58.69it/s]Testing DataLoader 0:  16%|█▌        | 947/6000 [00:16<01:26, 58.69it/s]Testing DataLoader 0:  16%|█▌        | 948/6000 [00:16<01:26, 58.70it/s]Testing DataLoader 0:  16%|█▌        | 949/6000 [00:16<01:26, 58.70it/s]Testing DataLoader 0:  16%|█▌        | 950/6000 [00:16<01:26, 58.71it/s]Testing DataLoader 0:  16%|█▌        | 951/6000 [00:16<01:26, 58.71it/s]Testing DataLoader 0:  16%|█▌        | 952/6000 [00:16<01:25, 58.71it/s]Testing DataLoader 0:  16%|█▌        | 953/6000 [00:16<01:25, 58.72it/s]Testing DataLoader 0:  16%|█▌        | 954/6000 [00:16<01:25, 58.72it/s]Testing DataLoader 0:  16%|█▌        | 955/6000 [00:16<01:25, 58.72it/s]Testing DataLoader 0:  16%|█▌        | 956/6000 [00:16<01:25, 58.73it/s]Testing DataLoader 0:  16%|█▌        | 957/6000 [00:16<01:25, 58.73it/s]Testing DataLoader 0:  16%|█▌        | 958/6000 [00:16<01:25, 58.73it/s]Testing DataLoader 0:  16%|█▌        | 959/6000 [00:16<01:25, 58.73it/s]Testing DataLoader 0:  16%|█▌        | 960/6000 [00:16<01:25, 58.74it/s]Testing DataLoader 0:  16%|█▌        | 961/6000 [00:16<01:25, 58.74it/s]Testing DataLoader 0:  16%|█▌        | 962/6000 [00:16<01:25, 58.74it/s]Testing DataLoader 0:  16%|█▌        | 963/6000 [00:16<01:25, 58.74it/s]Testing DataLoader 0:  16%|█▌        | 964/6000 [00:16<01:25, 58.75it/s]Testing DataLoader 0:  16%|█▌        | 965/6000 [00:16<01:25, 58.75it/s]Testing DataLoader 0:  16%|█▌        | 966/6000 [00:16<01:25, 58.75it/s]Testing DataLoader 0:  16%|█▌        | 967/6000 [00:16<01:25, 58.75it/s]Testing DataLoader 0:  16%|█▌        | 968/6000 [00:16<01:25, 58.76it/s]Testing DataLoader 0:  16%|█▌        | 969/6000 [00:16<01:25, 58.76it/s]Testing DataLoader 0:  16%|█▌        | 970/6000 [00:16<01:25, 58.76it/s]Testing DataLoader 0:  16%|█▌        | 971/6000 [00:16<01:25, 58.76it/s]Testing DataLoader 0:  16%|█▌        | 972/6000 [00:16<01:25, 58.76it/s]Testing DataLoader 0:  16%|█▌        | 973/6000 [00:16<01:25, 58.77it/s]Testing DataLoader 0:  16%|█▌        | 974/6000 [00:16<01:25, 58.77it/s]Testing DataLoader 0:  16%|█▋        | 975/6000 [00:16<01:25, 58.77it/s]Testing DataLoader 0:  16%|█▋        | 976/6000 [00:16<01:25, 58.78it/s]Testing DataLoader 0:  16%|█▋        | 977/6000 [00:16<01:25, 58.78it/s]Testing DataLoader 0:  16%|█▋        | 978/6000 [00:16<01:25, 58.78it/s]Testing DataLoader 0:  16%|█▋        | 979/6000 [00:16<01:25, 58.78it/s]Testing DataLoader 0:  16%|█▋        | 980/6000 [00:16<01:25, 58.78it/s]Testing DataLoader 0:  16%|█▋        | 981/6000 [00:16<01:25, 58.79it/s]Testing DataLoader 0:  16%|█▋        | 982/6000 [00:16<01:25, 58.79it/s]Testing DataLoader 0:  16%|█▋        | 983/6000 [00:16<01:25, 58.79it/s]Testing DataLoader 0:  16%|█▋        | 984/6000 [00:16<01:25, 58.79it/s]Testing DataLoader 0:  16%|█▋        | 985/6000 [00:16<01:25, 58.79it/s]Testing DataLoader 0:  16%|█▋        | 986/6000 [00:16<01:25, 58.79it/s]Testing DataLoader 0:  16%|█▋        | 987/6000 [00:16<01:25, 58.80it/s]Testing DataLoader 0:  16%|█▋        | 988/6000 [00:16<01:25, 58.80it/s]Testing DataLoader 0:  16%|█▋        | 989/6000 [00:16<01:25, 58.80it/s]Testing DataLoader 0:  16%|█▋        | 990/6000 [00:16<01:25, 58.80it/s]Testing DataLoader 0:  17%|█▋        | 991/6000 [00:16<01:25, 58.80it/s]Testing DataLoader 0:  17%|█▋        | 992/6000 [00:16<01:25, 58.81it/s]Testing DataLoader 0:  17%|█▋        | 993/6000 [00:16<01:25, 58.81it/s]Testing DataLoader 0:  17%|█▋        | 994/6000 [00:16<01:25, 58.81it/s]Testing DataLoader 0:  17%|█▋        | 995/6000 [00:16<01:25, 58.81it/s]Testing DataLoader 0:  17%|█▋        | 996/6000 [00:16<01:25, 58.81it/s]Testing DataLoader 0:  17%|█▋        | 997/6000 [00:16<01:25, 58.81it/s]Testing DataLoader 0:  17%|█▋        | 998/6000 [00:16<01:25, 58.82it/s]Testing DataLoader 0:  17%|█▋        | 999/6000 [00:16<01:25, 58.82it/s]Testing DataLoader 0:  17%|█▋        | 1000/6000 [00:17<01:25, 58.82it/s]Testing DataLoader 0:  17%|█▋        | 1001/6000 [00:17<01:24, 58.82it/s]Testing DataLoader 0:  17%|█▋        | 1002/6000 [00:17<01:24, 58.82it/s]Testing DataLoader 0:  17%|█▋        | 1003/6000 [00:17<01:24, 58.82it/s]Testing DataLoader 0:  17%|█▋        | 1004/6000 [00:17<01:24, 58.83it/s]Testing DataLoader 0:  17%|█▋        | 1005/6000 [00:17<01:24, 58.83it/s]Testing DataLoader 0:  17%|█▋        | 1006/6000 [00:17<01:24, 58.83it/s]Testing DataLoader 0:  17%|█▋        | 1007/6000 [00:17<01:24, 58.83it/s]Testing DataLoader 0:  17%|█▋        | 1008/6000 [00:17<01:24, 58.83it/s]Testing DataLoader 0:  17%|█▋        | 1009/6000 [00:17<01:24, 58.83it/s]Testing DataLoader 0:  17%|█▋        | 1010/6000 [00:17<01:24, 58.84it/s]Testing DataLoader 0:  17%|█▋        | 1011/6000 [00:17<01:24, 58.84it/s]Testing DataLoader 0:  17%|█▋        | 1012/6000 [00:17<01:24, 58.84it/s]Testing DataLoader 0:  17%|█▋        | 1013/6000 [00:17<01:24, 58.84it/s]Testing DataLoader 0:  17%|█▋        | 1014/6000 [00:17<01:24, 58.84it/s]Testing DataLoader 0:  17%|█▋        | 1015/6000 [00:17<01:24, 58.85it/s]Testing DataLoader 0:  17%|█▋        | 1016/6000 [00:17<01:24, 58.85it/s]Testing DataLoader 0:  17%|█▋        | 1017/6000 [00:17<01:24, 58.85it/s]Testing DataLoader 0:  17%|█▋        | 1018/6000 [00:17<01:24, 58.85it/s]Testing DataLoader 0:  17%|█▋        | 1019/6000 [00:17<01:24, 58.85it/s]Testing DataLoader 0:  17%|█▋        | 1020/6000 [00:17<01:24, 58.85it/s]Testing DataLoader 0:  17%|█▋        | 1021/6000 [00:17<01:24, 58.86it/s]Testing DataLoader 0:  17%|█▋        | 1022/6000 [00:17<01:24, 58.86it/s]Testing DataLoader 0:  17%|█▋        | 1023/6000 [00:17<01:24, 58.86it/s]Testing DataLoader 0:  17%|█▋        | 1024/6000 [00:17<01:24, 58.87it/s]Testing DataLoader 0:  17%|█▋        | 1025/6000 [00:17<01:24, 58.87it/s]Testing DataLoader 0:  17%|█▋        | 1026/6000 [00:17<01:24, 58.87it/s]Testing DataLoader 0:  17%|█▋        | 1027/6000 [00:17<01:24, 58.87it/s]Testing DataLoader 0:  17%|█▋        | 1028/6000 [00:17<01:24, 58.87it/s]Testing DataLoader 0:  17%|█▋        | 1029/6000 [00:17<01:24, 58.87it/s]Testing DataLoader 0:  17%|█▋        | 1030/6000 [00:17<01:24, 58.88it/s]Testing DataLoader 0:  17%|█▋        | 1031/6000 [00:17<01:24, 58.88it/s]Testing DataLoader 0:  17%|█▋        | 1032/6000 [00:17<01:24, 58.88it/s]Testing DataLoader 0:  17%|█▋        | 1033/6000 [00:17<01:24, 58.88it/s]Testing DataLoader 0:  17%|█▋        | 1034/6000 [00:17<01:24, 58.88it/s]Testing DataLoader 0:  17%|█▋        | 1035/6000 [00:17<01:24, 58.89it/s]Testing DataLoader 0:  17%|█▋        | 1036/6000 [00:17<01:24, 58.89it/s]Testing DataLoader 0:  17%|█▋        | 1037/6000 [00:17<01:24, 58.89it/s]Testing DataLoader 0:  17%|█▋        | 1038/6000 [00:17<01:24, 58.89it/s]Testing DataLoader 0:  17%|█▋        | 1039/6000 [00:17<01:24, 58.89it/s]Testing DataLoader 0:  17%|█▋        | 1040/6000 [00:17<01:24, 58.89it/s]Testing DataLoader 0:  17%|█▋        | 1041/6000 [00:17<01:24, 58.90it/s]Testing DataLoader 0:  17%|█▋        | 1042/6000 [00:17<01:24, 58.90it/s]Testing DataLoader 0:  17%|█▋        | 1043/6000 [00:17<01:24, 58.90it/s]Testing DataLoader 0:  17%|█▋        | 1044/6000 [00:17<01:24, 58.90it/s]Testing DataLoader 0:  17%|█▋        | 1045/6000 [00:17<01:24, 58.90it/s]Testing DataLoader 0:  17%|█▋        | 1046/6000 [00:17<01:24, 58.90it/s]Testing DataLoader 0:  17%|█▋        | 1047/6000 [00:17<01:24, 58.90it/s]Testing DataLoader 0:  17%|█▋        | 1048/6000 [00:17<01:24, 58.90it/s]Testing DataLoader 0:  17%|█▋        | 1049/6000 [00:17<01:24, 58.90it/s]Testing DataLoader 0:  18%|█▊        | 1050/6000 [00:17<01:24, 58.90it/s]Testing DataLoader 0:  18%|█▊        | 1051/6000 [00:17<01:24, 58.91it/s]Testing DataLoader 0:  18%|█▊        | 1052/6000 [00:17<01:23, 58.91it/s]Testing DataLoader 0:  18%|█▊        | 1053/6000 [00:17<01:23, 58.91it/s]Testing DataLoader 0:  18%|█▊        | 1054/6000 [00:17<01:23, 58.91it/s]Testing DataLoader 0:  18%|█▊        | 1055/6000 [00:17<01:23, 58.91it/s]Testing DataLoader 0:  18%|█▊        | 1056/6000 [00:17<01:23, 58.92it/s]Testing DataLoader 0:  18%|█▊        | 1057/6000 [00:17<01:23, 58.92it/s]Testing DataLoader 0:  18%|█▊        | 1058/6000 [00:17<01:23, 58.92it/s]Testing DataLoader 0:  18%|█▊        | 1059/6000 [00:17<01:23, 58.92it/s]Testing DataLoader 0:  18%|█▊        | 1060/6000 [00:17<01:23, 58.92it/s]Testing DataLoader 0:  18%|█▊        | 1061/6000 [00:18<01:23, 58.92it/s]Testing DataLoader 0:  18%|█▊        | 1062/6000 [00:18<01:23, 58.93it/s]Testing DataLoader 0:  18%|█▊        | 1063/6000 [00:18<01:23, 58.93it/s]Testing DataLoader 0:  18%|█▊        | 1064/6000 [00:18<01:23, 58.93it/s]Testing DataLoader 0:  18%|█▊        | 1065/6000 [00:18<01:23, 58.93it/s]Testing DataLoader 0:  18%|█▊        | 1066/6000 [00:18<01:23, 58.94it/s]Testing DataLoader 0:  18%|█▊        | 1067/6000 [00:18<01:23, 58.94it/s]Testing DataLoader 0:  18%|█▊        | 1068/6000 [00:18<01:23, 58.94it/s]Testing DataLoader 0:  18%|█▊        | 1069/6000 [00:18<01:23, 58.94it/s]Testing DataLoader 0:  18%|█▊        | 1070/6000 [00:18<01:23, 58.94it/s]Testing DataLoader 0:  18%|█▊        | 1071/6000 [00:18<01:23, 58.95it/s]Testing DataLoader 0:  18%|█▊        | 1072/6000 [00:18<01:23, 58.95it/s]Testing DataLoader 0:  18%|█▊        | 1073/6000 [00:18<01:23, 58.95it/s]Testing DataLoader 0:  18%|█▊        | 1074/6000 [00:18<01:23, 58.95it/s]Testing DataLoader 0:  18%|█▊        | 1075/6000 [00:18<01:23, 58.95it/s]Testing DataLoader 0:  18%|█▊        | 1076/6000 [00:18<01:23, 58.96it/s]Testing DataLoader 0:  18%|█▊        | 1077/6000 [00:18<01:23, 58.96it/s]Testing DataLoader 0:  18%|█▊        | 1078/6000 [00:18<01:23, 58.96it/s]Testing DataLoader 0:  18%|█▊        | 1079/6000 [00:18<01:23, 58.96it/s]Testing DataLoader 0:  18%|█▊        | 1080/6000 [00:18<01:23, 58.96it/s]Testing DataLoader 0:  18%|█▊        | 1081/6000 [00:18<01:23, 58.96it/s]Testing DataLoader 0:  18%|█▊        | 1082/6000 [00:18<01:23, 58.97it/s]Testing DataLoader 0:  18%|█▊        | 1083/6000 [00:18<01:23, 58.97it/s]Testing DataLoader 0:  18%|█▊        | 1084/6000 [00:18<01:23, 58.97it/s]Testing DataLoader 0:  18%|█▊        | 1085/6000 [00:18<01:23, 58.97it/s]Testing DataLoader 0:  18%|█▊        | 1086/6000 [00:18<01:23, 58.97it/s]Testing DataLoader 0:  18%|█▊        | 1087/6000 [00:18<01:23, 58.97it/s]Testing DataLoader 0:  18%|█▊        | 1088/6000 [00:18<01:23, 58.97it/s]Testing DataLoader 0:  18%|█▊        | 1089/6000 [00:18<01:23, 58.98it/s]Testing DataLoader 0:  18%|█▊        | 1090/6000 [00:18<01:23, 58.98it/s]Testing DataLoader 0:  18%|█▊        | 1091/6000 [00:18<01:23, 58.98it/s]Testing DataLoader 0:  18%|█▊        | 1092/6000 [00:18<01:23, 58.98it/s]Testing DataLoader 0:  18%|█▊        | 1093/6000 [00:18<01:23, 58.98it/s]Testing DataLoader 0:  18%|█▊        | 1094/6000 [00:18<01:23, 58.98it/s]Testing DataLoader 0:  18%|█▊        | 1095/6000 [00:18<01:23, 58.99it/s]Testing DataLoader 0:  18%|█▊        | 1096/6000 [00:18<01:23, 58.99it/s]Testing DataLoader 0:  18%|█▊        | 1097/6000 [00:18<01:23, 58.99it/s]Testing DataLoader 0:  18%|█▊        | 1098/6000 [00:18<01:23, 58.99it/s]Testing DataLoader 0:  18%|█▊        | 1099/6000 [00:18<01:23, 58.99it/s]Testing DataLoader 0:  18%|█▊        | 1100/6000 [00:18<01:23, 58.99it/s]Testing DataLoader 0:  18%|█▊        | 1101/6000 [00:18<01:23, 58.99it/s]Testing DataLoader 0:  18%|█▊        | 1102/6000 [00:18<01:23, 58.99it/s]Testing DataLoader 0:  18%|█▊        | 1103/6000 [00:18<01:23, 59.00it/s]Testing DataLoader 0:  18%|█▊        | 1104/6000 [00:18<01:22, 59.00it/s]Testing DataLoader 0:  18%|█▊        | 1105/6000 [00:18<01:22, 59.00it/s]Testing DataLoader 0:  18%|█▊        | 1106/6000 [00:18<01:22, 59.00it/s]Testing DataLoader 0:  18%|█▊        | 1107/6000 [00:18<01:22, 59.00it/s]Testing DataLoader 0:  18%|█▊        | 1108/6000 [00:18<01:22, 59.00it/s]Testing DataLoader 0:  18%|█▊        | 1109/6000 [00:18<01:22, 59.01it/s]Testing DataLoader 0:  18%|█▊        | 1110/6000 [00:18<01:22, 59.01it/s]Testing DataLoader 0:  19%|█▊        | 1111/6000 [00:18<01:22, 59.01it/s]Testing DataLoader 0:  19%|█▊        | 1112/6000 [00:18<01:22, 59.01it/s]Testing DataLoader 0:  19%|█▊        | 1113/6000 [00:18<01:22, 59.01it/s]Testing DataLoader 0:  19%|█▊        | 1114/6000 [00:18<01:22, 59.01it/s]Testing DataLoader 0:  19%|█▊        | 1115/6000 [00:18<01:22, 59.02it/s]Testing DataLoader 0:  19%|█▊        | 1116/6000 [00:18<01:22, 59.02it/s]Testing DataLoader 0:  19%|█▊        | 1117/6000 [00:18<01:22, 59.02it/s]Testing DataLoader 0:  19%|█▊        | 1118/6000 [00:18<01:22, 59.02it/s]Testing DataLoader 0:  19%|█▊        | 1119/6000 [00:18<01:22, 59.02it/s]Testing DataLoader 0:  19%|█▊        | 1120/6000 [00:18<01:22, 59.02it/s]Testing DataLoader 0:  19%|█▊        | 1121/6000 [00:18<01:22, 59.02it/s]Testing DataLoader 0:  19%|█▊        | 1122/6000 [00:19<01:22, 59.02it/s]Testing DataLoader 0:  19%|█▊        | 1123/6000 [00:19<01:22, 59.02it/s]Testing DataLoader 0:  19%|█▊        | 1124/6000 [00:19<01:22, 59.03it/s]Testing DataLoader 0:  19%|█▉        | 1125/6000 [00:19<01:22, 59.03it/s]Testing DataLoader 0:  19%|█▉        | 1126/6000 [00:19<01:22, 59.03it/s]Testing DataLoader 0:  19%|█▉        | 1127/6000 [00:19<01:22, 59.03it/s]Testing DataLoader 0:  19%|█▉        | 1128/6000 [00:19<01:22, 59.03it/s]Testing DataLoader 0:  19%|█▉        | 1129/6000 [00:19<01:22, 59.03it/s]Testing DataLoader 0:  19%|█▉        | 1130/6000 [00:19<01:22, 59.03it/s]Testing DataLoader 0:  19%|█▉        | 1131/6000 [00:19<01:22, 59.04it/s]Testing DataLoader 0:  19%|█▉        | 1132/6000 [00:19<01:22, 59.04it/s]Testing DataLoader 0:  19%|█▉        | 1133/6000 [00:19<01:22, 59.04it/s]Testing DataLoader 0:  19%|█▉        | 1134/6000 [00:19<01:22, 59.04it/s]Testing DataLoader 0:  19%|█▉        | 1135/6000 [00:19<01:22, 59.04it/s]Testing DataLoader 0:  19%|█▉        | 1136/6000 [00:19<01:22, 59.04it/s]Testing DataLoader 0:  19%|█▉        | 1137/6000 [00:19<01:22, 59.04it/s]Testing DataLoader 0:  19%|█▉        | 1138/6000 [00:19<01:22, 59.04it/s]Testing DataLoader 0:  19%|█▉        | 1139/6000 [00:19<01:22, 59.05it/s]Testing DataLoader 0:  19%|█▉        | 1140/6000 [00:19<01:22, 59.05it/s]Testing DataLoader 0:  19%|█▉        | 1141/6000 [00:19<01:22, 59.05it/s]Testing DataLoader 0:  19%|█▉        | 1142/6000 [00:19<01:22, 59.05it/s]Testing DataLoader 0:  19%|█▉        | 1143/6000 [00:19<01:22, 59.05it/s]Testing DataLoader 0:  19%|█▉        | 1144/6000 [00:19<01:22, 59.05it/s]Testing DataLoader 0:  19%|█▉        | 1145/6000 [00:19<01:22, 59.05it/s]Testing DataLoader 0:  19%|█▉        | 1146/6000 [00:19<01:22, 59.06it/s]Testing DataLoader 0:  19%|█▉        | 1147/6000 [00:19<01:22, 59.06it/s]Testing DataLoader 0:  19%|█▉        | 1148/6000 [00:19<01:22, 59.06it/s]Testing DataLoader 0:  19%|█▉        | 1149/6000 [00:19<01:22, 59.06it/s]Testing DataLoader 0:  19%|█▉        | 1150/6000 [00:19<01:22, 59.06it/s]Testing DataLoader 0:  19%|█▉        | 1151/6000 [00:19<01:22, 59.06it/s]Testing DataLoader 0:  19%|█▉        | 1152/6000 [00:19<01:22, 59.07it/s]Testing DataLoader 0:  19%|█▉        | 1153/6000 [00:19<01:22, 59.07it/s]Testing DataLoader 0:  19%|█▉        | 1154/6000 [00:19<01:22, 59.07it/s]Testing DataLoader 0:  19%|█▉        | 1155/6000 [00:19<01:22, 59.07it/s]Testing DataLoader 0:  19%|█▉        | 1156/6000 [00:19<01:22, 59.07it/s]Testing DataLoader 0:  19%|█▉        | 1157/6000 [00:19<01:21, 59.07it/s]Testing DataLoader 0:  19%|█▉        | 1158/6000 [00:19<01:21, 59.07it/s]Testing DataLoader 0:  19%|█▉        | 1159/6000 [00:19<01:21, 59.08it/s]Testing DataLoader 0:  19%|█▉        | 1160/6000 [00:19<01:21, 59.08it/s]Testing DataLoader 0:  19%|█▉        | 1161/6000 [00:19<01:21, 59.08it/s]Testing DataLoader 0:  19%|█▉        | 1162/6000 [00:19<01:21, 59.08it/s]Testing DataLoader 0:  19%|█▉        | 1163/6000 [00:19<01:21, 59.08it/s]Testing DataLoader 0:  19%|█▉        | 1164/6000 [00:19<01:21, 59.08it/s]Testing DataLoader 0:  19%|█▉        | 1165/6000 [00:19<01:21, 59.09it/s]Testing DataLoader 0:  19%|█▉        | 1166/6000 [00:19<01:21, 59.09it/s]Testing DataLoader 0:  19%|█▉        | 1167/6000 [00:19<01:21, 59.09it/s]Testing DataLoader 0:  19%|█▉        | 1168/6000 [00:19<01:21, 59.09it/s]Testing DataLoader 0:  19%|█▉        | 1169/6000 [00:19<01:21, 59.09it/s]Testing DataLoader 0:  20%|█▉        | 1170/6000 [00:19<01:21, 59.09it/s]Testing DataLoader 0:  20%|█▉        | 1171/6000 [00:19<01:21, 59.09it/s]Testing DataLoader 0:  20%|█▉        | 1172/6000 [00:19<01:21, 59.10it/s]Testing DataLoader 0:  20%|█▉        | 1173/6000 [00:19<01:21, 59.10it/s]Testing DataLoader 0:  20%|█▉        | 1174/6000 [00:19<01:21, 59.10it/s]Testing DataLoader 0:  20%|█▉        | 1175/6000 [00:19<01:21, 59.10it/s]Testing DataLoader 0:  20%|█▉        | 1176/6000 [00:19<01:21, 59.10it/s]Testing DataLoader 0:  20%|█▉        | 1177/6000 [00:19<01:21, 59.10it/s]Testing DataLoader 0:  20%|█▉        | 1178/6000 [00:19<01:21, 59.10it/s]Testing DataLoader 0:  20%|█▉        | 1179/6000 [00:19<01:21, 59.11it/s]Testing DataLoader 0:  20%|█▉        | 1180/6000 [00:19<01:21, 59.11it/s]Testing DataLoader 0:  20%|█▉        | 1181/6000 [00:19<01:21, 59.11it/s]Testing DataLoader 0:  20%|█▉        | 1182/6000 [00:19<01:21, 59.11it/s]Testing DataLoader 0:  20%|█▉        | 1183/6000 [00:20<01:21, 59.11it/s]Testing DataLoader 0:  20%|█▉        | 1184/6000 [00:20<01:21, 59.11it/s]Testing DataLoader 0:  20%|█▉        | 1185/6000 [00:20<01:21, 59.11it/s]Testing DataLoader 0:  20%|█▉        | 1186/6000 [00:20<01:21, 59.11it/s]Testing DataLoader 0:  20%|█▉        | 1187/6000 [00:20<01:21, 59.12it/s]Testing DataLoader 0:  20%|█▉        | 1188/6000 [00:20<01:21, 59.12it/s]Testing DataLoader 0:  20%|█▉        | 1189/6000 [00:20<01:21, 59.12it/s]Testing DataLoader 0:  20%|█▉        | 1190/6000 [00:20<01:21, 59.12it/s]Testing DataLoader 0:  20%|█▉        | 1191/6000 [00:20<01:21, 59.12it/s]Testing DataLoader 0:  20%|█▉        | 1192/6000 [00:20<01:21, 59.12it/s]Testing DataLoader 0:  20%|█▉        | 1193/6000 [00:20<01:21, 59.13it/s]Testing DataLoader 0:  20%|█▉        | 1194/6000 [00:20<01:21, 59.13it/s]Testing DataLoader 0:  20%|█▉        | 1195/6000 [00:20<01:21, 59.13it/s]Testing DataLoader 0:  20%|█▉        | 1196/6000 [00:20<01:21, 59.13it/s]Testing DataLoader 0:  20%|█▉        | 1197/6000 [00:20<01:21, 59.13it/s]Testing DataLoader 0:  20%|█▉        | 1198/6000 [00:20<01:21, 59.13it/s]Testing DataLoader 0:  20%|█▉        | 1199/6000 [00:20<01:21, 59.13it/s]Testing DataLoader 0:  20%|██        | 1200/6000 [00:20<01:21, 59.13it/s]Testing DataLoader 0:  20%|██        | 1201/6000 [00:20<01:21, 59.14it/s]Testing DataLoader 0:  20%|██        | 1202/6000 [00:20<01:21, 59.14it/s]Testing DataLoader 0:  20%|██        | 1203/6000 [00:20<01:21, 59.14it/s]Testing DataLoader 0:  20%|██        | 1204/6000 [00:20<01:21, 59.14it/s]Testing DataLoader 0:  20%|██        | 1205/6000 [00:20<01:21, 59.14it/s]Testing DataLoader 0:  20%|██        | 1206/6000 [00:20<01:21, 59.14it/s]Testing DataLoader 0:  20%|██        | 1207/6000 [00:20<01:21, 59.15it/s]Testing DataLoader 0:  20%|██        | 1208/6000 [00:20<01:21, 59.15it/s]Testing DataLoader 0:  20%|██        | 1209/6000 [00:20<01:20, 59.15it/s]Testing DataLoader 0:  20%|██        | 1210/6000 [00:20<01:20, 59.15it/s]Testing DataLoader 0:  20%|██        | 1211/6000 [00:20<01:20, 59.15it/s]Testing DataLoader 0:  20%|██        | 1212/6000 [00:20<01:20, 59.15it/s]Testing DataLoader 0:  20%|██        | 1213/6000 [00:20<01:20, 59.16it/s]Testing DataLoader 0:  20%|██        | 1214/6000 [00:20<01:20, 59.16it/s]Testing DataLoader 0:  20%|██        | 1215/6000 [00:20<01:20, 59.16it/s]Testing DataLoader 0:  20%|██        | 1216/6000 [00:20<01:20, 59.17it/s]Testing DataLoader 0:  20%|██        | 1217/6000 [00:20<01:20, 59.17it/s]Testing DataLoader 0:  20%|██        | 1218/6000 [00:20<01:20, 59.17it/s]Testing DataLoader 0:  20%|██        | 1219/6000 [00:20<01:20, 59.17it/s]Testing DataLoader 0:  20%|██        | 1220/6000 [00:20<01:20, 59.17it/s]Testing DataLoader 0:  20%|██        | 1221/6000 [00:20<01:20, 59.17it/s]Testing DataLoader 0:  20%|██        | 1222/6000 [00:20<01:20, 59.17it/s]Testing DataLoader 0:  20%|██        | 1223/6000 [00:20<01:20, 59.18it/s]Testing DataLoader 0:  20%|██        | 1224/6000 [00:20<01:20, 59.18it/s]Testing DataLoader 0:  20%|██        | 1225/6000 [00:20<01:20, 59.18it/s]Testing DataLoader 0:  20%|██        | 1226/6000 [00:20<01:20, 59.18it/s]Testing DataLoader 0:  20%|██        | 1227/6000 [00:20<01:20, 59.18it/s]Testing DataLoader 0:  20%|██        | 1228/6000 [00:20<01:20, 59.18it/s]Testing DataLoader 0:  20%|██        | 1229/6000 [00:20<01:20, 59.19it/s]Testing DataLoader 0:  20%|██        | 1230/6000 [00:20<01:20, 59.19it/s]Testing DataLoader 0:  21%|██        | 1231/6000 [00:20<01:20, 59.19it/s]Testing DataLoader 0:  21%|██        | 1232/6000 [00:20<01:20, 59.19it/s]Testing DataLoader 0:  21%|██        | 1233/6000 [00:20<01:20, 59.19it/s]Testing DataLoader 0:  21%|██        | 1234/6000 [00:20<01:20, 59.19it/s]Testing DataLoader 0:  21%|██        | 1235/6000 [00:20<01:20, 59.19it/s]Testing DataLoader 0:  21%|██        | 1236/6000 [00:20<01:20, 59.19it/s]Testing DataLoader 0:  21%|██        | 1237/6000 [00:20<01:20, 59.18it/s]Testing DataLoader 0:  21%|██        | 1238/6000 [00:20<01:20, 59.18it/s]Testing DataLoader 0:  21%|██        | 1239/6000 [00:20<01:20, 59.19it/s]Testing DataLoader 0:  21%|██        | 1240/6000 [00:20<01:20, 59.19it/s]Testing DataLoader 0:  21%|██        | 1241/6000 [00:20<01:20, 59.19it/s]Testing DataLoader 0:  21%|██        | 1242/6000 [00:20<01:20, 59.19it/s]Testing DataLoader 0:  21%|██        | 1243/6000 [00:20<01:20, 59.19it/s]Testing DataLoader 0:  21%|██        | 1244/6000 [00:21<01:20, 59.20it/s]Testing DataLoader 0:  21%|██        | 1245/6000 [00:21<01:20, 59.20it/s]Testing DataLoader 0:  21%|██        | 1246/6000 [00:21<01:20, 59.20it/s]Testing DataLoader 0:  21%|██        | 1247/6000 [00:21<01:20, 59.20it/s]Testing DataLoader 0:  21%|██        | 1248/6000 [00:21<01:20, 59.21it/s]Testing DataLoader 0:  21%|██        | 1249/6000 [00:21<01:20, 59.21it/s]Testing DataLoader 0:  21%|██        | 1250/6000 [00:21<01:20, 59.22it/s]Testing DataLoader 0:  21%|██        | 1251/6000 [00:21<01:20, 59.23it/s]Testing DataLoader 0:  21%|██        | 1252/6000 [00:21<01:20, 59.24it/s]Testing DataLoader 0:  21%|██        | 1253/6000 [00:21<01:20, 59.25it/s]Testing DataLoader 0:  21%|██        | 1254/6000 [00:21<01:20, 59.27it/s]Testing DataLoader 0:  21%|██        | 1255/6000 [00:21<01:20, 59.28it/s]Testing DataLoader 0:  21%|██        | 1256/6000 [00:21<01:20, 59.29it/s]Testing DataLoader 0:  21%|██        | 1257/6000 [00:21<01:19, 59.29it/s]Testing DataLoader 0:  21%|██        | 1258/6000 [00:21<01:19, 59.30it/s]Testing DataLoader 0:  21%|██        | 1259/6000 [00:21<01:20, 59.12it/s]Testing DataLoader 0:  21%|██        | 1260/6000 [00:21<01:20, 58.91it/s]Testing DataLoader 0:  21%|██        | 1261/6000 [00:21<01:20, 58.70it/s]Testing DataLoader 0:  21%|██        | 1262/6000 [00:21<01:20, 58.50it/s]Testing DataLoader 0:  21%|██        | 1263/6000 [00:21<01:21, 58.29it/s]Testing DataLoader 0:  21%|██        | 1264/6000 [00:21<01:21, 58.08it/s]Testing DataLoader 0:  21%|██        | 1265/6000 [00:21<01:21, 57.87it/s]Testing DataLoader 0:  21%|██        | 1266/6000 [00:21<01:22, 57.67it/s]Testing DataLoader 0:  21%|██        | 1267/6000 [00:22<01:22, 57.47it/s]Testing DataLoader 0:  21%|██        | 1268/6000 [00:22<01:22, 57.27it/s]Testing DataLoader 0:  21%|██        | 1269/6000 [00:22<01:22, 57.07it/s]Testing DataLoader 0:  21%|██        | 1270/6000 [00:22<01:23, 56.88it/s]Testing DataLoader 0:  21%|██        | 1271/6000 [00:22<01:23, 56.68it/s]Testing DataLoader 0:  21%|██        | 1272/6000 [00:22<01:23, 56.49it/s]Testing DataLoader 0:  21%|██        | 1273/6000 [00:22<01:23, 56.30it/s]Testing DataLoader 0:  21%|██        | 1274/6000 [00:22<01:24, 56.10it/s]Testing DataLoader 0:  21%|██▏       | 1275/6000 [00:22<01:24, 55.92it/s]Testing DataLoader 0:  21%|██▏       | 1276/6000 [00:22<01:24, 55.73it/s]Testing DataLoader 0:  21%|██▏       | 1277/6000 [00:22<01:25, 55.55it/s]Testing DataLoader 0:  21%|██▏       | 1278/6000 [00:23<01:25, 55.37it/s]Testing DataLoader 0:  21%|██▏       | 1279/6000 [00:23<01:25, 55.19it/s]Testing DataLoader 0:  21%|██▏       | 1280/6000 [00:23<01:25, 55.01it/s]Testing DataLoader 0:  21%|██▏       | 1281/6000 [00:23<01:26, 54.83it/s]Testing DataLoader 0:  21%|██▏       | 1282/6000 [00:23<01:26, 54.66it/s]Testing DataLoader 0:  21%|██▏       | 1283/6000 [00:23<01:26, 54.47it/s]Testing DataLoader 0:  21%|██▏       | 1284/6000 [00:23<01:26, 54.29it/s]Testing DataLoader 0:  21%|██▏       | 1285/6000 [00:23<01:27, 54.13it/s]Testing DataLoader 0:  21%|██▏       | 1286/6000 [00:23<01:27, 53.96it/s]Testing DataLoader 0:  21%|██▏       | 1287/6000 [00:23<01:27, 53.80it/s]Testing DataLoader 0:  21%|██▏       | 1288/6000 [00:24<01:27, 53.64it/s]Testing DataLoader 0:  21%|██▏       | 1289/6000 [00:24<01:28, 53.47it/s]Testing DataLoader 0:  22%|██▏       | 1290/6000 [00:24<01:28, 53.31it/s]Testing DataLoader 0:  22%|██▏       | 1291/6000 [00:24<01:28, 53.15it/s]Testing DataLoader 0:  22%|██▏       | 1292/6000 [00:24<01:28, 53.00it/s]Testing DataLoader 0:  22%|██▏       | 1293/6000 [00:24<01:29, 52.85it/s]Testing DataLoader 0:  22%|██▏       | 1294/6000 [00:24<01:29, 52.69it/s]Testing DataLoader 0:  22%|██▏       | 1295/6000 [00:24<01:29, 52.54it/s]Testing DataLoader 0:  22%|██▏       | 1296/6000 [00:24<01:29, 52.38it/s]Testing DataLoader 0:  22%|██▏       | 1297/6000 [00:24<01:30, 52.22it/s]Testing DataLoader 0:  22%|██▏       | 1298/6000 [00:24<01:30, 52.07it/s]Testing DataLoader 0:  22%|██▏       | 1299/6000 [00:25<01:30, 51.92it/s]Testing DataLoader 0:  22%|██▏       | 1300/6000 [00:25<01:30, 51.77it/s]Testing DataLoader 0:  22%|██▏       | 1301/6000 [00:25<01:31, 51.62it/s]Testing DataLoader 0:  22%|██▏       | 1302/6000 [00:25<01:31, 51.47it/s]Testing DataLoader 0:  22%|██▏       | 1303/6000 [00:25<01:31, 51.48it/s][chain tf audit] wrote 83,005 events -> /scratch/yw8866/rec-tmall/chain_tf_audit.pt
Testing DataLoader 0:  22%|██▏       | 1303/6000 [00:25<01:31, 51.44it/s]
[[36m2026-07-25 11:49:30,283[0m][[34m__main__[0m][[32mINFO[0m] - [rank: 0] Best ckpt path: /scratch/yw8866/rec-tmall/_mfd_audit_chain.ckpt[0m
[[36m2026-07-25 11:49:30,284[0m][[34m__main__[0m][[32mINFO[0m] - [rank: 0] Metrics: {}[0m
[[36m2026-07-25 11:49:30,371[0m][[34msrc.utils.logging_utils[0m][[32mINFO[0m] - [rank: 0] Closing wandb![0m
[[36m2026-07-25 11:49:34,093[0m][[34msrc.utils.restart_job[0m][[32mINFO[0m] - [rank: 0] Job finished successfully.[0m

==========================================================================
MFD AUDIT
==========================================================================
  dump: /scratch/yw8866/rec-tmall/mfd_audit_dump.pt
  events=83,005  nb=4  Kf=10 Kt=10 Ki=10 Kpool=50  tau=1.0  w_b(run)=1.0
    pv   :   77,833 events
    fav  :    2,042 events
    cart :    1,554 events
    buy  :    1,576 events

==========================================================================
0a  POOL ROUTING  (w_b=1.0)  — union vs routed vs committed
==========================================================================
  scoring / track                     recall@5 recall@10
  -- t1 (buy events, SID-only) --
  t1 union                              0.9619    0.9734
  t1 routed (buy branch)                0.9683    0.9746
  t1 committed (cited)                  0.8932    0.9403
  -- t2 (all events, SID-only, beh-conditioned) --
  t2 union                              0.1899    0.1986
  t2 routed (GT-beh branch)             0.1936    0.1987
  t2 committed (cited)                       -    0.1996
  -- t3 (free-gen joint = behavior+SID) --
  t3 union (marginalized)               0.1827    0.1939
  t3 committed (cited)                       -    0.1899

  DECISION:
    ROUTED RECOVERS COMMITTED (t1 routed @10=0.975≈0.940, @5=0.968≈0.893) -> the t1 'collapse' is a scoring ARTIFACT of
    ranking behavior-conditioned tracks against the 4-way union pool. Standing readout:
    t3 from union/marginalized, t1/t2 from ROUTED. Update the eval path + §11.

==========================================================================
0c  COVERAGE vs ORDERING  (w_b=1.0)
==========================================================================
  loss decomposition + in-pool rank (by behavior; oracle = coverage@pool):
  ALL      n=  83005   coverage@pool=0.2085   f_pruned=0.596 branch_t=0.151 branch_i=0.030 catalog_killed=0.0138
           in-pool rank: P(<5)=0.876 P(<10)=0.930 P(10-50)=0.063 median=1
  pv       n=  77833   coverage@pool=0.1580   f_pruned=0.634 branch_t=0.161 branch_i=0.032 catalog_killed=0.0146
           in-pool rank: P(<5)=0.861 P(<10)=0.919 P(10-50)=0.076 median=1
  fav      n=   2042   coverage@pool=0.9574   f_pruned=0.030 branch_t=0.009 branch_i=0.001 catalog_killed=0.0029
           in-pool rank: P(<5)=0.919 P(<10)=0.957 P(10-50)=0.028 median=0
  cart     n=   1554   coverage@pool=0.9730   f_pruned=0.023 branch_t=0.003 branch_i=0.001 catalog_killed=0.0013
           in-pool rank: P(<5)=0.942 P(<10)=0.967 P(10-50)=0.025 median=1
  buy      n=   1576   coverage@pool=0.9797   f_pruned=0.015 branch_t=0.003 branch_i=0.001 catalog_killed=0.0025
           in-pool rank: P(<5)=0.880 P(<10)=0.944 P(10-50)=0.039 median=1

  ORACLE recall (coverage@pool, any reranker's ceiling) = 0.2085
  current t3@10 (union) = 0.1939   -> ORDERING HEADROOM = +0.0147

  DECISION:
    ** catalog_killed = 1149 events (GT composed but filtered) — the catalog hash is
       WRONG (GT is by definition a valid tuple). FIX the constraint before trusting anything.
    COVERAGE problem concentrated in f/K_f (=0.596) -> cheap inference-only
    widening of that K first, then re-measure before building any module.

==========================================================================
0a  POOL ROUTING  (w_b=2.0)  — union vs routed vs committed
==========================================================================
  scoring / track                     recall@5 recall@10
  -- t1 (buy events, SID-only) --
  t1 union                              0.9581    0.9645
  t1 routed (buy branch)                0.9683    0.9746
  t1 committed (cited)                  0.8932    0.9403
  -- t2 (all events, SID-only, beh-conditioned) --
  t2 union                              0.1922    0.1982
  t2 routed (GT-beh branch)             0.1936    0.1987
  t2 committed (cited)                       -    0.1996
  -- t3 (free-gen joint = behavior+SID) --
  t3 union (marginalized)               0.1778    0.1884
  t3 committed (cited)                       -    0.1899

  DECISION:
    ROUTED RECOVERS COMMITTED (t1 routed @10=0.975≈0.940, @5=0.968≈0.893) -> the t1 'collapse' is a scoring ARTIFACT of
    ranking behavior-conditioned tracks against the 4-way union pool. Standing readout:
    t3 from union/marginalized, t1/t2 from ROUTED. Update the eval path + §11.

==========================================================================
0c  COVERAGE vs ORDERING  (w_b=2.0)
==========================================================================
  loss decomposition + in-pool rank (by behavior; oracle = coverage@pool):
  ALL      n=  83005   coverage@pool=0.2085   f_pruned=0.596 branch_t=0.151 branch_i=0.030 catalog_killed=0.0138
           in-pool rank: P(<5)=0.852 P(<10)=0.903 P(10-50)=0.077 median=0
  pv       n=  77833   coverage@pool=0.1580   f_pruned=0.634 branch_t=0.161 branch_i=0.032 catalog_killed=0.0146
           in-pool rank: P(<5)=0.892 P(<10)=0.930 P(10-50)=0.068 median=0
  fav      n=   2042   coverage@pool=0.9574   f_pruned=0.030 branch_t=0.009 branch_i=0.001 catalog_killed=0.0029
           in-pool rank: P(<5)=0.769 P(<10)=0.841 P(10-50)=0.108 median=1
  cart     n=   1554   coverage@pool=0.9730   f_pruned=0.023 branch_t=0.003 branch_i=0.001 catalog_killed=0.0013
           in-pool rank: P(<5)=0.790 P(<10)=0.880 P(10-50)=0.085 median=2
  buy      n=   1576   coverage@pool=0.9797   f_pruned=0.015 branch_t=0.003 branch_i=0.001 catalog_killed=0.0025
           in-pool rank: P(<5)=0.707 P(<10)=0.790 P(10-50)=0.101 median=2

  ORACLE recall (coverage@pool, any reranker's ceiling) = 0.2085
  current t3@10 (union) = 0.1884   -> ORDERING HEADROOM = +0.0202

  DECISION:
    ** catalog_killed = 1149 events (GT composed but filtered) — the catalog hash is
       WRONG (GT is by definition a valid tuple). FIX the constraint before trusting anything.
    COVERAGE problem concentrated in f/K_f (=0.596) -> cheap inference-only
    widening of that K first, then re-measure before building any module.

==========================================================================
0a  POOL ROUTING  (w_b=4.0)  — union vs routed vs committed
==========================================================================
  scoring / track                     recall@5 recall@10
  -- t1 (buy events, SID-only) --
  t1 union                              0.9537    0.9594
  t1 routed (buy branch)                0.9683    0.9746
  t1 committed (cited)                  0.8932    0.9403
  -- t2 (all events, SID-only, beh-conditioned) --
  t2 union                              0.1927    0.1980
  t2 routed (GT-beh branch)             0.1936    0.1987
  t2 committed (cited)                       -    0.1996
  -- t3 (free-gen joint = behavior+SID) --
  t3 union (marginalized)               0.1574    0.1682
  t3 committed (cited)                       -    0.1899

  DECISION:
    ROUTED RECOVERS COMMITTED (t1 routed @10=0.975≈0.940, @5=0.968≈0.893) -> the t1 'collapse' is a scoring ARTIFACT of
    ranking behavior-conditioned tracks against the 4-way union pool. Standing readout:
    t3 from union/marginalized, t1/t2 from ROUTED. Update the eval path + §11.

==========================================================================
0c  COVERAGE vs ORDERING  (w_b=4.0)
==========================================================================
  loss decomposition + in-pool rank (by behavior; oracle = coverage@pool):
  ALL      n=  83005   coverage@pool=0.2085   f_pruned=0.596 branch_t=0.151 branch_i=0.030 catalog_killed=0.0138
           in-pool rank: P(<5)=0.755 P(<10)=0.806 P(10-50)=0.087 median=0
  pv       n=  77833   coverage@pool=0.1580   f_pruned=0.634 branch_t=0.161 branch_i=0.032 catalog_killed=0.0146
           in-pool rank: P(<5)=0.901 P(<10)=0.934 P(10-50)=0.065 median=0
  fav      n=   2042   coverage@pool=0.9574   f_pruned=0.030 branch_t=0.009 branch_i=0.001 catalog_killed=0.0029
           in-pool rank: P(<5)=0.445 P(<10)=0.547 P(10-50)=0.122 median=6
  cart     n=   1554   coverage@pool=0.9730   f_pruned=0.023 branch_t=0.003 branch_i=0.001 catalog_killed=0.0013
           in-pool rank: P(<5)=0.283 P(<10)=0.382 P(10-50)=0.197 median=23
  buy      n=   1576   coverage@pool=0.9797   f_pruned=0.015 branch_t=0.003 branch_i=0.001 catalog_killed=0.0025
           in-pool rank: P(<5)=0.449 P(<10)=0.530 P(10-50)=0.106 median=7

  ORACLE recall (coverage@pool, any reranker's ceiling) = 0.2085
  current t3@10 (union) = 0.1682   -> ORDERING HEADROOM = +0.0404

  DECISION:
    ** catalog_killed = 1149 events (GT composed but filtered) — the catalog hash is
       WRONG (GT is by definition a valid tuple). FIX the constraint before trusting anything.
    COVERAGE problem concentrated in f/K_f (=0.596) -> cheap inference-only
    widening of that K first, then re-measure before building any module.

==========================================================================
0b  CONTENTION  — teacher-forced per-level accuracy at GT f (shared h_f)
==========================================================================
  MFD (text & image heads share h_f):
    acc(t | GT f)         top1=0.2377  top5=0.3322
    acc(i | GT f)         top1=0.2536  top5=0.3755
  Chain (text head owns h_f; image head owns h_t):
    acc(t | GT f)         top1=0.2437  top5=0.3412
    acc(i | GT f, GT t)   top1=0.3043  top5=0.4222

  gaps (chain - MFD):  text top1=+0.0061 top5=+0.0090   image top1=+0.0506 top5=+0.0467

  DECISION:
    TEXT deficit +0.0090 > 0.5pt with NO information excuse
    -> CONTENTION CONFIRMED, PMQ (per-modality query / relieve shared h_f) is licensed.
    Image gap +0.0506: subtract the text (contention) gap to isolate the
    legitimate §12g ~1.7% component.
