2026-08-01 18:33:55.794575: I tensorflow/core/util/port.cc:153] oneDNN custom operations are on. You may see slightly different numerical results due to floating-point round-off errors from different computation orders. To turn them off, set the environment variable `TF_ENABLE_ONEDNN_OPTS=0`.
2026-08-01 18:33:58.685326: I tensorflow/core/platform/cpu_feature_guard.cc:210] This TensorFlow binary is optimized to use available CPU instructions in performance-critical operations.
To enable the following instructions: AVX2 AVX512F AVX512_VNNI FMA, in other operations, rebuild TensorFlow with the appropriate compiler flags.
[[36m2026-08-01 18:34:15,162[0m][[34msrc.utils.utils[0m][[32mINFO[0m] - [rank: 0] Enforcing tags! <cfg.extras.enforce_tags=True>[0m
[[36m2026-08-01 18:34:15,174[0m][[34msrc.utils.utils[0m][[32mINFO[0m] - [rank: 0] Printing config tree with Rich! <cfg.extras.print_config=True>[0m
CONFIG
├── data_loading
│   └── features_config:                                                        
│         features:                                                             
│         - name: sequence_data                                                 
│           num_placeholder_tokens: 0                                           
│           semantic_ids: ???                                                   
│           is_item_ids: true                                                   
│           type:                                                               
│             _target_: torch.__dict__.get                                      
│             _args_:                                                           
│             - int32                                                           
│         - name: behavior_data                                                 
│           num_placeholder_tokens: 0                                           
│           is_item_ids: true                                                   
│           type:                                                               
│             _target_: torch.__dict__.get                                      
│             _args_:                                                           
│             - int32                                                           
│         - name: user_id                                                       
│           is_item_ids: true                                                   
│           type:                                                               
│             _target_: torch.__dict__.get                                      
│             _args_:                                                           
│             - int32                                                           
│       dataset_config:                                                         
│         dataset:                                                              
│           _target_: src.data.loading.components.interfaces.SemanticIDDatasetCo
│           user_id_field: user_id                                              
│           min_sequence_length: 1                                              
│           iterate_per_row: true                                               
│           keep_user_id: true                                                  
│           features_to_consider:                                               
│           - sequence_data                                                     
│           - behavior_data                                                     
│           - user_id                                                           
│           num_placeholder_tokens_map:                                         
│             sequence_data: 0                                                  
│             behavior_data: 0                                                  
│           semantic_id_map: {}                                                 
│           data_iterator:                                                      
│             _target_: src.data.loading.components.iterators.TFRecordIterator  
│           preprocessing_functions:                                            
│           - _target_: src.data.loading.components.pre_processing.filter_featur
│             _partial_: true                                                   
│           - _target_: src.data.loading.components.pre_processing.convert_to_de
│             _partial_: true                                                   
│           - _target_: src.data.loading.components.pre_processing.convert_field
│             _partial_: true                                                   
│           - _target_: src.data.loading.components.pre_processing.map_sparse_id
│             _partial_: true                                                   
│             features_to_apply:                                                
│             - sequence_data                                                   
│             num_hierarchies: 3                                                
│       train_dataloader_config:                                                
│         dataloader:                                                           
│           _target_: src.data.loading.components.interfaces.SequenceDataloaderC
│           dataset_class:                                                      
│             _target_: src.data.loading.components.dataloading.UnboundedSequenc
│             _partial_: true                                                   
│           data_folder: /scratch/yw8866/rec-tmall/tfrecords_mb_userdrop/trainin
│           should_shuffle_rows: true                                           
│           labels:                                                             
│             sequence_data:                                                    
│               transform:                                                      
│                 _target_: src.data.loading.components.label_function.NextKToke
│                 next_k: 4                                                     
│           batch_size_per_device: 32                                           
│           num_workers: 16                                                     
│           timeout: 60                                                         
│           assign_files_by_size: false                                         
│           oov_token: null                                                     
│           masking_token: -1                                                   
│           sequence_length: 160                                                
│           padding_token: -1                                                   
│           drop_last: true                                                     
│           persistent_workers: true                                            
│           pin_memory: true                                                    
│           collate_fn:                                                         
│             _target_: src.data.loading.components.collate_functions.collate_wi
│             _partial_: true                                                   
│             sequence_length: 160                                              
│             padding_token: -1                                                 
│             sequence_field_name: sequence_data                                
│             behavior_field_name: behavior_data                                
│             sid_hierarchy: 3                                                  
│             max_batch_size: 1024                                              
│           dataset_config:                                                     
│             _target_: src.data.loading.components.interfaces.SemanticIDDataset
│             user_id_field: user_id                                            
│             min_sequence_length: 1                                            
│             iterate_per_row: true                                             
│             keep_user_id: true                                                
│             features_to_consider:                                             
│             - sequence_data                                                   
│             - behavior_data                                                   
│             - user_id                                                         
│             num_placeholder_tokens_map:                                       
│               sequence_data: 0                                                
│               behavior_data: 0                                                
│             semantic_id_map:                                                  
│               sequence_data:                                                  
│                 _target_: torch.load                                          
│                 _args_:                                                       
│                 - _target_: src.utils.file_utils.open_local_or_remote         
│                   file_path: /scratch/yw8866/logs/inference/runs/2026-05-06/20
│                   mode: rb                                                    
│             data_iterator:                                                    
│               _target_: src.data.loading.components.iterators.TFRecordIterator
│             preprocessing_functions:                                          
│             - _target_: src.data.loading.components.pre_processing.filter_feat
│               _partial_: true                                                 
│             - _target_: src.data.loading.components.pre_processing.convert_to_
│               _partial_: true                                                 
│             - _target_: src.data.loading.components.pre_processing.convert_fie
│               _partial_: true                                                 
│             - _target_: src.data.loading.components.pre_processing.map_sparse_
│               _partial_: true                                                 
│               features_to_apply:                                              
│               - sequence_data                                                 
│               num_hierarchies: 3                                              
│           assign_all_files_per_worker: true                                   
│       val_dataloader_config:                                                  
│         dataloader:                                                           
│           _target_: src.data.loading.components.interfaces.SequenceDataloaderC
│           dataset_class:                                                      
│             _target_: src.data.loading.components.dataloading.UnboundedSequenc
│             _partial_: true                                                   
│           data_folder: /scratch/yw8866/rec-tmall/tfrecords_mb_userdrop/evaluat
│           should_shuffle_rows: false                                          
│           labels:                                                             
│             sequence_data:                                                    
│               transform:                                                      
│                 _target_: src.data.loading.components.label_function.NextKToke
│                 next_k: 4                                                     
│           batch_size_per_device: 64                                           
│           num_workers: 8                                                      
│           timeout: 60                                                         
│           assign_files_by_size: true                                          
│           oov_token: null                                                     
│           masking_token: -1                                                   
│           sequence_length: 160                                                
│           padding_token: -1                                                   
│           drop_last: false                                                    
│           persistent_workers: true                                            
│           pin_memory: true                                                    
│           collate_fn:                                                         
│             _target_: src.data.loading.components.collate_functions.collate_wi
│             _partial_: true                                                   
│             sequence_length: 160                                              
│             padding_token: -1                                                 
│             sequence_field_name: sequence_data                                
│             behavior_field_name: behavior_data                                
│             sid_hierarchy: 3                                                  
│           dataset_config:                                                     
│             _target_: src.data.loading.components.interfaces.SemanticIDDataset
│             user_id_field: user_id                                            
│             min_sequence_length: 1                                            
│             iterate_per_row: true                                             
│             keep_user_id: true                                                
│             features_to_consider:                                             
│             - sequence_data                                                   
│             - behavior_data                                                   
│             - user_id                                                         
│             num_placeholder_tokens_map:                                       
│               sequence_data: 0                                                
│               behavior_data: 0                                                
│             semantic_id_map:                                                  
│               sequence_data:                                                  
│                 _target_: torch.load                                          
│                 _args_:                                                       
│                 - _target_: src.utils.file_utils.open_local_or_remote         
│                   file_path: /scratch/yw8866/logs/inference/runs/2026-05-06/20
│                   mode: rb                                                    
│             data_iterator:                                                    
│               _target_: src.data.loading.components.iterators.TFRecordIterator
│             preprocessing_functions:                                          
│             - _target_: src.data.loading.components.pre_processing.filter_feat
│               _partial_: true                                                 
│             - _target_: src.data.loading.components.pre_processing.convert_to_
│               _partial_: true                                                 
│             - _target_: src.data.loading.components.pre_processing.convert_fie
│               _partial_: true                                                 
│             - _target_: src.data.loading.components.pre_processing.map_sparse_
│               _partial_: true                                                 
│               features_to_apply:                                              
│               - sequence_data                                                 
│               num_hierarchies: 3                                              
│       test_dataloader_config:                                                 
│         dataloader:                                                           
│           _target_: src.data.loading.components.interfaces.SequenceDataloaderC
│           dataset_class:                                                      
│             _target_: src.data.loading.components.dataloading.UnboundedSequenc
│             _partial_: true                                                   
│           data_folder: /scratch/yw8866/rec-tmall/tfrecords_mb_userdrop/testing
│           should_shuffle_rows: false                                          
│           labels:                                                             
│             sequence_data:                                                    
│               transform:                                                      
│                 _target_: src.data.loading.components.label_function.NextKToke
│                 next_k: 4                                                     
│           batch_size_per_device: 64                                           
│           num_workers: 8                                                      
│           timeout: 60                                                         
│           assign_files_by_size: true                                          
│           oov_token: null                                                     
│           masking_token: -1                                                   
│           sequence_length: 160                                                
│           padding_token: -1                                                   
│           drop_last: false                                                    
│           persistent_workers: true                                            
│           pin_memory: true                                                    
│           collate_fn:                                                         
│             _target_: src.data.loading.components.collate_functions.collate_wi
│             _partial_: true                                                   
│             sequence_length: 160                                              
│             padding_token: -1                                                 
│             sequence_field_name: sequence_data                                
│             behavior_field_name: behavior_data                                
│             sid_hierarchy: 3                                                  
│           dataset_config:                                                     
│             _target_: src.data.loading.components.interfaces.SemanticIDDataset
│             user_id_field: user_id                                            
│             min_sequence_length: 1                                            
│             iterate_per_row: true                                             
│             keep_user_id: true                                                
│             features_to_consider:                                             
│             - sequence_data                                                   
│             - behavior_data                                                   
│             - user_id                                                         
│             num_placeholder_tokens_map:                                       
│               sequence_data: 0                                                
│               behavior_data: 0                                                
│             semantic_id_map:                                                  
│               sequence_data:                                                  
│                 _target_: torch.load                                          
│                 _args_:                                                       
│                 - _target_: src.utils.file_utils.open_local_or_remote         
│                   file_path: /scratch/yw8866/logs/inference/runs/2026-05-06/20
│                   mode: rb                                                    
│             data_iterator:                                                    
│               _target_: src.data.loading.components.iterators.TFRecordIterator
│             preprocessing_functions:                                          
│             - _target_: src.data.loading.components.pre_processing.filter_feat
│               _partial_: true                                                 
│             - _target_: src.data.loading.components.pre_processing.convert_to_
│               _partial_: true                                                 
│             - _target_: src.data.loading.components.pre_processing.convert_fie
│               _partial_: true                                                 
│             - _target_: src.data.loading.components.pre_processing.map_sparse_
│               _partial_: true                                                 
│               features_to_apply:                                              
│               - sequence_data                                                 
│               num_hierarchies: 3                                              
│       datamodule:                                                             
│         _target_: src.data.loading.datamodules.sequence_datamodule.SequenceDat
│         train_dataloader_config:                                              
│           _target_: src.data.loading.components.interfaces.SequenceDataloaderC
│           dataset_class:                                                      
│             _target_: src.data.loading.components.dataloading.UnboundedSequenc
│             _partial_: true                                                   
│           data_folder: /scratch/yw8866/rec-tmall/tfrecords_mb_userdrop/trainin
│           should_shuffle_rows: true                                           
│           labels:                                                             
│             sequence_data:                                                    
│               transform:                                                      
│                 _target_: src.data.loading.components.label_function.NextKToke
│                 next_k: 4                                                     
│           batch_size_per_device: 32                                           
│           num_workers: 16                                                     
│           timeout: 60                                                         
│           assign_files_by_size: false                                         
│           oov_token: null                                                     
│           masking_token: -1                                                   
│           sequence_length: 160                                                
│           padding_token: -1                                                   
│           drop_last: true                                                     
│           persistent_workers: true                                            
│           pin_memory: true                                                    
│           collate_fn:                                                         
│             _target_: src.data.loading.components.collate_functions.collate_wi
│             _partial_: true                                                   
│             sequence_length: 160                                              
│             padding_token: -1                                                 
│             sequence_field_name: sequence_data                                
│             behavior_field_name: behavior_data                                
│             sid_hierarchy: 3                                                  
│             max_batch_size: 1024                                              
│           dataset_config:                                                     
│             _target_: src.data.loading.components.interfaces.SemanticIDDataset
│             user_id_field: user_id                                            
│             min_sequence_length: 1                                            
│             iterate_per_row: true                                             
│             keep_user_id: true                                                
│             features_to_consider:                                             
│             - sequence_data                                                   
│             - behavior_data                                                   
│             - user_id                                                         
│             num_placeholder_tokens_map:                                       
│               sequence_data: 0                                                
│               behavior_data: 0                                                
│             semantic_id_map:                                                  
│               sequence_data:                                                  
│                 _target_: torch.load                                          
│                 _args_:                                                       
│                 - _target_: src.utils.file_utils.open_local_or_remote         
│                   file_path: /scratch/yw8866/logs/inference/runs/2026-05-06/20
│                   mode: rb                                                    
│             data_iterator:                                                    
│               _target_: src.data.loading.components.iterators.TFRecordIterator
│             preprocessing_functions:                                          
│             - _target_: src.data.loading.components.pre_processing.filter_feat
│               _partial_: true                                                 
│             - _target_: src.data.loading.components.pre_processing.convert_to_
│               _partial_: true                                                 
│             - _target_: src.data.loading.components.pre_processing.convert_fie
│               _partial_: true                                                 
│             - _target_: src.data.loading.components.pre_processing.map_sparse_
│               _partial_: true                                                 
│               features_to_apply:                                              
│               - sequence_data                                                 
│               num_hierarchies: 3                                              
│           assign_all_files_per_worker: true                                   
│         val_dataloader_config:                                                
│           _target_: src.data.loading.components.interfaces.SequenceDataloaderC
│           dataset_class:                                                      
│             _target_: src.data.loading.components.dataloading.UnboundedSequenc
│             _partial_: true                                                   
│           data_folder: /scratch/yw8866/rec-tmall/tfrecords_mb_userdrop/evaluat
│           should_shuffle_rows: false                                          
│           labels:                                                             
│             sequence_data:                                                    
│               transform:                                                      
│                 _target_: src.data.loading.components.label_function.NextKToke
│                 next_k: 4                                                     
│           batch_size_per_device: 64                                           
│           num_workers: 8                                                      
│           timeout: 60                                                         
│           assign_files_by_size: true                                          
│           oov_token: null                                                     
│           masking_token: -1                                                   
│           sequence_length: 160                                                
│           padding_token: -1                                                   
│           drop_last: false                                                    
│           persistent_workers: true                                            
│           pin_memory: true                                                    
│           collate_fn:                                                         
│             _target_: src.data.loading.components.collate_functions.collate_wi
│             _partial_: true                                                   
│             sequence_length: 160                                              
│             padding_token: -1                                                 
│             sequence_field_name: sequence_data                                
│             behavior_field_name: behavior_data                                
│             sid_hierarchy: 3                                                  
│           dataset_config:                                                     
│             _target_: src.data.loading.components.interfaces.SemanticIDDataset
│             user_id_field: user_id                                            
│             min_sequence_length: 1                                            
│             iterate_per_row: true                                             
│             keep_user_id: true                                                
│             features_to_consider:                                             
│             - sequence_data                                                   
│             - behavior_data                                                   
│             - user_id                                                         
│             num_placeholder_tokens_map:                                       
│               sequence_data: 0                                                
│               behavior_data: 0                                                
│             semantic_id_map:                                                  
│               sequence_data:                                                  
│                 _target_: torch.load                                          
│                 _args_:                                                       
│                 - _target_: src.utils.file_utils.open_local_or_remote         
│                   file_path: /scratch/yw8866/logs/inference/runs/2026-05-06/20
│                   mode: rb                                                    
│             data_iterator:                                                    
│               _target_: src.data.loading.components.iterators.TFRecordIterator
│             preprocessing_functions:                                          
│             - _target_: src.data.loading.components.pre_processing.filter_feat
│               _partial_: true                                                 
│             - _target_: src.data.loading.components.pre_processing.convert_to_
│               _partial_: true                                                 
│             - _target_: src.data.loading.components.pre_processing.convert_fie
│               _partial_: true                                                 
│             - _target_: src.data.loading.components.pre_processing.map_sparse_
│               _partial_: true                                                 
│               features_to_apply:                                              
│               - sequence_data                                                 
│               num_hierarchies: 3                                              
│         test_dataloader_config:                                               
│           _target_: src.data.loading.components.interfaces.SequenceDataloaderC
│           dataset_class:                                                      
│             _target_: src.data.loading.components.dataloading.UnboundedSequenc
│             _partial_: true                                                   
│           data_folder: /scratch/yw8866/rec-tmall/tfrecords_mb_userdrop/testing
│           should_shuffle_rows: false                                          
│           labels:                                                             
│             sequence_data:                                                    
│               transform:                                                      
│                 _target_: src.data.loading.components.label_function.NextKToke
│                 next_k: 4                                                     
│           batch_size_per_device: 64                                           
│           num_workers: 8                                                      
│           timeout: 60                                                         
│           assign_files_by_size: true                                          
│           oov_token: null                                                     
│           masking_token: -1                                                   
│           sequence_length: 160                                                
│           padding_token: -1                                                   
│           drop_last: false                                                    
│           persistent_workers: true                                            
│           pin_memory: true                                                    
│           collate_fn:                                                         
│             _target_: src.data.loading.components.collate_functions.collate_wi
│             _partial_: true                                                   
│             sequence_length: 160                                              
│             padding_token: -1                                                 
│             sequence_field_name: sequence_data                                
│             behavior_field_name: behavior_data                                
│             sid_hierarchy: 3                                                  
│           dataset_config:                                                     
│             _target_: src.data.loading.components.interfaces.SemanticIDDataset
│             user_id_field: user_id                                            
│             min_sequence_length: 1                                            
│             iterate_per_row: true                                             
│             keep_user_id: true                                                
│             features_to_consider:                                             
│             - sequence_data                                                   
│             - behavior_data                                                   
│             - user_id                                                         
│             num_placeholder_tokens_map:                                       
│               sequence_data: 0                                                
│               behavior_data: 0                                                
│             semantic_id_map:                                                  
│               sequence_data:                                                  
│                 _target_: torch.load                                          
│                 _args_:                                                       
│                 - _target_: src.utils.file_utils.open_local_or_remote         
│                   file_path: /scratch/yw8866/logs/inference/runs/2026-05-06/20
│                   mode: rb                                                    
│             data_iterator:                                                    
│               _target_: src.data.loading.components.iterators.TFRecordIterator
│             preprocessing_functions:                                          
│             - _target_: src.data.loading.components.pre_processing.filter_feat
│               _partial_: true                                                 
│             - _target_: src.data.loading.components.pre_processing.convert_to_
│               _partial_: true                                                 
│             - _target_: src.data.loading.components.pre_processing.convert_fie
│               _partial_: true                                                 
│             - _target_: src.data.loading.components.pre_processing.map_sparse_
│               _partial_: true                                                 
│               features_to_apply:                                              
│               - sequence_data                                                 
│               num_hierarchies: 3                                              
│                                                                               
├── model
│   └── huggingface_model:                                                      
│         _target_: transformers.T5EncoderModel                                 
│         config:                                                               
│           _target_: transformers.T5Config                                     
│           vocab_size: 256                                                     
│           d_model: 128                                                        
│           num_heads: 6                                                        
│           dropout_rate: 0.15                                                  
│           d_ff: 1024                                                          
│           d_kv: 64                                                            
│           num_layers: 4                                                       
│       _target_: src.models.modules.semantic_id.mfd_generation_model.MFDMultiBe
│       use_modality_factorized: true                                           
│       mfd_top_k_shared: 200                                                   
│       mfd_top_k_text: 200                                                     
│       mfd_top_k_image: 50                                                     
│       mfd_pool_size: 500                                                      
│       mfd_tau: 1.0                                                            
│       mfd_catalog_constraint: true                                            
│       mfd_score_text: true                                                    
│       mfd_score_image: true                                                   
│       mfd_behavior_marginalized: true                                         
│       mfd_behavior_weight: 1.0                                                
│       mfd_audit_dump: true                                                    
│       mfd_audit_path: /scratch/yw8866/rec-tmall/mfd_pmqqf_poolsweep_dump.pt   
│       mfd_audit_max_events: 200000                                            
│       mfd_audit_pv_cap: 100000                                                
│       feature_to_model_input_map:                                             
│         sequence_data: input_ids                                              
│         user_id: user_id                                                      
│       postprocessor: null                                                     
│       aggregator: null                                                        
│       loss_function:                                                          
│         _target_: torch.nn.CrossEntropyLoss                                   
│       optimizer:                                                              
│         _target_: torch.optim.Adam                                            
│         _partial_: true                                                       
│         lr: 0.001                                                             
│         weight_decay: 0.0001                                                  
│       scheduler: null                                                         
│       evaluator:                                                              
│         _target_: src.components.eval_metrics.MultiBehaviorSIDRetrievalEvaluat
│         buy_behavior_id: 3                                                    
│         probe_sid_distance: false                                             
│         top_k_list:                                                           
│         - 5                                                                   
│         - 10                                                                  
│         metrics:                                                              
│           ndcg:                                                               
│             _target_: src.components.eval_metrics.NDCG                        
│             _partial_: true                                                   
│           recall:                                                             
│             _target_: src.components.eval_metrics.Recall                      
│             _partial_: true                                                   
│       weight_tying: true                                                      
│       compile: false                                                          
│       decoder:                                                                
│         _target_: transformers.models.t5.modeling_t5.T5Stack                  
│         config:                                                               
│           _target_: transformers.models.t5.configuration_t5.T5Config          
│           vocab_size: 256                                                     
│           d_model: 128                                                        
│           num_heads: 6                                                        
│           dropout_rate: 0.15                                                  
│           d_ff: 1024                                                          
│           d_kv: 64                                                            
│           num_layers: 4                                                       
│           is_decoder: true                                                    
│           is_encoder_decoder: false                                           
│         embed_tokens:                                                         
│           _target_: torch.nn.Embedding                                        
│           num_embeddings: 256                                                 
│           embedding_dim: 128                                                  
│       num_hierarchies: 3                                                      
│       num_behaviors: 4                                                        
│       num_user_bins: null                                                     
│       codebooks:                                                              
│         _target_: torch.load                                                  
│         _args_:                                                               
│         - _target_: src.utils.file_utils.open_local_or_remote                 
│           file_path: /scratch/yw8866/logs/inference/runs/2026-05-06/2048_1024/
│           mode: rb                                                            
│       mlp_layers: 2                                                           
│       codebook_init_path: null                                                
│       codebook_sizes:                                                         
│       - 2048                                                                  
│       - 1024                                                                  
│       - 1024                                                                  
│       use_item_pe: false                                                      
│       item_pe_max_seq_len: 1024                                               
│       use_bmtv: false                                                         
│       bmtv_max_seq_len: 1024                                                  
│       focal_behavior: false                                                   
│       focal_gamma: 2.0                                                        
│       focal_alpha: null                                                       
│       behavior_weighted_sid: false                                            
│       sid_behavior_weights:                                                   
│       - 1.0                                                                   
│       - 3.0                                                                   
│       - 3.0                                                                   
│       - 8.0                                                                   
│       use_semantic_align: false                                               
│       semantic_align_weight: 1.0                                              
│       align_loss_type: mse                                                    
│       align_temperature: 0.07                                                 
│       use_semantic_rerank: false                                              
│       rerank_weight: 0.5                                                      
│       top_k_for_generation: 10                                                
│       use_pmq: true                                                           
│       use_query_f: true                                                       
│       decoder_slot_type_emb: true                                             
│                                                                               
├── callbacks
│   └── model_checkpoint:                                                       
│         _target_: lightning.pytorch.callbacks.ModelCheckpoint                 
│         dirpath: /scratch/yw8866/logs/train/runs/2026-08-01/18-34-14/checkpoin
│         filename: checkpoint_{epoch:03d}_{step:06d}                           
│         monitor: val/t2_recall_5                                              
│         verbose: true                                                         
│         save_last: null                                                       
│         save_top_k: 1                                                         
│         mode: max                                                             
│         auto_insert_metric_name: true                                         
│         save_weights_only: false                                              
│         every_n_train_steps: null                                             
│         train_time_interval: null                                             
│         every_n_epochs: null                                                  
│         save_on_train_epoch_end: false                                        
│       early_stopping:                                                         
│         _target_: lightning.pytorch.callbacks.EarlyStopping                   
│         monitor: val/t2_recall_5                                              
│         min_delta: 0.0                                                        
│         patience: 6                                                           
│         verbose: true                                                         
│         mode: max                                                             
│         strict: true                                                          
│         check_finite: true                                                    
│         stopping_threshold: null                                              
│         divergence_threshold: null                                            
│         check_on_train_epoch_end: false                                       
│       model_summary:                                                          
│         _target_: lightning.pytorch.callbacks.RichModelSummary                
│         max_depth: -1                                                         
│       restart_job:                                                            
│         _target_: src.utils.restart_job.RestartAndLoadCheckpointCallback      
│         metadata_dir: /scratch/yw8866/logs/train/runs/2026-08-01/18-34-14/meta
│                                                                               
├── logger
│   └── csv:                                                                    
│         _target_: lightning.pytorch.loggers.csv_logs.CSVLogger                
│         save_dir: /scratch/yw8866/logs/train/runs/2026-08-01/18-34-14         
│         name: csv/                                                            
│         prefix: ''                                                            
│       wandb:                                                                  
│         _target_: lightning.pytorch.loggers.wandb.WandbLogger                 
│         project: MMMBGRec                                                     
│         name: tiger-mb-2026-08-01_18-34-15                                    
│         save_dir: /scratch/yw8866/logs/train/runs/2026-08-01/18-34-14         
│                                                                               
├── trainer
│   └── _target_: lightning.pytorch.trainer.Trainer                             
│       default_root_dir: /scratch/yw8866/logs/train/runs/2026-08-01/18-34-14   
│       min_steps: 1                                                            
│       max_steps: 320000                                                       
│       max_epochs: 10                                                          
│       accelerator: gpu                                                        
│       devices: -1                                                             
│       num_nodes: 1                                                            
│       precision: 32-true                                                      
│       log_every_n_steps: 100                                                  
│       val_check_interval: 5000                                                
│       deterministic: false                                                    
│       accumulate_grad_batches: 4                                              
│       limit_val_batches: 500                                                  
│       profiler:                                                               
│         _target_: lightning.pytorch.profilers.PassThroughProfiler             
│       strategy: ddp                                                           
│       sync_batchnorm: true                                                    
│       num_sanity_val_steps: 0                                                 
│       min_epochs: 0                                                           
│       limit_test_batches: 6000                                                
│                                                                               
├── paths
│   └── root_dir: .                                                             
│       data_dir: /scratch/yw8866/rec-tmall/tfrecords_mb_userdrop               
│       log_dir: ./logs                                                         
│       output_dir: /scratch/yw8866/logs/train/runs/2026-08-01/18-34-14         
│       work_dir: /scratch/yw8866                                               
│       profile_dir: ./logs/train/runs/2026-08-01/18-34-14/profile_output       
│       metadata_dir: /scratch/yw8866/logs/train/runs/2026-08-01/18-34-14/metada
│                                                                               
├── extras
│   └── ignore_warnings: false                                                  
│       enforce_tags: true                                                      
│       print_config_warnings: true                                             
│       print_config: true                                                      
│                                                                               
├── task_name
│   └── train                                                                   
├── id
│   └── 2026-08-01/18-34-14                                                     
├── tags
│   └── ['tiger-mb-mfd']                                                        
├── train
│   └── False                                                                   
├── test
│   └── True                                                                    
├── ckpt_path
│   └── /scratch/yw8866/rec-tmall/_mfd_pmqqf_poolsweep.ckpt                     
├── seed
│   └── 42                                                                      
├── data_dir
│   └── /scratch/yw8866/rec-tmall/tfrecords_mb_userdrop                         
├── semantic_id_path
│   └── /scratch/yw8866/logs/inference/runs/2026-05-06/2048_1024/pickle/semantic
├── num_hierarchies
│   └── 3                                                                       
├── stride_per_item
│   └── 4                                                                       
├── sequence_length
│   └── 160                                                                     
├── num_behaviors
│   └── 4                                                                       
├── codebook_init_path
│   └── None                                                                    
├── codebook_sizes
│   └── [2048, 1024, 1024]                                                      
├── use_item_pe
│   └── False                                                                   
├── item_pe_max_seq_len
│   └── 1024                                                                    
├── use_bmtv
│   └── False                                                                   
├── bmtv_max_seq_len
│   └── 1024                                                                    
├── focal_behavior
│   └── False                                                                   
├── focal_gamma
│   └── 2.0                                                                     
├── focal_alpha
│   └── None                                                                    
├── behavior_weighted_sid
│   └── False                                                                   
├── sid_behavior_weights
│   └── [1.0, 3.0, 3.0, 8.0]                                                    
├── use_semantic_align
│   └── False                                                                   
├── semantic_align_weight
│   └── 1.0                                                                     
├── align_loss_type
│   └── mse                                                                     
├── align_temperature
│   └── 0.07                                                                    
├── use_semantic_rerank
│   └── False                                                                   
├── rerank_weight
│   └── 0.5                                                                     
├── top_k_for_generation
│   └── 10                                                                      
├── mfd_top_k_shared
│   └── 200                                                                     
├── mfd_top_k_text
│   └── 200                                                                     
├── mfd_top_k_image
│   └── 50                                                                      
├── mfd_pool_size
│   └── 500                                                                     
├── mfd_tau
│   └── 1.0                                                                     
├── mfd_catalog_constraint
│   └── True                                                                    
├── mfd_score_text
│   └── True                                                                    
├── mfd_score_image
│   └── True                                                                    
├── mfd_behavior_marginalized
│   └── True                                                                    
├── mfd_behavior_weight
│   └── 1.0                                                                     
├── mfd_audit_dump
│   └── True                                                                    
├── mfd_audit_path
│   └── /scratch/yw8866/rec-tmall/mfd_pmqqf_poolsweep_dump.pt                   
├── mfd_audit_max_events
│   └── 200000                                                                  
├── mfd_audit_pv_cap
│   └── 100000                                                                  
├── probe_sid_distance
│   └── False                                                                   
├── loss
│   └── loss_function:                                                          
│         _target_: torch.nn.CrossEntropyLoss                                   
│                                                                               
├── optim
│   └── optimizer:                                                              
│         _target_: torch.optim.Adam                                            
│         _partial_: true                                                       
│         lr: 0.001                                                             
│         weight_decay: 0.0001                                                  
│       scheduler: null                                                         
│                                                                               
└── eval
    └── evaluator:                                                              
          _target_: src.components.eval_metrics.MultiBehaviorSIDRetrievalEvaluat
          buy_behavior_id: 3                                                    
          probe_sid_distance: false                                             
          top_k_list:                                                           
          - 5                                                                   
          - 10                                                                  
          metrics:                                                              
            ndcg:                                                               
              _target_: src.components.eval_metrics.NDCG                        
              _partial_: true                                                   
            recall:                                                             
              _target_: src.components.eval_metrics.Recall                      
              _partial_: true                                                   
                                                                                
[[36m2026-08-01 18:34:15,482[0m][[34msrc.utils.restart_job[0m][[32mINFO[0m] - [rank: 0] Using metadata dir: /scratch/yw8866/logs/train/runs/2026-08-01/18-34-14/metadata[0m
[[36m2026-08-01 18:34:15,482[0m][[34msrc.utils.restart_job[0m][[32mINFO[0m] - [rank: 0] Starting job (attempt 1/4): /ext3/miniforge3/envs/py310/bin/python /scratch/yw8866/GRID/src/train.py experiment=tiger_mb_mfd_flat train=false test=true ckpt_path=/scratch/yw8866/rec-tmall/_mfd_pmqqf_poolsweep.ckpt data_dir=/scratch/yw8866/rec-tmall/tfrecords_mb_userdrop semantic_id_path=/scratch/yw8866/logs/inference/runs/2026-05-06/2048_1024/pickle/semantic_ids.pt num_hierarchies=3 codebook_init_path=null codebook_sizes=[2048,1024,1024] mfd_behavior_marginalized=true mfd_behavior_weight=1.0 mfd_top_k_shared=200 mfd_top_k_text=200 mfd_top_k_image=50 mfd_pool_size=500 +model.use_pmq=true +model.use_query_f=true +model.decoder_slot_type_emb=true mfd_audit_dump=true mfd_audit_path=/scratch/yw8866/rec-tmall/mfd_pmqqf_poolsweep_dump.pt mfd_audit_max_events=200000 mfd_audit_pv_cap=100000 +trainer.limit_test_batches=6000 ++should_skip_retry=True[0m
[[36m2026-08-01 18:34:49,978[0m][[34msrc.utils.utils[0m][[32mINFO[0m] - [rank: 0] Enforcing tags! <cfg.extras.enforce_tags=True>[0m
[[36m2026-08-01 18:34:49,990[0m][[34msrc.utils.utils[0m][[32mINFO[0m] - [rank: 0] Printing config tree with Rich! <cfg.extras.print_config=True>[0m
CONFIG
├── data_loading
│   └── features_config:                                                        
│         features:                                                             
│         - name: sequence_data                                                 
│           num_placeholder_tokens: 0                                           
│           semantic_ids: ???                                                   
│           is_item_ids: true                                                   
│           type:                                                               
│             _target_: torch.__dict__.get                                      
│             _args_:                                                           
│             - int32                                                           
│         - name: behavior_data                                                 
│           num_placeholder_tokens: 0                                           
│           is_item_ids: true                                                   
│           type:                                                               
│             _target_: torch.__dict__.get                                      
│             _args_:                                                           
│             - int32                                                           
│         - name: user_id                                                       
│           is_item_ids: true                                                   
│           type:                                                               
│             _target_: torch.__dict__.get                                      
│             _args_:                                                           
│             - int32                                                           
│       dataset_config:                                                         
│         dataset:                                                              
│           _target_: src.data.loading.components.interfaces.SemanticIDDatasetCo
│           user_id_field: user_id                                              
│           min_sequence_length: 1                                              
│           iterate_per_row: true                                               
│           keep_user_id: true                                                  
│           features_to_consider:                                               
│           - sequence_data                                                     
│           - behavior_data                                                     
│           - user_id                                                           
│           num_placeholder_tokens_map:                                         
│             sequence_data: 0                                                  
│             behavior_data: 0                                                  
│           semantic_id_map: {}                                                 
│           data_iterator:                                                      
│             _target_: src.data.loading.components.iterators.TFRecordIterator  
│           preprocessing_functions:                                            
│           - _target_: src.data.loading.components.pre_processing.filter_featur
│             _partial_: true                                                   
│           - _target_: src.data.loading.components.pre_processing.convert_to_de
│             _partial_: true                                                   
│           - _target_: src.data.loading.components.pre_processing.convert_field
│             _partial_: true                                                   
│           - _target_: src.data.loading.components.pre_processing.map_sparse_id
│             _partial_: true                                                   
│             features_to_apply:                                                
│             - sequence_data                                                   
│             num_hierarchies: 3                                                
│       train_dataloader_config:                                                
│         dataloader:                                                           
│           _target_: src.data.loading.components.interfaces.SequenceDataloaderC
│           dataset_class:                                                      
│             _target_: src.data.loading.components.dataloading.UnboundedSequenc
│             _partial_: true                                                   
│           data_folder: /scratch/yw8866/rec-tmall/tfrecords_mb_userdrop/trainin
│           should_shuffle_rows: true                                           
│           labels:                                                             
│             sequence_data:                                                    
│               transform:                                                      
│                 _target_: src.data.loading.components.label_function.NextKToke
│                 next_k: 4                                                     
│           batch_size_per_device: 32                                           
│           num_workers: 16                                                     
│           timeout: 60                                                         
│           assign_files_by_size: false                                         
│           oov_token: null                                                     
│           masking_token: -1                                                   
│           sequence_length: 160                                                
│           padding_token: -1                                                   
│           drop_last: true                                                     
│           persistent_workers: true                                            
│           pin_memory: true                                                    
│           collate_fn:                                                         
│             _target_: src.data.loading.components.collate_functions.collate_wi
│             _partial_: true                                                   
│             sequence_length: 160                                              
│             padding_token: -1                                                 
│             sequence_field_name: sequence_data                                
│             behavior_field_name: behavior_data                                
│             sid_hierarchy: 3                                                  
│             max_batch_size: 1024                                              
│           dataset_config:                                                     
│             _target_: src.data.loading.components.interfaces.SemanticIDDataset
│             user_id_field: user_id                                            
│             min_sequence_length: 1                                            
│             iterate_per_row: true                                             
│             keep_user_id: true                                                
│             features_to_consider:                                             
│             - sequence_data                                                   
│             - behavior_data                                                   
│             - user_id                                                         
│             num_placeholder_tokens_map:                                       
│               sequence_data: 0                                                
│               behavior_data: 0                                                
│             semantic_id_map:                                                  
│               sequence_data:                                                  
│                 _target_: torch.load                                          
│                 _args_:                                                       
│                 - _target_: src.utils.file_utils.open_local_or_remote         
│                   file_path: /scratch/yw8866/logs/inference/runs/2026-05-06/20
│                   mode: rb                                                    
│             data_iterator:                                                    
│               _target_: src.data.loading.components.iterators.TFRecordIterator
│             preprocessing_functions:                                          
│             - _target_: src.data.loading.components.pre_processing.filter_feat
│               _partial_: true                                                 
│             - _target_: src.data.loading.components.pre_processing.convert_to_
│               _partial_: true                                                 
│             - _target_: src.data.loading.components.pre_processing.convert_fie
│               _partial_: true                                                 
│             - _target_: src.data.loading.components.pre_processing.map_sparse_
│               _partial_: true                                                 
│               features_to_apply:                                              
│               - sequence_data                                                 
│               num_hierarchies: 3                                              
│           assign_all_files_per_worker: true                                   
│       val_dataloader_config:                                                  
│         dataloader:                                                           
│           _target_: src.data.loading.components.interfaces.SequenceDataloaderC
│           dataset_class:                                                      
│             _target_: src.data.loading.components.dataloading.UnboundedSequenc
│             _partial_: true                                                   
│           data_folder: /scratch/yw8866/rec-tmall/tfrecords_mb_userdrop/evaluat
│           should_shuffle_rows: false                                          
│           labels:                                                             
│             sequence_data:                                                    
│               transform:                                                      
│                 _target_: src.data.loading.components.label_function.NextKToke
│                 next_k: 4                                                     
│           batch_size_per_device: 64                                           
│           num_workers: 8                                                      
│           timeout: 60                                                         
│           assign_files_by_size: true                                          
│           oov_token: null                                                     
│           masking_token: -1                                                   
│           sequence_length: 160                                                
│           padding_token: -1                                                   
│           drop_last: false                                                    
│           persistent_workers: true                                            
│           pin_memory: true                                                    
│           collate_fn:                                                         
│             _target_: src.data.loading.components.collate_functions.collate_wi
│             _partial_: true                                                   
│             sequence_length: 160                                              
│             padding_token: -1                                                 
│             sequence_field_name: sequence_data                                
│             behavior_field_name: behavior_data                                
│             sid_hierarchy: 3                                                  
│           dataset_config:                                                     
│             _target_: src.data.loading.components.interfaces.SemanticIDDataset
│             user_id_field: user_id                                            
│             min_sequence_length: 1                                            
│             iterate_per_row: true                                             
│             keep_user_id: true                                                
│             features_to_consider:                                             
│             - sequence_data                                                   
│             - behavior_data                                                   
│             - user_id                                                         
│             num_placeholder_tokens_map:                                       
│               sequence_data: 0                                                
│               behavior_data: 0                                                
│             semantic_id_map:                                                  
│               sequence_data:                                                  
│                 _target_: torch.load                                          
│                 _args_:                                                       
│                 - _target_: src.utils.file_utils.open_local_or_remote         
│                   file_path: /scratch/yw8866/logs/inference/runs/2026-05-06/20
│                   mode: rb                                                    
│             data_iterator:                                                    
│               _target_: src.data.loading.components.iterators.TFRecordIterator
│             preprocessing_functions:                                          
│             - _target_: src.data.loading.components.pre_processing.filter_feat
│               _partial_: true                                                 
│             - _target_: src.data.loading.components.pre_processing.convert_to_
│               _partial_: true                                                 
│             - _target_: src.data.loading.components.pre_processing.convert_fie
│               _partial_: true                                                 
│             - _target_: src.data.loading.components.pre_processing.map_sparse_
│               _partial_: true                                                 
│               features_to_apply:                                              
│               - sequence_data                                                 
│               num_hierarchies: 3                                              
│       test_dataloader_config:                                                 
│         dataloader:                                                           
│           _target_: src.data.loading.components.interfaces.SequenceDataloaderC
│           dataset_class:                                                      
│             _target_: src.data.loading.components.dataloading.UnboundedSequenc
│             _partial_: true                                                   
│           data_folder: /scratch/yw8866/rec-tmall/tfrecords_mb_userdrop/testing
│           should_shuffle_rows: false                                          
│           labels:                                                             
│             sequence_data:                                                    
│               transform:                                                      
│                 _target_: src.data.loading.components.label_function.NextKToke
│                 next_k: 4                                                     
│           batch_size_per_device: 64                                           
│           num_workers: 8                                                      
│           timeout: 60                                                         
│           assign_files_by_size: true                                          
│           oov_token: null                                                     
│           masking_token: -1                                                   
│           sequence_length: 160                                                
│           padding_token: -1                                                   
│           drop_last: false                                                    
│           persistent_workers: true                                            
│           pin_memory: true                                                    
│           collate_fn:                                                         
│             _target_: src.data.loading.components.collate_functions.collate_wi
│             _partial_: true                                                   
│             sequence_length: 160                                              
│             padding_token: -1                                                 
│             sequence_field_name: sequence_data                                
│             behavior_field_name: behavior_data                                
│             sid_hierarchy: 3                                                  
│           dataset_config:                                                     
│             _target_: src.data.loading.components.interfaces.SemanticIDDataset
│             user_id_field: user_id                                            
│             min_sequence_length: 1                                            
│             iterate_per_row: true                                             
│             keep_user_id: true                                                
│             features_to_consider:                                             
│             - sequence_data                                                   
│             - behavior_data                                                   
│             - user_id                                                         
│             num_placeholder_tokens_map:                                       
│               sequence_data: 0                                                
│               behavior_data: 0                                                
│             semantic_id_map:                                                  
│               sequence_data:                                                  
│                 _target_: torch.load                                          
│                 _args_:                                                       
│                 - _target_: src.utils.file_utils.open_local_or_remote         
│                   file_path: /scratch/yw8866/logs/inference/runs/2026-05-06/20
│                   mode: rb                                                    
│             data_iterator:                                                    
│               _target_: src.data.loading.components.iterators.TFRecordIterator
│             preprocessing_functions:                                          
│             - _target_: src.data.loading.components.pre_processing.filter_feat
│               _partial_: true                                                 
│             - _target_: src.data.loading.components.pre_processing.convert_to_
│               _partial_: true                                                 
│             - _target_: src.data.loading.components.pre_processing.convert_fie
│               _partial_: true                                                 
│             - _target_: src.data.loading.components.pre_processing.map_sparse_
│               _partial_: true                                                 
│               features_to_apply:                                              
│               - sequence_data                                                 
│               num_hierarchies: 3                                              
│       datamodule:                                                             
│         _target_: src.data.loading.datamodules.sequence_datamodule.SequenceDat
│         train_dataloader_config:                                              
│           _target_: src.data.loading.components.interfaces.SequenceDataloaderC
│           dataset_class:                                                      
│             _target_: src.data.loading.components.dataloading.UnboundedSequenc
│             _partial_: true                                                   
│           data_folder: /scratch/yw8866/rec-tmall/tfrecords_mb_userdrop/trainin
│           should_shuffle_rows: true                                           
│           labels:                                                             
│             sequence_data:                                                    
│               transform:                                                      
│                 _target_: src.data.loading.components.label_function.NextKToke
│                 next_k: 4                                                     
│           batch_size_per_device: 32                                           
│           num_workers: 16                                                     
│           timeout: 60                                                         
│           assign_files_by_size: false                                         
│           oov_token: null                                                     
│           masking_token: -1                                                   
│           sequence_length: 160                                                
│           padding_token: -1                                                   
│           drop_last: true                                                     
│           persistent_workers: true                                            
│           pin_memory: true                                                    
│           collate_fn:                                                         
│             _target_: src.data.loading.components.collate_functions.collate_wi
│             _partial_: true                                                   
│             sequence_length: 160                                              
│             padding_token: -1                                                 
│             sequence_field_name: sequence_data                                
│             behavior_field_name: behavior_data                                
│             sid_hierarchy: 3                                                  
│             max_batch_size: 1024                                              
│           dataset_config:                                                     
│             _target_: src.data.loading.components.interfaces.SemanticIDDataset
│             user_id_field: user_id                                            
│             min_sequence_length: 1                                            
│             iterate_per_row: true                                             
│             keep_user_id: true                                                
│             features_to_consider:                                             
│             - sequence_data                                                   
│             - behavior_data                                                   
│             - user_id                                                         
│             num_placeholder_tokens_map:                                       
│               sequence_data: 0                                                
│               behavior_data: 0                                                
│             semantic_id_map:                                                  
│               sequence_data:                                                  
│                 _target_: torch.load                                          
│                 _args_:                                                       
│                 - _target_: src.utils.file_utils.open_local_or_remote         
│                   file_path: /scratch/yw8866/logs/inference/runs/2026-05-06/20
│                   mode: rb                                                    
│             data_iterator:                                                    
│               _target_: src.data.loading.components.iterators.TFRecordIterator
│             preprocessing_functions:                                          
│             - _target_: src.data.loading.components.pre_processing.filter_feat
│               _partial_: true                                                 
│             - _target_: src.data.loading.components.pre_processing.convert_to_
│               _partial_: true                                                 
│             - _target_: src.data.loading.components.pre_processing.convert_fie
│               _partial_: true                                                 
│             - _target_: src.data.loading.components.pre_processing.map_sparse_
│               _partial_: true                                                 
│               features_to_apply:                                              
│               - sequence_data                                                 
│               num_hierarchies: 3                                              
│           assign_all_files_per_worker: true                                   
│         val_dataloader_config:                                                
│           _target_: src.data.loading.components.interfaces.SequenceDataloaderC
│           dataset_class:                                                      
│             _target_: src.data.loading.components.dataloading.UnboundedSequenc
│             _partial_: true                                                   
│           data_folder: /scratch/yw8866/rec-tmall/tfrecords_mb_userdrop/evaluat
│           should_shuffle_rows: false                                          
│           labels:                                                             
│             sequence_data:                                                    
│               transform:                                                      
│                 _target_: src.data.loading.components.label_function.NextKToke
│                 next_k: 4                                                     
│           batch_size_per_device: 64                                           
│           num_workers: 8                                                      
│           timeout: 60                                                         
│           assign_files_by_size: true                                          
│           oov_token: null                                                     
│           masking_token: -1                                                   
│           sequence_length: 160                                                
│           padding_token: -1                                                   
│           drop_last: false                                                    
│           persistent_workers: true                                            
│           pin_memory: true                                                    
│           collate_fn:                                                         
│             _target_: src.data.loading.components.collate_functions.collate_wi
│             _partial_: true                                                   
│             sequence_length: 160                                              
│             padding_token: -1                                                 
│             sequence_field_name: sequence_data                                
│             behavior_field_name: behavior_data                                
│             sid_hierarchy: 3                                                  
│           dataset_config:                                                     
│             _target_: src.data.loading.components.interfaces.SemanticIDDataset
│             user_id_field: user_id                                            
│             min_sequence_length: 1                                            
│             iterate_per_row: true                                             
│             keep_user_id: true                                                
│             features_to_consider:                                             
│             - sequence_data                                                   
│             - behavior_data                                                   
│             - user_id                                                         
│             num_placeholder_tokens_map:                                       
│               sequence_data: 0                                                
│               behavior_data: 0                                                
│             semantic_id_map:                                                  
│               sequence_data:                                                  
│                 _target_: torch.load                                          
│                 _args_:                                                       
│                 - _target_: src.utils.file_utils.open_local_or_remote         
│                   file_path: /scratch/yw8866/logs/inference/runs/2026-05-06/20
│                   mode: rb                                                    
│             data_iterator:                                                    
│               _target_: src.data.loading.components.iterators.TFRecordIterator
│             preprocessing_functions:                                          
│             - _target_: src.data.loading.components.pre_processing.filter_feat
│               _partial_: true                                                 
│             - _target_: src.data.loading.components.pre_processing.convert_to_
│               _partial_: true                                                 
│             - _target_: src.data.loading.components.pre_processing.convert_fie
│               _partial_: true                                                 
│             - _target_: src.data.loading.components.pre_processing.map_sparse_
│               _partial_: true                                                 
│               features_to_apply:                                              
│               - sequence_data                                                 
│               num_hierarchies: 3                                              
│         test_dataloader_config:                                               
│           _target_: src.data.loading.components.interfaces.SequenceDataloaderC
│           dataset_class:                                                      
│             _target_: src.data.loading.components.dataloading.UnboundedSequenc
│             _partial_: true                                                   
│           data_folder: /scratch/yw8866/rec-tmall/tfrecords_mb_userdrop/testing
│           should_shuffle_rows: false                                          
│           labels:                                                             
│             sequence_data:                                                    
│               transform:                                                      
│                 _target_: src.data.loading.components.label_function.NextKToke
│                 next_k: 4                                                     
│           batch_size_per_device: 64                                           
│           num_workers: 8                                                      
│           timeout: 60                                                         
│           assign_files_by_size: true                                          
│           oov_token: null                                                     
│           masking_token: -1                                                   
│           sequence_length: 160                                                
│           padding_token: -1                                                   
│           drop_last: false                                                    
│           persistent_workers: true                                            
│           pin_memory: true                                                    
│           collate_fn:                                                         
│             _target_: src.data.loading.components.collate_functions.collate_wi
│             _partial_: true                                                   
│             sequence_length: 160                                              
│             padding_token: -1                                                 
│             sequence_field_name: sequence_data                                
│             behavior_field_name: behavior_data                                
│             sid_hierarchy: 3                                                  
│           dataset_config:                                                     
│             _target_: src.data.loading.components.interfaces.SemanticIDDataset
│             user_id_field: user_id                                            
│             min_sequence_length: 1                                            
│             iterate_per_row: true                                             
│             keep_user_id: true                                                
│             features_to_consider:                                             
│             - sequence_data                                                   
│             - behavior_data                                                   
│             - user_id                                                         
│             num_placeholder_tokens_map:                                       
│               sequence_data: 0                                                
│               behavior_data: 0                                                
│             semantic_id_map:                                                  
│               sequence_data:                                                  
│                 _target_: torch.load                                          
│                 _args_:                                                       
│                 - _target_: src.utils.file_utils.open_local_or_remote         
│                   file_path: /scratch/yw8866/logs/inference/runs/2026-05-06/20
│                   mode: rb                                                    
│             data_iterator:                                                    
│               _target_: src.data.loading.components.iterators.TFRecordIterator
│             preprocessing_functions:                                          
│             - _target_: src.data.loading.components.pre_processing.filter_feat
│               _partial_: true                                                 
│             - _target_: src.data.loading.components.pre_processing.convert_to_
│               _partial_: true                                                 
│             - _target_: src.data.loading.components.pre_processing.convert_fie
│               _partial_: true                                                 
│             - _target_: src.data.loading.components.pre_processing.map_sparse_
│               _partial_: true                                                 
│               features_to_apply:                                              
│               - sequence_data                                                 
│               num_hierarchies: 3                                              
│                                                                               
├── model
│   └── huggingface_model:                                                      
│         _target_: transformers.T5EncoderModel                                 
│         config:                                                               
│           _target_: transformers.T5Config                                     
│           vocab_size: 256                                                     
│           d_model: 128                                                        
│           num_heads: 6                                                        
│           dropout_rate: 0.15                                                  
│           d_ff: 1024                                                          
│           d_kv: 64                                                            
│           num_layers: 4                                                       
│       _target_: src.models.modules.semantic_id.mfd_generation_model.MFDMultiBe
│       use_modality_factorized: true                                           
│       mfd_top_k_shared: 200                                                   
│       mfd_top_k_text: 200                                                     
│       mfd_top_k_image: 50                                                     
│       mfd_pool_size: 500                                                      
│       mfd_tau: 1.0                                                            
│       mfd_catalog_constraint: true                                            
│       mfd_score_text: true                                                    
│       mfd_score_image: true                                                   
│       mfd_behavior_marginalized: true                                         
│       mfd_behavior_weight: 1.0                                                
│       mfd_audit_dump: true                                                    
│       mfd_audit_path: /scratch/yw8866/rec-tmall/mfd_pmqqf_poolsweep_dump.pt   
│       mfd_audit_max_events: 200000                                            
│       mfd_audit_pv_cap: 100000                                                
│       feature_to_model_input_map:                                             
│         sequence_data: input_ids                                              
│         user_id: user_id                                                      
│       postprocessor: null                                                     
│       aggregator: null                                                        
│       loss_function:                                                          
│         _target_: torch.nn.CrossEntropyLoss                                   
│       optimizer:                                                              
│         _target_: torch.optim.Adam                                            
│         _partial_: true                                                       
│         lr: 0.001                                                             
│         weight_decay: 0.0001                                                  
│       scheduler: null                                                         
│       evaluator:                                                              
│         _target_: src.components.eval_metrics.MultiBehaviorSIDRetrievalEvaluat
│         buy_behavior_id: 3                                                    
│         probe_sid_distance: false                                             
│         top_k_list:                                                           
│         - 5                                                                   
│         - 10                                                                  
│         metrics:                                                              
│           ndcg:                                                               
│             _target_: src.components.eval_metrics.NDCG                        
│             _partial_: true                                                   
│           recall:                                                             
│             _target_: src.components.eval_metrics.Recall                      
│             _partial_: true                                                   
│       weight_tying: true                                                      
│       compile: false                                                          
│       decoder:                                                                
│         _target_: transformers.models.t5.modeling_t5.T5Stack                  
│         config:                                                               
│           _target_: transformers.models.t5.configuration_t5.T5Config          
│           vocab_size: 256                                                     
│           d_model: 128                                                        
│           num_heads: 6                                                        
│           dropout_rate: 0.15                                                  
│           d_ff: 1024                                                          
│           d_kv: 64                                                            
│           num_layers: 4                                                       
│           is_decoder: true                                                    
│           is_encoder_decoder: false                                           
│         embed_tokens:                                                         
│           _target_: torch.nn.Embedding                                        
│           num_embeddings: 256                                                 
│           embedding_dim: 128                                                  
│       num_hierarchies: 3                                                      
│       num_behaviors: 4                                                        
│       num_user_bins: null                                                     
│       codebooks:                                                              
│         _target_: torch.load                                                  
│         _args_:                                                               
│         - _target_: src.utils.file_utils.open_local_or_remote                 
│           file_path: /scratch/yw8866/logs/inference/runs/2026-05-06/2048_1024/
│           mode: rb                                                            
│       mlp_layers: 2                                                           
│       codebook_init_path: null                                                
│       codebook_sizes:                                                         
│       - 2048                                                                  
│       - 1024                                                                  
│       - 1024                                                                  
│       use_item_pe: false                                                      
│       item_pe_max_seq_len: 1024                                               
│       use_bmtv: false                                                         
│       bmtv_max_seq_len: 1024                                                  
│       focal_behavior: false                                                   
│       focal_gamma: 2.0                                                        
│       focal_alpha: null                                                       
│       behavior_weighted_sid: false                                            
│       sid_behavior_weights:                                                   
│       - 1.0                                                                   
│       - 3.0                                                                   
│       - 3.0                                                                   
│       - 8.0                                                                   
│       use_semantic_align: false                                               
│       semantic_align_weight: 1.0                                              
│       align_loss_type: mse                                                    
│       align_temperature: 0.07                                                 
│       use_semantic_rerank: false                                              
│       rerank_weight: 0.5                                                      
│       top_k_for_generation: 10                                                
│       use_pmq: true                                                           
│       use_query_f: true                                                       
│       decoder_slot_type_emb: true                                             
│                                                                               
├── callbacks
│   └── model_checkpoint:                                                       
│         _target_: lightning.pytorch.callbacks.ModelCheckpoint                 
│         dirpath: /scratch/yw8866/logs/train/runs/2026-08-01/18-34-49/checkpoin
│         filename: checkpoint_{epoch:03d}_{step:06d}                           
│         monitor: val/t2_recall_5                                              
│         verbose: true                                                         
│         save_last: null                                                       
│         save_top_k: 1                                                         
│         mode: max                                                             
│         auto_insert_metric_name: true                                         
│         save_weights_only: false                                              
│         every_n_train_steps: null                                             
│         train_time_interval: null                                             
│         every_n_epochs: null                                                  
│         save_on_train_epoch_end: false                                        
│       early_stopping:                                                         
│         _target_: lightning.pytorch.callbacks.EarlyStopping                   
│         monitor: val/t2_recall_5                                              
│         min_delta: 0.0                                                        
│         patience: 6                                                           
│         verbose: true                                                         
│         mode: max                                                             
│         strict: true                                                          
│         check_finite: true                                                    
│         stopping_threshold: null                                              
│         divergence_threshold: null                                            
│         check_on_train_epoch_end: false                                       
│       model_summary:                                                          
│         _target_: lightning.pytorch.callbacks.RichModelSummary                
│         max_depth: -1                                                         
│       restart_job:                                                            
│         _target_: src.utils.restart_job.RestartAndLoadCheckpointCallback      
│         metadata_dir: /scratch/yw8866/logs/train/runs/2026-08-01/18-34-49/meta
│                                                                               
├── logger
│   └── csv:                                                                    
│         _target_: lightning.pytorch.loggers.csv_logs.CSVLogger                
│         save_dir: /scratch/yw8866/logs/train/runs/2026-08-01/18-34-49         
│         name: csv/                                                            
│         prefix: ''                                                            
│       wandb:                                                                  
│         _target_: lightning.pytorch.loggers.wandb.WandbLogger                 
│         project: MMMBGRec                                                     
│         name: tiger-mb-2026-08-01_18-34-50                                    
│         save_dir: /scratch/yw8866/logs/train/runs/2026-08-01/18-34-49         
│                                                                               
├── trainer
│   └── _target_: lightning.pytorch.trainer.Trainer                             
│       default_root_dir: /scratch/yw8866/logs/train/runs/2026-08-01/18-34-49   
│       min_steps: 1                                                            
│       max_steps: 320000                                                       
│       max_epochs: 10                                                          
│       accelerator: gpu                                                        
│       devices: -1                                                             
│       num_nodes: 1                                                            
│       precision: 32-true                                                      
│       log_every_n_steps: 100                                                  
│       val_check_interval: 5000                                                
│       deterministic: false                                                    
│       accumulate_grad_batches: 4                                              
│       limit_val_batches: 500                                                  
│       profiler:                                                               
│         _target_: lightning.pytorch.profilers.PassThroughProfiler             
│       strategy: ddp                                                           
│       sync_batchnorm: true                                                    
│       num_sanity_val_steps: 0                                                 
│       min_epochs: 0                                                           
│       limit_test_batches: 6000                                                
│                                                                               
├── paths
│   └── root_dir: .                                                             
│       data_dir: /scratch/yw8866/rec-tmall/tfrecords_mb_userdrop               
│       log_dir: ./logs                                                         
│       output_dir: /scratch/yw8866/logs/train/runs/2026-08-01/18-34-49         
│       work_dir: /scratch/yw8866                                               
│       profile_dir: ./logs/train/runs/2026-08-01/18-34-49/profile_output       
│       metadata_dir: /scratch/yw8866/logs/train/runs/2026-08-01/18-34-49/metada
│                                                                               
├── extras
│   └── ignore_warnings: false                                                  
│       enforce_tags: true                                                      
│       print_config_warnings: true                                             
│       print_config: true                                                      
│                                                                               
├── task_name
│   └── train                                                                   
├── id
│   └── 2026-08-01/18-34-49                                                     
├── tags
│   └── ['tiger-mb-mfd']                                                        
├── train
│   └── False                                                                   
├── test
│   └── True                                                                    
├── ckpt_path
│   └── /scratch/yw8866/rec-tmall/_mfd_pmqqf_poolsweep.ckpt                     
├── seed
│   └── 42                                                                      
├── data_dir
│   └── /scratch/yw8866/rec-tmall/tfrecords_mb_userdrop                         
├── semantic_id_path
│   └── /scratch/yw8866/logs/inference/runs/2026-05-06/2048_1024/pickle/semantic
├── num_hierarchies
│   └── 3                                                                       
├── stride_per_item
│   └── 4                                                                       
├── sequence_length
│   └── 160                                                                     
├── num_behaviors
│   └── 4                                                                       
├── codebook_init_path
│   └── None                                                                    
├── codebook_sizes
│   └── [2048, 1024, 1024]                                                      
├── use_item_pe
│   └── False                                                                   
├── item_pe_max_seq_len
│   └── 1024                                                                    
├── use_bmtv
│   └── False                                                                   
├── bmtv_max_seq_len
│   └── 1024                                                                    
├── focal_behavior
│   └── False                                                                   
├── focal_gamma
│   └── 2.0                                                                     
├── focal_alpha
│   └── None                                                                    
├── behavior_weighted_sid
│   └── False                                                                   
├── sid_behavior_weights
│   └── [1.0, 3.0, 3.0, 8.0]                                                    
├── use_semantic_align
│   └── False                                                                   
├── semantic_align_weight
│   └── 1.0                                                                     
├── align_loss_type
│   └── mse                                                                     
├── align_temperature
│   └── 0.07                                                                    
├── use_semantic_rerank
│   └── False                                                                   
├── rerank_weight
│   └── 0.5                                                                     
├── top_k_for_generation
│   └── 10                                                                      
├── mfd_top_k_shared
│   └── 200                                                                     
├── mfd_top_k_text
│   └── 200                                                                     
├── mfd_top_k_image
│   └── 50                                                                      
├── mfd_pool_size
│   └── 500                                                                     
├── mfd_tau
│   └── 1.0                                                                     
├── mfd_catalog_constraint
│   └── True                                                                    
├── mfd_score_text
│   └── True                                                                    
├── mfd_score_image
│   └── True                                                                    
├── mfd_behavior_marginalized
│   └── True                                                                    
├── mfd_behavior_weight
│   └── 1.0                                                                     
├── mfd_audit_dump
│   └── True                                                                    
├── mfd_audit_path
│   └── /scratch/yw8866/rec-tmall/mfd_pmqqf_poolsweep_dump.pt                   
├── mfd_audit_max_events
│   └── 200000                                                                  
├── mfd_audit_pv_cap
│   └── 100000                                                                  
├── probe_sid_distance
│   └── False                                                                   
├── loss
│   └── loss_function:                                                          
│         _target_: torch.nn.CrossEntropyLoss                                   
│                                                                               
├── optim
│   └── optimizer:                                                              
│         _target_: torch.optim.Adam                                            
│         _partial_: true                                                       
│         lr: 0.001                                                             
│         weight_decay: 0.0001                                                  
│       scheduler: null                                                         
│                                                                               
├── eval
│   └── evaluator:                                                              
│         _target_: src.components.eval_metrics.MultiBehaviorSIDRetrievalEvaluat
│         buy_behavior_id: 3                                                    
│         probe_sid_distance: false                                             
│         top_k_list:                                                           
│         - 5                                                                   
│         - 10                                                                  
│         metrics:                                                              
│           ndcg:                                                               
│             _target_: src.components.eval_metrics.NDCG                        
│             _partial_: true                                                   
│           recall:                                                             
│             _target_: src.components.eval_metrics.Recall                      
│             _partial_: true                                                   
│                                                                               
└── should_skip_retry
    └── True                                                                    
[[36m2026-08-01 18:34:50,289[0m][[34msrc.utils.restart_job[0m][[32mINFO[0m] - [rank: 0] should_skip_retry set to True. Skipping retry logic.[0m
[rank: 0] Seed set to 42
[[36m2026-08-01 18:34:50,352[0m][[34msrc.utils.launcher_utils[0m][[32mINFO[0m] - [rank: 0] Instantiating datamodule <src.data.loading.datamodules.sequence_datamodule.SequenceDataModule>[0m
[[36m2026-08-01 18:34:50,883[0m][[34msrc.utils.launcher_utils[0m][[32mINFO[0m] - [rank: 0] Instantiating model <src.models.modules.semantic_id.mfd_generation_model.MFDMultiBehaviorEncoderDecoder>[0m
[[36m2026-08-01 18:34:51,655[0m][[34msrc.utils.launcher_utils[0m][[32mINFO[0m] - [rank: 0] Instantiating callbacks...[0m
[[36m2026-08-01 18:34:51,656[0m][[34msrc.utils.instantiators[0m][[32mINFO[0m] - [rank: 0] Instantiating callback <lightning.pytorch.callbacks.ModelCheckpoint>[0m
[[36m2026-08-01 18:34:51,661[0m][[34msrc.utils.instantiators[0m][[32mINFO[0m] - [rank: 0] Instantiating callback <lightning.pytorch.callbacks.EarlyStopping>[0m
[[36m2026-08-01 18:34:51,662[0m][[34msrc.utils.instantiators[0m][[32mINFO[0m] - [rank: 0] Instantiating callback <lightning.pytorch.callbacks.RichModelSummary>[0m
[[36m2026-08-01 18:34:51,663[0m][[34msrc.utils.instantiators[0m][[32mINFO[0m] - [rank: 0] Instantiating callback <src.utils.restart_job.RestartAndLoadCheckpointCallback>[0m
[[36m2026-08-01 18:34:51,668[0m][[34msrc.utils.restart_job_utils[0m][[32mINFO[0m] - [rank: 0] Trying to load metadata from /scratch/yw8866/logs/train/runs/2026-08-01/18-34-49/metadata/restart_metadata.json[0m
[[36m2026-08-01 18:34:51,668[0m][[34msrc.utils.restart_job_utils[0m][[33mWARNING[0m] - [rank: 0] Metadata file not found at /scratch/yw8866/logs/train/runs/2026-08-01/18-34-49/metadata/restart_metadata.json. Creating empty metadata.[0m
[[36m2026-08-01 18:34:51,668[0m][[34msrc.utils.restart_job_utils[0m][[32mINFO[0m] - [rank: 0] Saving metadata to /scratch/yw8866/logs/train/runs/2026-08-01/18-34-49/metadata/restart_metadata.json. {'start_time': '2026-08-01T18:34:51.668896', 'restarts': [], 'current_run': 0, 'used_ports': [], 'world_size': 0, 'node_rank': 0, 'master_addr': '', 'original_args': ['/scratch/yw8866/GRID/src/train.py', 'experiment=tiger_mb_mfd_flat', 'train=false', 'test=true', 'ckpt_path=/scratch/yw8866/rec-tmall/_mfd_pmqqf_poolsweep.ckpt', 'data_dir=/scratch/yw8866/rec-tmall/tfrecords_mb_userdrop', 'semantic_id_path=/scratch/yw8866/logs/inference/runs/2026-05-06/2048_1024/pickle/semantic_ids.pt', 'num_hierarchies=3', 'codebook_init_path=null', 'codebook_sizes=[2048,1024,1024]', 'mfd_behavior_marginalized=true', 'mfd_behavior_weight=1.0', 'mfd_top_k_shared=200', 'mfd_top_k_text=200', 'mfd_top_k_image=50', 'mfd_pool_size=500', '+model.use_pmq=true', '+model.use_query_f=true', '+model.decoder_slot_type_emb=true', 'mfd_audit_dump=true', 'mfd_audit_path=/scratch/yw8866/rec-tmall/mfd_pmqqf_poolsweep_dump.pt', 'mfd_audit_max_events=200000', 'mfd_audit_pv_cap=100000', '+trainer.limit_test_batches=6000', '++should_skip_retry=True']}[0m
[[36m2026-08-01 18:34:51,676[0m][[34msrc.utils.launcher_utils[0m][[32mINFO[0m] - [rank: 0] Instantiating loggers...[0m
[[36m2026-08-01 18:34:51,676[0m][[34msrc.utils.instantiators[0m][[32mINFO[0m] - [rank: 0] Instantiating logger <lightning.pytorch.loggers.csv_logs.CSVLogger>[0m
[[36m2026-08-01 18:34:51,678[0m][[34msrc.utils.instantiators[0m][[32mINFO[0m] - [rank: 0] Authenticating to W&B![0m
[[36m2026-08-01 18:34:51,951[0m][[34msrc.utils.instantiators[0m][[32mINFO[0m] - [rank: 0] Instantiating logger <lightning.pytorch.loggers.wandb.WandbLogger>[0m
[[36m2026-08-01 18:34:51,958[0m][[34msrc.utils.launcher_utils[0m][[32mINFO[0m] - [rank: 0] Instantiating trainer <lightning.pytorch.trainer.Trainer>[0m
[[36m2026-08-01 18:34:51,959[0m][[34msrc.utils.restart_job_utils[0m][[32mINFO[0m] - [rank: 0] Trying to load metadata from /scratch/yw8866/logs/train/runs/2026-08-01/18-34-49/metadata/restart_metadata.json[0m
[[36m2026-08-01 18:34:51,962[0m][[34msrc.utils.restart_job_utils[0m][[32mINFO[0m] - [rank: 0] Metadata loaded successfully from /scratch/yw8866/logs/train/runs/2026-08-01/18-34-49/metadata/restart_metadata.json[0m
[[36m2026-08-01 18:34:51,962[0m][[34msrc.utils.restart_job_utils[0m][[32mINFO[0m] - [rank: 0] Retrieved current_run: 0 from metadata /scratch/yw8866/logs/train/runs/2026-08-01/18-34-49/metadata/restart_metadata.json[0m
Trainer already configured with model summary callbacks: [<class 'lightning.pytorch.callbacks.rich_model_summary.RichModelSummary'>]. Skipping setting a default `ModelSummary` callback.
GPU available: True (cuda), used: True
TPU available: False, using: 0 TPU cores
HPU available: False, using: 0 HPUs
[[36m2026-08-01 18:34:52,158[0m][[34msrc.utils.launcher_utils[0m][[32mINFO[0m] - [rank: 0] Logging hyperparameters![0m
wandb: WARNING Disabling SSL verification.  Connections to this server are not verified and may be insecure!
wandb: Using wandb-core as the SDK backend.  Please refer to https://wandb.me/wandb-core for more information.
wandb: Currently logged in as: erichkingruc (erichkingruc-new-york-university). Use `wandb login --relogin` to force relogin
/ext3/miniforge3/envs/py310/lib/python3.10/site-packages/pydantic/main.py:314: UserWarning: Pydantic serializer warnings:
  Expected `list[str]` but got `tuple` - serialized value may not be as expected
  return self.__pydantic_serializer__.to_python(
wandb: Tracking run with wandb version 0.19.0
wandb: Run data is saved locally in /scratch/yw8866/logs/train/runs/2026-08-01/18-34-49/wandb/run-20260801_183458-3jxc82bh
wandb: Run `wandb offline` to turn off syncing.
wandb: Syncing run tiger-mb-2026-08-01_18-34-50
wandb: ⭐️ View project at https://wandb.ai/erichkingruc-new-york-university/MMMBGRec
wandb: 🚀 View run at https://wandb.ai/erichkingruc-new-york-university/MMMBGRec/runs/3jxc82bh
[[36m2026-08-01 18:35:00,423[0m][[34m__main__[0m][[32mINFO[0m] - [rank: 0] Starting testing![0m
Initializing distributed: GLOBAL_RANK: 0, MEMBER: 1/1
----------------------------------------------------------------------------------------------------
distributed_backend=nccl
All distributed processes registered. Starting with 1 processes
----------------------------------------------------------------------------------------------------

Restoring states from the checkpoint path at /scratch/yw8866/rec-tmall/_mfd_pmqqf_poolsweep.ckpt
/ext3/miniforge3/envs/py310/lib/python3.10/site-packages/lightning/pytorch/callbacks/model_checkpoint.py:362: The dirpath has changed from '/scratch/yw8866/logs/train/mfd_pmq_qf/checkpoints' to '/scratch/yw8866/logs/train/runs/2026-08-01/18-34-49/checkpoints', therefore `best_model_score`, `kth_best_model_path`, `kth_value`, `last_model_path` and `best_k_models` won't be reloaded. Only `best_model_path` will be reloaded.
LOCAL_RANK: 0 - CUDA_VISIBLE_DEVICES: [0]
Loaded model weights from the checkpoint at /scratch/yw8866/rec-tmall/_mfd_pmqqf_poolsweep.ckpt
SLURM auto-requeueing enabled. Setting signal handlers.
Testing: |          | 0/? [00:00<?, ?it/s]Testing:   0%|          | 0/6000 [00:00<?, ?it/s]Testing DataLoader 0:   0%|          | 0/6000 [00:00<?, ?it/s]Testing DataLoader 0:   0%|          | 1/6000 [00:03<5:29:43,  0.30it/s]Testing DataLoader 0:   0%|          | 2/6000 [00:04<3:50:31,  0.43it/s]Testing DataLoader 0:   0%|          | 3/6000 [00:05<3:17:26,  0.51it/s]Testing DataLoader 0:   0%|          | 4/6000 [00:07<3:00:52,  0.55it/s]Testing DataLoader 0:   0%|          | 5/6000 [00:08<2:50:58,  0.58it/s]Testing DataLoader 0:   0%|          | 6/6000 [00:09<2:44:20,  0.61it/s]Testing DataLoader 0:   0%|          | 7/6000 [00:11<2:39:35,  0.63it/s]Testing DataLoader 0:   0%|          | 8/6000 [00:12<2:36:01,  0.64it/s]Testing DataLoader 0:   0%|          | 9/6000 [00:13<2:33:14,  0.65it/s]Testing DataLoader 0:   0%|          | 10/6000 [00:15<2:31:01,  0.66it/s]Testing DataLoader 0:   0%|          | 11/6000 [00:16<2:29:12,  0.67it/s]Testing DataLoader 0:   0%|          | 12/6000 [00:17<2:27:40,  0.68it/s]Testing DataLoader 0:   0%|          | 13/6000 [00:19<2:26:23,  0.68it/s]Testing DataLoader 0:   0%|          | 14/6000 [00:20<2:25:16,  0.69it/s]Testing DataLoader 0:   0%|          | 15/6000 [00:21<2:24:18,  0.69it/s]Testing DataLoader 0:   0%|          | 16/6000 [00:23<2:23:28,  0.70it/s]Testing DataLoader 0:   0%|          | 17/6000 [00:24<2:22:43,  0.70it/s]Testing DataLoader 0:   0%|          | 18/6000 [00:25<2:22:03,  0.70it/s]Testing DataLoader 0:   0%|          | 19/6000 [00:26<2:21:26,  0.70it/s]Testing DataLoader 0:   0%|          | 20/6000 [00:28<2:20:54,  0.71it/s]Testing DataLoader 0:   0%|          | 21/6000 [00:29<2:20:24,  0.71it/s]Testing DataLoader 0:   0%|          | 22/6000 [00:30<2:19:57,  0.71it/s]Testing DataLoader 0:   0%|          | 23/6000 [00:32<2:19:33,  0.71it/s]Testing DataLoader 0:   0%|          | 24/6000 [00:33<2:19:10,  0.72it/s]Testing DataLoader 0:   0%|          | 25/6000 [00:34<2:18:48,  0.72it/s]Testing DataLoader 0:   0%|          | 26/6000 [00:36<2:18:29,  0.72it/s]Testing DataLoader 0:   0%|          | 27/6000 [00:37<2:18:10,  0.72it/s]Testing DataLoader 0:   0%|          | 28/6000 [00:38<2:17:53,  0.72it/s]Testing DataLoader 0:   0%|          | 29/6000 [00:40<2:17:38,  0.72it/s]Testing DataLoader 0:   0%|          | 30/6000 [00:41<2:17:22,  0.72it/s]Testing DataLoader 0:   1%|          | 31/6000 [00:42<2:17:08,  0.73it/s]Testing DataLoader 0:   1%|          | 32/6000 [00:44<2:16:55,  0.73it/s]Testing DataLoader 0:   1%|          | 33/6000 [00:45<2:16:42,  0.73it/s]Testing DataLoader 0:   1%|          | 34/6000 [00:46<2:16:30,  0.73it/s]Testing DataLoader 0:   1%|          | 35/6000 [00:47<2:16:19,  0.73it/s]Testing DataLoader 0:   1%|          | 36/6000 [00:49<2:16:08,  0.73it/s]Testing DataLoader 0:   1%|          | 37/6000 [00:50<2:15:58,  0.73it/s]Testing DataLoader 0:   1%|          | 38/6000 [00:51<2:15:48,  0.73it/s]Testing DataLoader 0:   1%|          | 39/6000 [00:53<2:15:38,  0.73it/s]Testing DataLoader 0:   1%|          | 40/6000 [00:54<2:15:29,  0.73it/s]Testing DataLoader 0:   1%|          | 41/6000 [00:55<2:15:21,  0.73it/s]Testing DataLoader 0:   1%|          | 42/6000 [00:57<2:15:13,  0.73it/s]Testing DataLoader 0:   1%|          | 43/6000 [00:58<2:15:05,  0.73it/s]Testing DataLoader 0:   1%|          | 44/6000 [00:59<2:14:57,  0.74it/s]Testing DataLoader 0:   1%|          | 45/6000 [01:01<2:14:50,  0.74it/s]Testing DataLoader 0:   1%|          | 46/6000 [01:02<2:14:43,  0.74it/s]Testing DataLoader 0:   1%|          | 47/6000 [01:03<2:14:36,  0.74it/s]Testing DataLoader 0:   1%|          | 48/6000 [01:05<2:14:29,  0.74it/s]Testing DataLoader 0:   1%|          | 49/6000 [01:06<2:14:23,  0.74it/s]Testing DataLoader 0:   1%|          | 50/6000 [01:07<2:14:17,  0.74it/s]Testing DataLoader 0:   1%|          | 51/6000 [01:09<2:14:11,  0.74it/s]Testing DataLoader 0:   1%|          | 52/6000 [01:10<2:14:05,  0.74it/s]Testing DataLoader 0:   1%|          | 53/6000 [01:11<2:13:59,  0.74it/s]Testing DataLoader 0:   1%|          | 54/6000 [01:12<2:13:54,  0.74it/s]Testing DataLoader 0:   1%|          | 55/6000 [01:14<2:13:48,  0.74it/s]Testing DataLoader 0:   1%|          | 56/6000 [01:15<2:13:43,  0.74it/s]Testing DataLoader 0:   1%|          | 57/6000 [01:16<2:13:38,  0.74it/s]Testing DataLoader 0:   1%|          | 58/6000 [01:18<2:13:33,  0.74it/s]Testing DataLoader 0:   1%|          | 59/6000 [01:19<2:13:28,  0.74it/s]Testing DataLoader 0:   1%|          | 60/6000 [01:20<2:13:23,  0.74it/s]Testing DataLoader 0:   1%|          | 61/6000 [01:22<2:13:19,  0.74it/s]Testing DataLoader 0:   1%|          | 62/6000 [01:23<2:13:14,  0.74it/s]Testing DataLoader 0:   1%|          | 63/6000 [01:24<2:13:10,  0.74it/s]Testing DataLoader 0:   1%|          | 64/6000 [01:26<2:13:06,  0.74it/s]Testing DataLoader 0:   1%|          | 65/6000 [01:27<2:13:02,  0.74it/s]Testing DataLoader 0:   1%|          | 66/6000 [01:28<2:12:58,  0.74it/s]Testing DataLoader 0:   1%|          | 67/6000 [01:30<2:12:54,  0.74it/s]Testing DataLoader 0:   1%|          | 68/6000 [01:31<2:12:50,  0.74it/s]Testing DataLoader 0:   1%|          | 69/6000 [01:32<2:12:47,  0.74it/s]Testing DataLoader 0:   1%|          | 70/6000 [01:34<2:12:43,  0.74it/s]Testing DataLoader 0:   1%|          | 71/6000 [01:35<2:12:39,  0.74it/s]Testing DataLoader 0:   1%|          | 72/6000 [01:36<2:12:36,  0.75it/s]Testing DataLoader 0:   1%|          | 73/6000 [01:37<2:12:32,  0.75it/s]Testing DataLoader 0:   1%|          | 74/6000 [01:39<2:12:29,  0.75it/s]Testing DataLoader 0:   1%|▏         | 75/6000 [01:40<2:12:25,  0.75it/s]Testing DataLoader 0:   1%|▏         | 76/6000 [01:41<2:12:23,  0.75it/s]Testing DataLoader 0:   1%|▏         | 77/6000 [01:43<2:12:20,  0.75it/s]Testing DataLoader 0:   1%|▏         | 78/6000 [01:44<2:12:16,  0.75it/s]Testing DataLoader 0:   1%|▏         | 79/6000 [01:45<2:12:13,  0.75it/s]Testing DataLoader 0:   1%|▏         | 80/6000 [01:47<2:12:10,  0.75it/s]Testing DataLoader 0:   1%|▏         | 81/6000 [01:48<2:12:07,  0.75it/s]Testing DataLoader 0:   1%|▏         | 82/6000 [01:49<2:12:04,  0.75it/s]Testing DataLoader 0:   1%|▏         | 83/6000 [01:51<2:12:01,  0.75it/s]Testing DataLoader 0:   1%|▏         | 84/6000 [01:52<2:11:58,  0.75it/s]Testing DataLoader 0:   1%|▏         | 85/6000 [01:53<2:11:55,  0.75it/s]Testing DataLoader 0:   1%|▏         | 86/6000 [01:55<2:11:52,  0.75it/s]Testing DataLoader 0:   1%|▏         | 87/6000 [01:56<2:11:49,  0.75it/s]Testing DataLoader 0:   1%|▏         | 88/6000 [01:57<2:11:47,  0.75it/s]Testing DataLoader 0:   1%|▏         | 89/6000 [01:59<2:11:44,  0.75it/s]Testing DataLoader 0:   2%|▏         | 90/6000 [02:00<2:11:41,  0.75it/s]Testing DataLoader 0:   2%|▏         | 91/6000 [02:01<2:11:38,  0.75it/s]Testing DataLoader 0:   2%|▏         | 92/6000 [02:02<2:11:35,  0.75it/s]Testing DataLoader 0:   2%|▏         | 93/6000 [02:04<2:11:33,  0.75it/s]Testing DataLoader 0:   2%|▏         | 94/6000 [02:05<2:11:30,  0.75it/s]Testing DataLoader 0:   2%|▏         | 95/6000 [02:06<2:11:28,  0.75it/s]Testing DataLoader 0:   2%|▏         | 96/6000 [02:08<2:11:25,  0.75it/s]Testing DataLoader 0:   2%|▏         | 97/6000 [02:09<2:11:23,  0.75it/s]Testing DataLoader 0:   2%|▏         | 98/6000 [02:10<2:11:20,  0.75it/s]Testing DataLoader 0:   2%|▏         | 99/6000 [02:12<2:11:18,  0.75it/s]Testing DataLoader 0:   2%|▏         | 100/6000 [02:13<2:11:15,  0.75it/s]Testing DataLoader 0:   2%|▏         | 101/6000 [02:14<2:11:13,  0.75it/s]Testing DataLoader 0:   2%|▏         | 102/6000 [02:16<2:11:11,  0.75it/s]Testing DataLoader 0:   2%|▏         | 103/6000 [02:17<2:11:08,  0.75it/s]Testing DataLoader 0:   2%|▏         | 104/6000 [02:18<2:11:06,  0.75it/s]Testing DataLoader 0:   2%|▏         | 105/6000 [02:20<2:11:03,  0.75it/s]Testing DataLoader 0:   2%|▏         | 106/6000 [02:21<2:11:01,  0.75it/s]Testing DataLoader 0:   2%|▏         | 107/6000 [02:22<2:10:59,  0.75it/s]Testing DataLoader 0:   2%|▏         | 108/6000 [02:24<2:10:56,  0.75it/s]Testing DataLoader 0:   2%|▏         | 109/6000 [02:25<2:10:54,  0.75it/s]Testing DataLoader 0:   2%|▏         | 110/6000 [02:26<2:10:52,  0.75it/s]Testing DataLoader 0:   2%|▏         | 111/6000 [02:27<2:10:49,  0.75it/s]Testing DataLoader 0:   2%|▏         | 112/6000 [02:29<2:10:47,  0.75it/s]Testing DataLoader 0:   2%|▏         | 113/6000 [02:30<2:10:45,  0.75it/s]Testing DataLoader 0:   2%|▏         | 114/6000 [02:31<2:10:43,  0.75it/s]Testing DataLoader 0:   2%|▏         | 115/6000 [02:33<2:10:40,  0.75it/s]Testing DataLoader 0:   2%|▏         | 116/6000 [02:34<2:10:38,  0.75it/s]Testing DataLoader 0:   2%|▏         | 117/6000 [02:35<2:10:36,  0.75it/s]Testing DataLoader 0:   2%|▏         | 118/6000 [02:37<2:10:34,  0.75it/s]Testing DataLoader 0:   2%|▏         | 119/6000 [02:38<2:10:32,  0.75it/s]Testing DataLoader 0:   2%|▏         | 120/6000 [02:39<2:10:30,  0.75it/s]Testing DataLoader 0:   2%|▏         | 121/6000 [02:41<2:10:28,  0.75it/s]Testing DataLoader 0:   2%|▏         | 122/6000 [02:42<2:10:25,  0.75it/s]Testing DataLoader 0:   2%|▏         | 123/6000 [02:43<2:10:23,  0.75it/s]Testing DataLoader 0:   2%|▏         | 124/6000 [02:45<2:10:21,  0.75it/s]Testing DataLoader 0:   2%|▏         | 125/6000 [02:46<2:10:19,  0.75it/s]Testing DataLoader 0:   2%|▏         | 126/6000 [02:47<2:10:17,  0.75it/s]Testing DataLoader 0:   2%|▏         | 127/6000 [02:49<2:10:15,  0.75it/s]Testing DataLoader 0:   2%|▏         | 128/6000 [02:50<2:10:13,  0.75it/s]Testing DataLoader 0:   2%|▏         | 129/6000 [02:51<2:10:11,  0.75it/s]Testing DataLoader 0:   2%|▏         | 130/6000 [02:52<2:10:09,  0.75it/s]Testing DataLoader 0:   2%|▏         | 131/6000 [02:54<2:10:07,  0.75it/s]Testing DataLoader 0:   2%|▏         | 132/6000 [02:55<2:10:05,  0.75it/s]Testing DataLoader 0:   2%|▏         | 133/6000 [02:56<2:10:03,  0.75it/s]Testing DataLoader 0:   2%|▏         | 134/6000 [02:58<2:10:01,  0.75it/s]Testing DataLoader 0:   2%|▏         | 135/6000 [02:59<2:09:59,  0.75it/s]Testing DataLoader 0:   2%|▏         | 136/6000 [03:00<2:09:58,  0.75it/s]Testing DataLoader 0:   2%|▏         | 137/6000 [03:02<2:09:56,  0.75it/s]Testing DataLoader 0:   2%|▏         | 138/6000 [03:03<2:09:54,  0.75it/s]Testing DataLoader 0:   2%|▏         | 139/6000 [03:04<2:09:52,  0.75it/s]Testing DataLoader 0:   2%|▏         | 140/6000 [03:06<2:09:50,  0.75it/s]Testing DataLoader 0:   2%|▏         | 141/6000 [03:07<2:09:48,  0.75it/s]Testing DataLoader 0:   2%|▏         | 142/6000 [03:08<2:09:46,  0.75it/s]Testing DataLoader 0:   2%|▏         | 143/6000 [03:10<2:09:44,  0.75it/s]Testing DataLoader 0:   2%|▏         | 144/6000 [03:11<2:09:42,  0.75it/s]Testing DataLoader 0:   2%|▏         | 145/6000 [03:12<2:09:40,  0.75it/s]Testing DataLoader 0:   2%|▏         | 146/6000 [03:14<2:09:39,  0.75it/s]Testing DataLoader 0:   2%|▏         | 147/6000 [03:15<2:09:37,  0.75it/s]Testing DataLoader 0:   2%|▏         | 148/6000 [03:16<2:09:35,  0.75it/s]Testing DataLoader 0:   2%|▏         | 149/6000 [03:17<2:09:33,  0.75it/s]Testing DataLoader 0:   2%|▎         | 150/6000 [03:19<2:09:31,  0.75it/s]Testing DataLoader 0:   3%|▎         | 151/6000 [03:20<2:09:29,  0.75it/s]Testing DataLoader 0:   3%|▎         | 152/6000 [03:21<2:09:27,  0.75it/s]Testing DataLoader 0:   3%|▎         | 153/6000 [03:23<2:09:26,  0.75it/s]Testing DataLoader 0:   3%|▎         | 154/6000 [03:24<2:09:24,  0.75it/s]Testing DataLoader 0:   3%|▎         | 155/6000 [03:25<2:09:22,  0.75it/s]Testing DataLoader 0:   3%|▎         | 156/6000 [03:27<2:09:20,  0.75it/s]Testing DataLoader 0:   3%|▎         | 157/6000 [03:28<2:09:19,  0.75it/s]Testing DataLoader 0:   3%|▎         | 158/6000 [03:29<2:09:17,  0.75it/s]Testing DataLoader 0:   3%|▎         | 159/6000 [03:31<2:09:15,  0.75it/s]Testing DataLoader 0:   3%|▎         | 160/6000 [03:32<2:09:13,  0.75it/s]Testing DataLoader 0:   3%|▎         | 161/6000 [03:33<2:09:12,  0.75it/s]Testing DataLoader 0:   3%|▎         | 162/6000 [03:35<2:09:10,  0.75it/s]Testing DataLoader 0:   3%|▎         | 163/6000 [03:36<2:09:08,  0.75it/s]Testing DataLoader 0:   3%|▎         | 164/6000 [03:37<2:09:06,  0.75it/s]Testing DataLoader 0:   3%|▎         | 165/6000 [03:39<2:09:04,  0.75it/s]Testing DataLoader 0:   3%|▎         | 166/6000 [03:40<2:09:03,  0.75it/s]Testing DataLoader 0:   3%|▎         | 167/6000 [03:41<2:09:01,  0.75it/s]Testing DataLoader 0:   3%|▎         | 168/6000 [03:42<2:08:59,  0.75it/s]Testing DataLoader 0:   3%|▎         | 169/6000 [03:44<2:08:57,  0.75it/s]Testing DataLoader 0:   3%|▎         | 170/6000 [03:45<2:08:56,  0.75it/s]Testing DataLoader 0:   3%|▎         | 171/6000 [03:46<2:08:54,  0.75it/s]Testing DataLoader 0:   3%|▎         | 172/6000 [03:48<2:08:52,  0.75it/s]Testing DataLoader 0:   3%|▎         | 173/6000 [03:49<2:08:51,  0.75it/s]Testing DataLoader 0:   3%|▎         | 174/6000 [03:50<2:08:49,  0.75it/s]Testing DataLoader 0:   3%|▎         | 175/6000 [03:52<2:08:47,  0.75it/s]Testing DataLoader 0:   3%|▎         | 176/6000 [03:53<2:08:46,  0.75it/s]Testing DataLoader 0:   3%|▎         | 177/6000 [03:54<2:08:44,  0.75it/s]Testing DataLoader 0:   3%|▎         | 178/6000 [03:56<2:08:42,  0.75it/s]Testing DataLoader 0:   3%|▎         | 179/6000 [03:57<2:08:41,  0.75it/s]Testing DataLoader 0:   3%|▎         | 180/6000 [03:58<2:08:39,  0.75it/s]Testing DataLoader 0:   3%|▎         | 181/6000 [04:00<2:08:37,  0.75it/s]Testing DataLoader 0:   3%|▎         | 182/6000 [04:01<2:08:36,  0.75it/s]Testing DataLoader 0:   3%|▎         | 183/6000 [04:02<2:08:34,  0.75it/s]Testing DataLoader 0:   3%|▎         | 184/6000 [04:04<2:08:32,  0.75it/s]Testing DataLoader 0:   3%|▎         | 185/6000 [04:05<2:08:31,  0.75it/s]Testing DataLoader 0:   3%|▎         | 186/6000 [04:06<2:08:29,  0.75it/s]Testing DataLoader 0:   3%|▎         | 187/6000 [04:07<2:08:27,  0.75it/s]Testing DataLoader 0:   3%|▎         | 188/6000 [04:09<2:08:26,  0.75it/s]Testing DataLoader 0:   3%|▎         | 189/6000 [04:10<2:08:24,  0.75it/s]Testing DataLoader 0:   3%|▎         | 190/6000 [04:11<2:08:23,  0.75it/s]Testing DataLoader 0:   3%|▎         | 191/6000 [04:13<2:08:21,  0.75it/s]Testing DataLoader 0:   3%|▎         | 192/6000 [04:14<2:08:19,  0.75it/s]Testing DataLoader 0:   3%|▎         | 193/6000 [04:15<2:08:18,  0.75it/s]Testing DataLoader 0:   3%|▎         | 194/6000 [04:17<2:08:16,  0.75it/s]Testing DataLoader 0:   3%|▎         | 195/6000 [04:18<2:08:14,  0.75it/s]Testing DataLoader 0:   3%|▎         | 196/6000 [04:19<2:08:13,  0.75it/s]Testing DataLoader 0:   3%|▎         | 197/6000 [04:21<2:08:11,  0.75it/s]Testing DataLoader 0:   3%|▎         | 198/6000 [04:22<2:08:09,  0.75it/s]Testing DataLoader 0:   3%|▎         | 199/6000 [04:23<2:08:08,  0.75it/s]Testing DataLoader 0:   3%|▎         | 200/6000 [04:25<2:08:06,  0.75it/s]Testing DataLoader 0:   3%|▎         | 201/6000 [04:26<2:08:05,  0.75it/s]Testing DataLoader 0:   3%|▎         | 202/6000 [04:27<2:08:03,  0.75it/s]Testing DataLoader 0:   3%|▎         | 203/6000 [04:29<2:08:01,  0.75it/s]Testing DataLoader 0:   3%|▎         | 204/6000 [04:30<2:08:00,  0.75it/s]Testing DataLoader 0:   3%|▎         | 205/6000 [04:31<2:07:58,  0.75it/s]Testing DataLoader 0:   3%|▎         | 206/6000 [04:32<2:07:57,  0.75it/s]Testing DataLoader 0:   3%|▎         | 207/6000 [04:34<2:07:55,  0.75it/s]Testing DataLoader 0:   3%|▎         | 208/6000 [04:35<2:07:53,  0.75it/s]Testing DataLoader 0:   3%|▎         | 209/6000 [04:36<2:07:52,  0.75it/s]Testing DataLoader 0:   4%|▎         | 210/6000 [04:38<2:07:50,  0.75it/s]Testing DataLoader 0:   4%|▎         | 211/6000 [04:39<2:07:48,  0.75it/s]Testing DataLoader 0:   4%|▎         | 212/6000 [04:40<2:07:47,  0.75it/s]Testing DataLoader 0:   4%|▎         | 213/6000 [04:42<2:07:45,  0.75it/s]Testing DataLoader 0:   4%|▎         | 214/6000 [04:43<2:07:44,  0.75it/s]Testing DataLoader 0:   4%|▎         | 215/6000 [04:44<2:07:42,  0.75it/s]Testing DataLoader 0:   4%|▎         | 216/6000 [04:46<2:07:41,  0.75it/s]Testing DataLoader 0:   4%|▎         | 217/6000 [04:47<2:07:39,  0.76it/s]Testing DataLoader 0:   4%|▎         | 218/6000 [04:48<2:07:37,  0.76it/s]Testing DataLoader 0:   4%|▎         | 219/6000 [04:50<2:07:36,  0.76it/s]Testing DataLoader 0:   4%|▎         | 220/6000 [04:51<2:07:34,  0.76it/s]Testing DataLoader 0:   4%|▎         | 221/6000 [04:52<2:07:33,  0.76it/s]Testing DataLoader 0:   4%|▎         | 222/6000 [04:53<2:07:31,  0.76it/s]Testing DataLoader 0:   4%|▎         | 223/6000 [04:55<2:07:30,  0.76it/s]Testing DataLoader 0:   4%|▎         | 224/6000 [04:56<2:07:28,  0.76it/s]Testing DataLoader 0:   4%|▍         | 225/6000 [04:57<2:07:26,  0.76it/s]Testing DataLoader 0:   4%|▍         | 226/6000 [04:59<2:07:25,  0.76it/s]Testing DataLoader 0:   4%|▍         | 227/6000 [05:00<2:07:23,  0.76it/s]Testing DataLoader 0:   4%|▍         | 228/6000 [05:01<2:07:22,  0.76it/s]Testing DataLoader 0:   4%|▍         | 229/6000 [05:03<2:07:20,  0.76it/s]Testing DataLoader 0:   4%|▍         | 230/6000 [05:04<2:07:19,  0.76it/s]Testing DataLoader 0:   4%|▍         | 231/6000 [05:05<2:07:17,  0.76it/s]Testing DataLoader 0:   4%|▍         | 232/6000 [05:07<2:07:16,  0.76it/s]Testing DataLoader 0:   4%|▍         | 233/6000 [05:08<2:07:14,  0.76it/s]Testing DataLoader 0:   4%|▍         | 234/6000 [05:09<2:07:13,  0.76it/s]Testing DataLoader 0:   4%|▍         | 235/6000 [05:11<2:07:11,  0.76it/s]Testing DataLoader 0:   4%|▍         | 236/6000 [05:12<2:07:10,  0.76it/s]Testing DataLoader 0:   4%|▍         | 237/6000 [05:13<2:07:08,  0.76it/s]Testing DataLoader 0:   4%|▍         | 238/6000 [05:15<2:07:07,  0.76it/s]Testing DataLoader 0:   4%|▍         | 239/6000 [05:16<2:07:05,  0.76it/s]Testing DataLoader 0:   4%|▍         | 240/6000 [05:17<2:07:04,  0.76it/s]Testing DataLoader 0:   4%|▍         | 241/6000 [05:18<2:07:02,  0.76it/s]Testing DataLoader 0:   4%|▍         | 242/6000 [05:20<2:07:01,  0.76it/s]Testing DataLoader 0:   4%|▍         | 243/6000 [05:21<2:06:59,  0.76it/s]Testing DataLoader 0:   4%|▍         | 244/6000 [05:22<2:06:58,  0.76it/s]Testing DataLoader 0:   4%|▍         | 245/6000 [05:24<2:06:56,  0.76it/s]Testing DataLoader 0:   4%|▍         | 246/6000 [05:25<2:06:55,  0.76it/s]Testing DataLoader 0:   4%|▍         | 247/6000 [05:26<2:06:53,  0.76it/s]Testing DataLoader 0:   4%|▍         | 248/6000 [05:28<2:06:52,  0.76it/s]Testing DataLoader 0:   4%|▍         | 249/6000 [05:29<2:06:50,  0.76it/s]Testing DataLoader 0:   4%|▍         | 250/6000 [05:30<2:06:49,  0.76it/s]Testing DataLoader 0:   4%|▍         | 251/6000 [05:32<2:06:47,  0.76it/s]Testing DataLoader 0:   4%|▍         | 252/6000 [05:33<2:06:46,  0.76it/s]Testing DataLoader 0:   4%|▍         | 253/6000 [05:34<2:06:44,  0.76it/s]Testing DataLoader 0:   4%|▍         | 254/6000 [05:36<2:06:43,  0.76it/s]Testing DataLoader 0:   4%|▍         | 255/6000 [05:37<2:06:41,  0.76it/s]Testing DataLoader 0:   4%|▍         | 256/6000 [05:38<2:06:40,  0.76it/s]Testing DataLoader 0:   4%|▍         | 257/6000 [05:40<2:06:38,  0.76it/s]Testing DataLoader 0:   4%|▍         | 258/6000 [05:41<2:06:37,  0.76it/s]Testing DataLoader 0:   4%|▍         | 259/6000 [05:42<2:06:35,  0.76it/s]Testing DataLoader 0:   4%|▍         | 260/6000 [05:43<2:06:34,  0.76it/s]Testing DataLoader 0:   4%|▍         | 261/6000 [05:45<2:06:32,  0.76it/s]Testing DataLoader 0:   4%|▍         | 262/6000 [05:46<2:06:31,  0.76it/s]Testing DataLoader 0:   4%|▍         | 263/6000 [05:47<2:06:29,  0.76it/s]Testing DataLoader 0:   4%|▍         | 264/6000 [05:49<2:06:28,  0.76it/s]Testing DataLoader 0:   4%|▍         | 265/6000 [05:50<2:06:26,  0.76it/s]Testing DataLoader 0:   4%|▍         | 266/6000 [05:51<2:06:25,  0.76it/s]Testing DataLoader 0:   4%|▍         | 267/6000 [05:53<2:06:23,  0.76it/s]Testing DataLoader 0:   4%|▍         | 268/6000 [05:54<2:06:22,  0.76it/s]Testing DataLoader 0:   4%|▍         | 269/6000 [05:55<2:06:20,  0.76it/s]Testing DataLoader 0:   4%|▍         | 270/6000 [05:57<2:06:19,  0.76it/s]Testing DataLoader 0:   5%|▍         | 271/6000 [05:58<2:06:17,  0.76it/s]Testing DataLoader 0:   5%|▍         | 272/6000 [05:59<2:06:16,  0.76it/s]Testing DataLoader 0:   5%|▍         | 273/6000 [06:01<2:06:14,  0.76it/s]Testing DataLoader 0:   5%|▍         | 274/6000 [06:02<2:06:13,  0.76it/s]Testing DataLoader 0:   5%|▍         | 275/6000 [06:03<2:06:11,  0.76it/s]Testing DataLoader 0:   5%|▍         | 276/6000 [06:05<2:06:10,  0.76it/s]Testing DataLoader 0:   5%|▍         | 277/6000 [06:06<2:06:08,  0.76it/s]Testing DataLoader 0:   5%|▍         | 278/6000 [06:07<2:06:07,  0.76it/s]Testing DataLoader 0:   5%|▍         | 279/6000 [06:08<2:06:06,  0.76it/s]Testing DataLoader 0:   5%|▍         | 280/6000 [06:10<2:06:04,  0.76it/s]Testing DataLoader 0:   5%|▍         | 281/6000 [06:11<2:06:03,  0.76it/s]Testing DataLoader 0:   5%|▍         | 282/6000 [06:12<2:06:01,  0.76it/s]Testing DataLoader 0:   5%|▍         | 283/6000 [06:14<2:06:00,  0.76it/s]Testing DataLoader 0:   5%|▍         | 284/6000 [06:15<2:05:58,  0.76it/s]Testing DataLoader 0:   5%|▍         | 285/6000 [06:16<2:05:57,  0.76it/s]Testing DataLoader 0:   5%|▍         | 286/6000 [06:18<2:05:55,  0.76it/s]Testing DataLoader 0:   5%|▍         | 287/6000 [06:19<2:05:54,  0.76it/s]Testing DataLoader 0:   5%|▍         | 288/6000 [06:20<2:05:52,  0.76it/s]Testing DataLoader 0:   5%|▍         | 289/6000 [06:22<2:05:51,  0.76it/s]Testing DataLoader 0:   5%|▍         | 290/6000 [06:23<2:05:49,  0.76it/s]Testing DataLoader 0:   5%|▍         | 291/6000 [06:24<2:05:48,  0.76it/s]Testing DataLoader 0:   5%|▍         | 292/6000 [06:26<2:05:46,  0.76it/s]Testing DataLoader 0:   5%|▍         | 293/6000 [06:27<2:05:45,  0.76it/s]Testing DataLoader 0:   5%|▍         | 294/6000 [06:28<2:05:44,  0.76it/s]Testing DataLoader 0:   5%|▍         | 295/6000 [06:30<2:05:42,  0.76it/s]Testing DataLoader 0:   5%|▍         | 296/6000 [06:31<2:05:41,  0.76it/s]Testing DataLoader 0:   5%|▍         | 297/6000 [06:32<2:05:39,  0.76it/s]Testing DataLoader 0:   5%|▍         | 298/6000 [06:33<2:05:38,  0.76it/s]Testing DataLoader 0:   5%|▍         | 299/6000 [06:35<2:05:36,  0.76it/s]Testing DataLoader 0:   5%|▌         | 300/6000 [06:36<2:05:35,  0.76it/s]Testing DataLoader 0:   5%|▌         | 301/6000 [06:37<2:05:33,  0.76it/s]Testing DataLoader 0:   5%|▌         | 302/6000 [06:39<2:05:32,  0.76it/s]Testing DataLoader 0:   5%|▌         | 303/6000 [06:40<2:05:30,  0.76it/s]Testing DataLoader 0:   5%|▌         | 304/6000 [06:41<2:05:29,  0.76it/s]Testing DataLoader 0:   5%|▌         | 305/6000 [06:43<2:05:28,  0.76it/s]Testing DataLoader 0:   5%|▌         | 306/6000 [06:44<2:05:26,  0.76it/s]Testing DataLoader 0:   5%|▌         | 307/6000 [06:45<2:05:25,  0.76it/s]Testing DataLoader 0:   5%|▌         | 308/6000 [06:47<2:05:23,  0.76it/s]Testing DataLoader 0:   5%|▌         | 309/6000 [06:48<2:05:22,  0.76it/s]Testing DataLoader 0:   5%|▌         | 310/6000 [06:49<2:05:20,  0.76it/s]Testing DataLoader 0:   5%|▌         | 311/6000 [06:51<2:05:19,  0.76it/s]Testing DataLoader 0:   5%|▌         | 312/6000 [06:52<2:05:18,  0.76it/s]Testing DataLoader 0:   5%|▌         | 313/6000 [06:53<2:05:16,  0.76it/s]Testing DataLoader 0:   5%|▌         | 314/6000 [06:55<2:05:15,  0.76it/s]Testing DataLoader 0:   5%|▌         | 315/6000 [06:56<2:05:13,  0.76it/s]Testing DataLoader 0:   5%|▌         | 316/6000 [06:57<2:05:12,  0.76it/s]Testing DataLoader 0:   5%|▌         | 317/6000 [06:58<2:05:10,  0.76it/s]Testing DataLoader 0:   5%|▌         | 318/6000 [07:00<2:05:09,  0.76it/s]Testing DataLoader 0:   5%|▌         | 319/6000 [07:01<2:05:07,  0.76it/s]Testing DataLoader 0:   5%|▌         | 320/6000 [07:02<2:05:06,  0.76it/s]Testing DataLoader 0:   5%|▌         | 321/6000 [07:04<2:05:05,  0.76it/s]Testing DataLoader 0:   5%|▌         | 322/6000 [07:05<2:05:03,  0.76it/s]Testing DataLoader 0:   5%|▌         | 323/6000 [07:06<2:05:02,  0.76it/s]Testing DataLoader 0:   5%|▌         | 324/6000 [07:08<2:05:00,  0.76it/s]Testing DataLoader 0:   5%|▌         | 325/6000 [07:09<2:04:59,  0.76it/s]Testing DataLoader 0:   5%|▌         | 326/6000 [07:10<2:04:57,  0.76it/s]Testing DataLoader 0:   5%|▌         | 327/6000 [07:12<2:04:56,  0.76it/s]Testing DataLoader 0:   5%|▌         | 328/6000 [07:13<2:04:55,  0.76it/s]Testing DataLoader 0:   5%|▌         | 329/6000 [07:14<2:04:53,  0.76it/s]Testing DataLoader 0:   6%|▌         | 330/6000 [07:16<2:04:52,  0.76it/s]Testing DataLoader 0:   6%|▌         | 331/6000 [07:17<2:04:50,  0.76it/s]Testing DataLoader 0:   6%|▌         | 332/6000 [07:18<2:04:49,  0.76it/s]Testing DataLoader 0:   6%|▌         | 333/6000 [07:19<2:04:47,  0.76it/s]Testing DataLoader 0:   6%|▌         | 334/6000 [07:21<2:04:46,  0.76it/s]Testing DataLoader 0:   6%|▌         | 335/6000 [07:22<2:04:45,  0.76it/s]Testing DataLoader 0:   6%|▌         | 336/6000 [07:23<2:04:43,  0.76it/s]Testing DataLoader 0:   6%|▌         | 337/6000 [07:25<2:04:42,  0.76it/s]Testing DataLoader 0:   6%|▌         | 338/6000 [07:26<2:04:40,  0.76it/s]Testing DataLoader 0:   6%|▌         | 339/6000 [07:27<2:04:39,  0.76it/s]Testing DataLoader 0:   6%|▌         | 340/6000 [07:29<2:04:38,  0.76it/s]Testing DataLoader 0:   6%|▌         | 341/6000 [07:30<2:04:36,  0.76it/s]Testing DataLoader 0:   6%|▌         | 342/6000 [07:31<2:04:35,  0.76it/s]Testing DataLoader 0:   6%|▌         | 343/6000 [07:33<2:04:33,  0.76it/s]Testing DataLoader 0:   6%|▌         | 344/6000 [07:34<2:04:32,  0.76it/s]Testing DataLoader 0:   6%|▌         | 345/6000 [07:35<2:04:31,  0.76it/s]Testing DataLoader 0:   6%|▌         | 346/6000 [07:37<2:04:29,  0.76it/s]Testing DataLoader 0:   6%|▌         | 347/6000 [07:38<2:04:28,  0.76it/s]Testing DataLoader 0:   6%|▌         | 348/6000 [07:39<2:04:26,  0.76it/s]Testing DataLoader 0:   6%|▌         | 349/6000 [07:41<2:04:25,  0.76it/s]Testing DataLoader 0:   6%|▌         | 350/6000 [07:42<2:04:23,  0.76it/s]Testing DataLoader 0:   6%|▌         | 351/6000 [07:43<2:04:22,  0.76it/s]Testing DataLoader 0:   6%|▌         | 352/6000 [07:45<2:04:21,  0.76it/s]Testing DataLoader 0:   6%|▌         | 353/6000 [07:46<2:04:19,  0.76it/s]Testing DataLoader 0:   6%|▌         | 354/6000 [07:47<2:04:18,  0.76it/s]Testing DataLoader 0:   6%|▌         | 355/6000 [07:48<2:04:16,  0.76it/s]Testing DataLoader 0:   6%|▌         | 356/6000 [07:50<2:04:15,  0.76it/s]Testing DataLoader 0:   6%|▌         | 357/6000 [07:51<2:04:14,  0.76it/s]Testing DataLoader 0:   6%|▌         | 358/6000 [07:52<2:04:12,  0.76it/s]Testing DataLoader 0:   6%|▌         | 359/6000 [07:54<2:04:11,  0.76it/s]Testing DataLoader 0:   6%|▌         | 360/6000 [07:55<2:04:09,  0.76it/s]Testing DataLoader 0:   6%|▌         | 361/6000 [07:56<2:04:08,  0.76it/s]Testing DataLoader 0:   6%|▌         | 362/6000 [07:58<2:04:07,  0.76it/s]Testing DataLoader 0:   6%|▌         | 363/6000 [07:59<2:04:05,  0.76it/s]Testing DataLoader 0:   6%|▌         | 364/6000 [08:00<2:04:04,  0.76it/s]Testing DataLoader 0:   6%|▌         | 365/6000 [08:02<2:04:02,  0.76it/s]Testing DataLoader 0:   6%|▌         | 366/6000 [08:03<2:04:01,  0.76it/s]Testing DataLoader 0:   6%|▌         | 367/6000 [08:04<2:04:00,  0.76it/s]Testing DataLoader 0:   6%|▌         | 368/6000 [08:06<2:03:58,  0.76it/s]Testing DataLoader 0:   6%|▌         | 369/6000 [08:07<2:03:57,  0.76it/s]Testing DataLoader 0:   6%|▌         | 370/6000 [08:08<2:03:55,  0.76it/s]Testing DataLoader 0:   6%|▌         | 371/6000 [08:09<2:03:54,  0.76it/s]Testing DataLoader 0:   6%|▌         | 372/6000 [08:11<2:03:53,  0.76it/s]Testing DataLoader 0:   6%|▌         | 373/6000 [08:12<2:03:51,  0.76it/s]Testing DataLoader 0:   6%|▌         | 374/6000 [08:13<2:03:50,  0.76it/s]Testing DataLoader 0:   6%|▋         | 375/6000 [08:15<2:03:48,  0.76it/s]Testing DataLoader 0:   6%|▋         | 376/6000 [08:16<2:03:47,  0.76it/s]Testing DataLoader 0:   6%|▋         | 377/6000 [08:17<2:03:45,  0.76it/s]Testing DataLoader 0:   6%|▋         | 378/6000 [08:19<2:03:44,  0.76it/s]Testing DataLoader 0:   6%|▋         | 379/6000 [08:20<2:03:43,  0.76it/s]Testing DataLoader 0:   6%|▋         | 380/6000 [08:21<2:03:41,  0.76it/s]Testing DataLoader 0:   6%|▋         | 381/6000 [08:23<2:03:40,  0.76it/s]Testing DataLoader 0:   6%|▋         | 382/6000 [08:24<2:03:38,  0.76it/s]Testing DataLoader 0:   6%|▋         | 383/6000 [08:25<2:03:37,  0.76it/s]Testing DataLoader 0:   6%|▋         | 384/6000 [08:27<2:03:36,  0.76it/s]Testing DataLoader 0:   6%|▋         | 385/6000 [08:28<2:03:34,  0.76it/s]Testing DataLoader 0:   6%|▋         | 386/6000 [08:29<2:03:33,  0.76it/s]Testing DataLoader 0:   6%|▋         | 387/6000 [08:31<2:03:31,  0.76it/s]Testing DataLoader 0:   6%|▋         | 388/6000 [08:32<2:03:30,  0.76it/s]Testing DataLoader 0:   6%|▋         | 389/6000 [08:33<2:03:29,  0.76it/s]Testing DataLoader 0:   6%|▋         | 390/6000 [08:34<2:03:27,  0.76it/s]Testing DataLoader 0:   7%|▋         | 391/6000 [08:36<2:03:26,  0.76it/s]Testing DataLoader 0:   7%|▋         | 392/6000 [08:37<2:03:24,  0.76it/s]Testing DataLoader 0:   7%|▋         | 393/6000 [08:38<2:03:23,  0.76it/s]Testing DataLoader 0:   7%|▋         | 394/6000 [08:40<2:03:22,  0.76it/s]Testing DataLoader 0:   7%|▋         | 395/6000 [08:41<2:03:20,  0.76it/s]Testing DataLoader 0:   7%|▋         | 396/6000 [08:42<2:03:19,  0.76it/s]Testing DataLoader 0:   7%|▋         | 397/6000 [08:44<2:03:18,  0.76it/s]Testing DataLoader 0:   7%|▋         | 398/6000 [08:45<2:03:16,  0.76it/s]Testing DataLoader 0:   7%|▋         | 399/6000 [08:46<2:03:15,  0.76it/s]Testing DataLoader 0:   7%|▋         | 400/6000 [08:48<2:03:14,  0.76it/s]Testing DataLoader 0:   7%|▋         | 401/6000 [08:49<2:03:12,  0.76it/s]Testing DataLoader 0:   7%|▋         | 402/6000 [08:50<2:03:11,  0.76it/s]Testing DataLoader 0:   7%|▋         | 403/6000 [08:52<2:03:09,  0.76it/s]Testing DataLoader 0:   7%|▋         | 404/6000 [08:53<2:03:08,  0.76it/s]Testing DataLoader 0:   7%|▋         | 405/6000 [08:54<2:03:07,  0.76it/s]Testing DataLoader 0:   7%|▋         | 406/6000 [08:56<2:03:05,  0.76it/s]Testing DataLoader 0:   7%|▋         | 407/6000 [08:57<2:03:04,  0.76it/s]Testing DataLoader 0:   7%|▋         | 408/6000 [08:58<2:03:02,  0.76it/s]Testing DataLoader 0:   7%|▋         | 409/6000 [09:00<2:03:01,  0.76it/s]Testing DataLoader 0:   7%|▋         | 410/6000 [09:01<2:03:00,  0.76it/s]Testing DataLoader 0:   7%|▋         | 411/6000 [09:02<2:02:59,  0.76it/s]Testing DataLoader 0:   7%|▋         | 412/6000 [09:03<2:02:57,  0.76it/s]Testing DataLoader 0:   7%|▋         | 413/6000 [09:05<2:02:56,  0.76it/s]Testing DataLoader 0:   7%|▋         | 414/6000 [09:06<2:02:54,  0.76it/s]Testing DataLoader 0:   7%|▋         | 415/6000 [09:07<2:02:53,  0.76it/s]Testing DataLoader 0:   7%|▋         | 416/6000 [09:09<2:02:52,  0.76it/s]Testing DataLoader 0:   7%|▋         | 417/6000 [09:10<2:02:50,  0.76it/s]Testing DataLoader 0:   7%|▋         | 418/6000 [09:11<2:02:49,  0.76it/s]Testing DataLoader 0:   7%|▋         | 419/6000 [09:13<2:02:48,  0.76it/s]Testing DataLoader 0:   7%|▋         | 420/6000 [09:14<2:02:46,  0.76it/s]Testing DataLoader 0:   7%|▋         | 421/6000 [09:15<2:02:45,  0.76it/s]Testing DataLoader 0:   7%|▋         | 422/6000 [09:17<2:02:43,  0.76it/s]Testing DataLoader 0:   7%|▋         | 423/6000 [09:18<2:02:42,  0.76it/s]Testing DataLoader 0:   7%|▋         | 424/6000 [09:19<2:02:41,  0.76it/s]Testing DataLoader 0:   7%|▋         | 425/6000 [09:21<2:02:39,  0.76it/s]Testing DataLoader 0:   7%|▋         | 426/6000 [09:22<2:02:38,  0.76it/s]Testing DataLoader 0:   7%|▋         | 427/6000 [09:23<2:02:36,  0.76it/s]Testing DataLoader 0:   7%|▋         | 428/6000 [09:25<2:02:35,  0.76it/s]Testing DataLoader 0:   7%|▋         | 429/6000 [09:26<2:02:34,  0.76it/s]Testing DataLoader 0:   7%|▋         | 430/6000 [09:27<2:02:32,  0.76it/s]Testing DataLoader 0:   7%|▋         | 431/6000 [09:28<2:02:31,  0.76it/s]Testing DataLoader 0:   7%|▋         | 432/6000 [09:30<2:02:30,  0.76it/s]Testing DataLoader 0:   7%|▋         | 433/6000 [09:31<2:02:28,  0.76it/s]Testing DataLoader 0:   7%|▋         | 434/6000 [09:32<2:02:27,  0.76it/s]Testing DataLoader 0:   7%|▋         | 435/6000 [09:34<2:02:25,  0.76it/s]Testing DataLoader 0:   7%|▋         | 436/6000 [09:35<2:02:24,  0.76it/s]Testing DataLoader 0:   7%|▋         | 437/6000 [09:36<2:02:23,  0.76it/s]Testing DataLoader 0:   7%|▋         | 438/6000 [09:38<2:02:21,  0.76it/s]Testing DataLoader 0:   7%|▋         | 439/6000 [09:39<2:02:20,  0.76it/s]Testing DataLoader 0:   7%|▋         | 440/6000 [09:40<2:02:19,  0.76it/s]Testing DataLoader 0:   7%|▋         | 441/6000 [09:42<2:02:17,  0.76it/s]Testing DataLoader 0:   7%|▋         | 442/6000 [09:43<2:02:16,  0.76it/s]Testing DataLoader 0:   7%|▋         | 443/6000 [09:44<2:02:14,  0.76it/s]Testing DataLoader 0:   7%|▋         | 444/6000 [09:46<2:02:13,  0.76it/s]Testing DataLoader 0:   7%|▋         | 445/6000 [09:47<2:02:12,  0.76it/s]Testing DataLoader 0:   7%|▋         | 446/6000 [09:48<2:02:10,  0.76it/s]Testing DataLoader 0:   7%|▋         | 447/6000 [09:49<2:02:09,  0.76it/s]Testing DataLoader 0:   7%|▋         | 448/6000 [09:51<2:02:08,  0.76it/s]Testing DataLoader 0:   7%|▋         | 449/6000 [09:52<2:02:06,  0.76it/s]Testing DataLoader 0:   8%|▊         | 450/6000 [09:53<2:02:05,  0.76it/s]Testing DataLoader 0:   8%|▊         | 451/6000 [09:55<2:02:03,  0.76it/s]Testing DataLoader 0:   8%|▊         | 452/6000 [09:56<2:02:02,  0.76it/s]Testing DataLoader 0:   8%|▊         | 453/6000 [09:57<2:02:01,  0.76it/s]Testing DataLoader 0:   8%|▊         | 454/6000 [09:59<2:01:59,  0.76it/s]Testing DataLoader 0:   8%|▊         | 455/6000 [10:00<2:01:58,  0.76it/s]Testing DataLoader 0:   8%|▊         | 456/6000 [10:01<2:01:57,  0.76it/s]Testing DataLoader 0:   8%|▊         | 457/6000 [10:03<2:01:55,  0.76it/s]Testing DataLoader 0:   8%|▊         | 458/6000 [10:04<2:01:54,  0.76it/s]Testing DataLoader 0:   8%|▊         | 459/6000 [10:05<2:01:52,  0.76it/s]Testing DataLoader 0:   8%|▊         | 460/6000 [10:07<2:01:51,  0.76it/s]Testing DataLoader 0:   8%|▊         | 461/6000 [10:08<2:01:50,  0.76it/s]Testing DataLoader 0:   8%|▊         | 462/6000 [10:09<2:01:48,  0.76it/s]Testing DataLoader 0:   8%|▊         | 463/6000 [10:11<2:01:47,  0.76it/s]Testing DataLoader 0:   8%|▊         | 464/6000 [10:12<2:01:46,  0.76it/s]Testing DataLoader 0:   8%|▊         | 465/6000 [10:13<2:01:44,  0.76it/s]Testing DataLoader 0:   8%|▊         | 466/6000 [10:14<2:01:43,  0.76it/s]Testing DataLoader 0:   8%|▊         | 467/6000 [10:16<2:01:41,  0.76it/s]Testing DataLoader 0:   8%|▊         | 468/6000 [10:17<2:01:40,  0.76it/s]Testing DataLoader 0:   8%|▊         | 469/6000 [10:18<2:01:39,  0.76it/s]Testing DataLoader 0:   8%|▊         | 470/6000 [10:20<2:01:37,  0.76it/s]Testing DataLoader 0:   8%|▊         | 471/6000 [10:21<2:01:36,  0.76it/s]Testing DataLoader 0:   8%|▊         | 472/6000 [10:22<2:01:35,  0.76it/s]Testing DataLoader 0:   8%|▊         | 473/6000 [10:24<2:01:33,  0.76it/s]Testing DataLoader 0:   8%|▊         | 474/6000 [10:25<2:01:32,  0.76it/s]Testing DataLoader 0:   8%|▊         | 475/6000 [10:26<2:01:31,  0.76it/s]Testing DataLoader 0:   8%|▊         | 476/6000 [10:28<2:01:29,  0.76it/s]Testing DataLoader 0:   8%|▊         | 477/6000 [10:29<2:01:28,  0.76it/s]Testing DataLoader 0:   8%|▊         | 478/6000 [10:30<2:01:26,  0.76it/s]Testing DataLoader 0:   8%|▊         | 479/6000 [10:32<2:01:25,  0.76it/s]Testing DataLoader 0:   8%|▊         | 480/6000 [10:33<2:01:24,  0.76it/s]Testing DataLoader 0:   8%|▊         | 481/6000 [10:34<2:01:22,  0.76it/s]Testing DataLoader 0:   8%|▊         | 482/6000 [10:36<2:01:21,  0.76it/s]Testing DataLoader 0:   8%|▊         | 483/6000 [10:37<2:01:20,  0.76it/s]Testing DataLoader 0:   8%|▊         | 484/6000 [10:38<2:01:18,  0.76it/s]Testing DataLoader 0:   8%|▊         | 485/6000 [10:39<2:01:17,  0.76it/s]Testing DataLoader 0:   8%|▊         | 486/6000 [10:41<2:01:15,  0.76it/s]Testing DataLoader 0:   8%|▊         | 487/6000 [10:42<2:01:14,  0.76it/s]Testing DataLoader 0:   8%|▊         | 488/6000 [10:43<2:01:13,  0.76it/s]Testing DataLoader 0:   8%|▊         | 489/6000 [10:45<2:01:11,  0.76it/s]Testing DataLoader 0:   8%|▊         | 490/6000 [10:46<2:01:10,  0.76it/s]Testing DataLoader 0:   8%|▊         | 491/6000 [10:47<2:01:09,  0.76it/s]Testing DataLoader 0:   8%|▊         | 492/6000 [10:49<2:01:07,  0.76it/s]Testing DataLoader 0:   8%|▊         | 493/6000 [10:50<2:01:06,  0.76it/s]Testing DataLoader 0:   8%|▊         | 494/6000 [10:51<2:01:05,  0.76it/s]Testing DataLoader 0:   8%|▊         | 495/6000 [10:53<2:01:03,  0.76it/s]Testing DataLoader 0:   8%|▊         | 496/6000 [10:54<2:01:02,  0.76it/s]Testing DataLoader 0:   8%|▊         | 497/6000 [10:55<2:01:01,  0.76it/s]Testing DataLoader 0:   8%|▊         | 498/6000 [10:57<2:00:59,  0.76it/s]Testing DataLoader 0:   8%|▊         | 499/6000 [10:58<2:00:58,  0.76it/s]Testing DataLoader 0:   8%|▊         | 500/6000 [10:59<2:00:56,  0.76it/s]Testing DataLoader 0:   8%|▊         | 501/6000 [11:01<2:00:55,  0.76it/s]Testing DataLoader 0:   8%|▊         | 502/6000 [11:02<2:00:54,  0.76it/s]Testing DataLoader 0:   8%|▊         | 503/6000 [11:03<2:00:52,  0.76it/s]Testing DataLoader 0:   8%|▊         | 504/6000 [11:04<2:00:51,  0.76it/s]Testing DataLoader 0:   8%|▊         | 505/6000 [11:06<2:00:50,  0.76it/s]Testing DataLoader 0:   8%|▊         | 506/6000 [11:07<2:00:48,  0.76it/s]Testing DataLoader 0:   8%|▊         | 507/6000 [11:08<2:00:47,  0.76it/s]Testing DataLoader 0:   8%|▊         | 508/6000 [11:10<2:00:46,  0.76it/s]Testing DataLoader 0:   8%|▊         | 509/6000 [11:11<2:00:44,  0.76it/s]Testing DataLoader 0:   8%|▊         | 510/6000 [11:12<2:00:43,  0.76it/s]Testing DataLoader 0:   9%|▊         | 511/6000 [11:14<2:00:42,  0.76it/s]Testing DataLoader 0:   9%|▊         | 512/6000 [11:15<2:00:40,  0.76it/s]Testing DataLoader 0:   9%|▊         | 513/6000 [11:16<2:00:39,  0.76it/s]Testing DataLoader 0:   9%|▊         | 514/6000 [11:18<2:00:37,  0.76it/s]Testing DataLoader 0:   9%|▊         | 515/6000 [11:19<2:00:36,  0.76it/s]Testing DataLoader 0:   9%|▊         | 516/6000 [11:20<2:00:35,  0.76it/s]Testing DataLoader 0:   9%|▊         | 517/6000 [11:22<2:00:33,  0.76it/s]Testing DataLoader 0:   9%|▊         | 518/6000 [11:23<2:00:32,  0.76it/s]Testing DataLoader 0:   9%|▊         | 519/6000 [11:24<2:00:31,  0.76it/s]Testing DataLoader 0:   9%|▊         | 520/6000 [11:26<2:00:29,  0.76it/s]Testing DataLoader 0:   9%|▊         | 521/6000 [11:27<2:00:28,  0.76it/s]Testing DataLoader 0:   9%|▊         | 522/6000 [11:28<2:00:27,  0.76it/s]Testing DataLoader 0:   9%|▊         | 523/6000 [11:30<2:00:25,  0.76it/s]Testing DataLoader 0:   9%|▊         | 524/6000 [11:31<2:00:24,  0.76it/s]Testing DataLoader 0:   9%|▉         | 525/6000 [11:32<2:00:23,  0.76it/s]Testing DataLoader 0:   9%|▉         | 526/6000 [11:33<2:00:21,  0.76it/s]Testing DataLoader 0:   9%|▉         | 527/6000 [11:35<2:00:20,  0.76it/s]Testing DataLoader 0:   9%|▉         | 528/6000 [11:36<2:00:19,  0.76it/s]Testing DataLoader 0:   9%|▉         | 529/6000 [11:37<2:00:17,  0.76it/s]Testing DataLoader 0:   9%|▉         | 530/6000 [11:39<2:00:16,  0.76it/s]Testing DataLoader 0:   9%|▉         | 531/6000 [11:40<2:00:15,  0.76it/s]Testing DataLoader 0:   9%|▉         | 532/6000 [11:41<2:00:13,  0.76it/s]Testing DataLoader 0:   9%|▉         | 533/6000 [11:43<2:00:12,  0.76it/s]Testing DataLoader 0:   9%|▉         | 534/6000 [11:44<2:00:11,  0.76it/s]Testing DataLoader 0:   9%|▉         | 535/6000 [11:45<2:00:09,  0.76it/s]Testing DataLoader 0:   9%|▉         | 536/6000 [11:47<2:00:08,  0.76it/s]Testing DataLoader 0:   9%|▉         | 537/6000 [11:48<2:00:07,  0.76it/s]Testing DataLoader 0:   9%|▉         | 538/6000 [11:49<2:00:05,  0.76it/s]Testing DataLoader 0:   9%|▉         | 539/6000 [11:51<2:00:04,  0.76it/s]Testing DataLoader 0:   9%|▉         | 540/6000 [11:52<2:00:03,  0.76it/s]Testing DataLoader 0:   9%|▉         | 541/6000 [11:53<2:00:01,  0.76it/s]Testing DataLoader 0:   9%|▉         | 542/6000 [11:55<2:00:00,  0.76it/s]Testing DataLoader 0:   9%|▉         | 543/6000 [11:56<1:59:59,  0.76it/s]Testing DataLoader 0:   9%|▉         | 544/6000 [11:57<1:59:57,  0.76it/s]Testing DataLoader 0:   9%|▉         | 545/6000 [11:58<1:59:56,  0.76it/s]Testing DataLoader 0:   9%|▉         | 546/6000 [12:00<1:59:55,  0.76it/s]Testing DataLoader 0:   9%|▉         | 547/6000 [12:01<1:59:53,  0.76it/s]Testing DataLoader 0:   9%|▉         | 548/6000 [12:02<1:59:52,  0.76it/s]Testing DataLoader 0:   9%|▉         | 549/6000 [12:04<1:59:50,  0.76it/s]Testing DataLoader 0:   9%|▉         | 550/6000 [12:05<1:59:49,  0.76it/s]Testing DataLoader 0:   9%|▉         | 551/6000 [12:06<1:59:48,  0.76it/s]Testing DataLoader 0:   9%|▉         | 552/6000 [12:08<1:59:46,  0.76it/s]Testing DataLoader 0:   9%|▉         | 553/6000 [12:09<1:59:45,  0.76it/s]Testing DataLoader 0:   9%|▉         | 554/6000 [12:10<1:59:44,  0.76it/s]Testing DataLoader 0:   9%|▉         | 555/6000 [12:12<1:59:42,  0.76it/s]Testing DataLoader 0:   9%|▉         | 556/6000 [12:13<1:59:41,  0.76it/s]Testing DataLoader 0:   9%|▉         | 557/6000 [12:14<1:59:40,  0.76it/s]Testing DataLoader 0:   9%|▉         | 558/6000 [12:16<1:59:38,  0.76it/s]Testing DataLoader 0:   9%|▉         | 559/6000 [12:17<1:59:37,  0.76it/s]Testing DataLoader 0:   9%|▉         | 560/6000 [12:18<1:59:36,  0.76it/s]Testing DataLoader 0:   9%|▉         | 561/6000 [12:20<1:59:34,  0.76it/s]Testing DataLoader 0:   9%|▉         | 562/6000 [12:21<1:59:33,  0.76it/s]Testing DataLoader 0:   9%|▉         | 563/6000 [12:22<1:59:31,  0.76it/s]Testing DataLoader 0:   9%|▉         | 564/6000 [12:23<1:59:30,  0.76it/s]Testing DataLoader 0:   9%|▉         | 565/6000 [12:25<1:59:29,  0.76it/s]Testing DataLoader 0:   9%|▉         | 566/6000 [12:26<1:59:27,  0.76it/s]Testing DataLoader 0:   9%|▉         | 567/6000 [12:27<1:59:26,  0.76it/s]Testing DataLoader 0:   9%|▉         | 568/6000 [12:29<1:59:25,  0.76it/s]Testing DataLoader 0:   9%|▉         | 569/6000 [12:30<1:59:23,  0.76it/s]Testing DataLoader 0:  10%|▉         | 570/6000 [12:31<1:59:22,  0.76it/s]Testing DataLoader 0:  10%|▉         | 571/6000 [12:33<1:59:21,  0.76it/s]Testing DataLoader 0:  10%|▉         | 572/6000 [12:34<1:59:19,  0.76it/s]Testing DataLoader 0:  10%|▉         | 573/6000 [12:35<1:59:18,  0.76it/s]Testing DataLoader 0:  10%|▉         | 574/6000 [12:37<1:59:17,  0.76it/s]Testing DataLoader 0:  10%|▉         | 575/6000 [12:38<1:59:15,  0.76it/s]Testing DataLoader 0:  10%|▉         | 576/6000 [12:39<1:59:14,  0.76it/s]Testing DataLoader 0:  10%|▉         | 577/6000 [12:41<1:59:13,  0.76it/s]Testing DataLoader 0:  10%|▉         | 578/6000 [12:42<1:59:11,  0.76it/s]Testing DataLoader 0:  10%|▉         | 579/6000 [12:43<1:59:10,  0.76it/s]Testing DataLoader 0:  10%|▉         | 580/6000 [12:45<1:59:08,  0.76it/s]Testing DataLoader 0:  10%|▉         | 581/6000 [12:46<1:59:07,  0.76it/s]Testing DataLoader 0:  10%|▉         | 582/6000 [12:47<1:59:06,  0.76it/s]Testing DataLoader 0:  10%|▉         | 583/6000 [12:48<1:59:04,  0.76it/s]Testing DataLoader 0:  10%|▉         | 584/6000 [12:50<1:59:03,  0.76it/s]Testing DataLoader 0:  10%|▉         | 585/6000 [12:51<1:59:02,  0.76it/s]Testing DataLoader 0:  10%|▉         | 586/6000 [12:52<1:59:00,  0.76it/s]Testing DataLoader 0:  10%|▉         | 587/6000 [12:54<1:58:59,  0.76it/s]Testing DataLoader 0:  10%|▉         | 588/6000 [12:55<1:58:58,  0.76it/s]Testing DataLoader 0:  10%|▉         | 589/6000 [12:56<1:58:56,  0.76it/s]Testing DataLoader 0:  10%|▉         | 590/6000 [12:58<1:58:55,  0.76it/s]Testing DataLoader 0:  10%|▉         | 591/6000 [12:59<1:58:54,  0.76it/s]Testing DataLoader 0:  10%|▉         | 592/6000 [13:00<1:58:52,  0.76it/s]Testing DataLoader 0:  10%|▉         | 593/6000 [13:02<1:58:51,  0.76it/s]Testing DataLoader 0:  10%|▉         | 594/6000 [13:03<1:58:50,  0.76it/s]Testing DataLoader 0:  10%|▉         | 595/6000 [13:04<1:58:48,  0.76it/s]Testing DataLoader 0:  10%|▉         | 596/6000 [13:06<1:58:47,  0.76it/s]Testing DataLoader 0:  10%|▉         | 597/6000 [13:07<1:58:45,  0.76it/s]Testing DataLoader 0:  10%|▉         | 598/6000 [13:08<1:58:44,  0.76it/s]Testing DataLoader 0:  10%|▉         | 599/6000 [13:10<1:58:43,  0.76it/s]Testing DataLoader 0:  10%|█         | 600/6000 [13:11<1:58:41,  0.76it/s]Testing DataLoader 0:  10%|█         | 601/6000 [13:12<1:58:40,  0.76it/s]Testing DataLoader 0:  10%|█         | 602/6000 [13:13<1:58:39,  0.76it/s]Testing DataLoader 0:  10%|█         | 603/6000 [13:15<1:58:37,  0.76it/s]Testing DataLoader 0:  10%|█         | 604/6000 [13:16<1:58:36,  0.76it/s]Testing DataLoader 0:  10%|█         | 605/6000 [13:17<1:58:35,  0.76it/s]Testing DataLoader 0:  10%|█         | 606/6000 [13:19<1:58:33,  0.76it/s]Testing DataLoader 0:  10%|█         | 607/6000 [13:20<1:58:32,  0.76it/s]Testing DataLoader 0:  10%|█         | 608/6000 [13:21<1:58:31,  0.76it/s]Testing DataLoader 0:  10%|█         | 609/6000 [13:23<1:58:29,  0.76it/s]Testing DataLoader 0:  10%|█         | 610/6000 [13:24<1:58:28,  0.76it/s]Testing DataLoader 0:  10%|█         | 611/6000 [13:25<1:58:27,  0.76it/s]Testing DataLoader 0:  10%|█         | 612/6000 [13:27<1:58:25,  0.76it/s]Testing DataLoader 0:  10%|█         | 613/6000 [13:28<1:58:24,  0.76it/s]Testing DataLoader 0:  10%|█         | 614/6000 [13:29<1:58:23,  0.76it/s]Testing DataLoader 0:  10%|█         | 615/6000 [13:31<1:58:21,  0.76it/s]Testing DataLoader 0:  10%|█         | 616/6000 [13:32<1:58:20,  0.76it/s]Testing DataLoader 0:  10%|█         | 617/6000 [13:33<1:58:19,  0.76it/s]Testing DataLoader 0:  10%|█         | 618/6000 [13:35<1:58:17,  0.76it/s]Testing DataLoader 0:  10%|█         | 619/6000 [13:36<1:58:16,  0.76it/s]Testing DataLoader 0:  10%|█         | 620/6000 [13:37<1:58:14,  0.76it/s]Testing DataLoader 0:  10%|█         | 621/6000 [13:38<1:58:13,  0.76it/s]Testing DataLoader 0:  10%|█         | 622/6000 [13:40<1:58:12,  0.76it/s]Testing DataLoader 0:  10%|█         | 623/6000 [13:41<1:58:10,  0.76it/s]Testing DataLoader 0:  10%|█         | 624/6000 [13:42<1:58:09,  0.76it/s]Testing DataLoader 0:  10%|█         | 625/6000 [13:44<1:58:08,  0.76it/s]Testing DataLoader 0:  10%|█         | 626/6000 [13:45<1:58:06,  0.76it/s]Testing DataLoader 0:  10%|█         | 627/6000 [13:46<1:58:05,  0.76it/s]Testing DataLoader 0:  10%|█         | 628/6000 [13:48<1:58:04,  0.76it/s]Testing DataLoader 0:  10%|█         | 629/6000 [13:49<1:58:03,  0.76it/s]Testing DataLoader 0:  10%|█         | 630/6000 [13:50<1:58:01,  0.76it/s]Testing DataLoader 0:  11%|█         | 631/6000 [13:52<1:58:00,  0.76it/s]Testing DataLoader 0:  11%|█         | 632/6000 [13:53<1:57:59,  0.76it/s]Testing DataLoader 0:  11%|█         | 633/6000 [13:54<1:57:57,  0.76it/s]Testing DataLoader 0:  11%|█         | 634/6000 [13:56<1:57:56,  0.76it/s]Testing DataLoader 0:  11%|█         | 635/6000 [13:57<1:57:55,  0.76it/s]Testing DataLoader 0:  11%|█         | 636/6000 [13:58<1:57:53,  0.76it/s]Testing DataLoader 0:  11%|█         | 637/6000 [14:00<1:57:52,  0.76it/s]Testing DataLoader 0:  11%|█         | 638/6000 [14:01<1:57:51,  0.76it/s]Testing DataLoader 0:  11%|█         | 639/6000 [14:02<1:57:49,  0.76it/s]Testing DataLoader 0:  11%|█         | 640/6000 [14:03<1:57:48,  0.76it/s]Testing DataLoader 0:  11%|█         | 641/6000 [14:05<1:57:47,  0.76it/s]Testing DataLoader 0:  11%|█         | 642/6000 [14:06<1:57:45,  0.76it/s]Testing DataLoader 0:  11%|█         | 643/6000 [14:07<1:57:44,  0.76it/s]Testing DataLoader 0:  11%|█         | 644/6000 [14:09<1:57:43,  0.76it/s]Testing DataLoader 0:  11%|█         | 645/6000 [14:10<1:57:41,  0.76it/s]Testing DataLoader 0:  11%|█         | 646/6000 [14:11<1:57:40,  0.76it/s]Testing DataLoader 0:  11%|█         | 647/6000 [14:13<1:57:39,  0.76it/s]Testing DataLoader 0:  11%|█         | 648/6000 [14:14<1:57:37,  0.76it/s]Testing DataLoader 0:  11%|█         | 649/6000 [14:15<1:57:36,  0.76it/s]Testing DataLoader 0:  11%|█         | 650/6000 [14:17<1:57:35,  0.76it/s]Testing DataLoader 0:  11%|█         | 651/6000 [14:18<1:57:33,  0.76it/s]Testing DataLoader 0:  11%|█         | 652/6000 [14:19<1:57:32,  0.76it/s]Testing DataLoader 0:  11%|█         | 653/6000 [14:21<1:57:31,  0.76it/s]Testing DataLoader 0:  11%|█         | 654/6000 [14:22<1:57:29,  0.76it/s]Testing DataLoader 0:  11%|█         | 655/6000 [14:23<1:57:28,  0.76it/s]Testing DataLoader 0:  11%|█         | 656/6000 [14:25<1:57:27,  0.76it/s]Testing DataLoader 0:  11%|█         | 657/6000 [14:26<1:57:25,  0.76it/s]Testing DataLoader 0:  11%|█         | 658/6000 [14:27<1:57:24,  0.76it/s]Testing DataLoader 0:  11%|█         | 659/6000 [14:28<1:57:22,  0.76it/s]Testing DataLoader 0:  11%|█         | 660/6000 [14:30<1:57:21,  0.76it/s]Testing DataLoader 0:  11%|█         | 661/6000 [14:31<1:57:20,  0.76it/s]Testing DataLoader 0:  11%|█         | 662/6000 [14:32<1:57:18,  0.76it/s]Testing DataLoader 0:  11%|█         | 663/6000 [14:34<1:57:17,  0.76it/s]Testing DataLoader 0:  11%|█         | 664/6000 [14:35<1:57:16,  0.76it/s]Testing DataLoader 0:  11%|█         | 665/6000 [14:36<1:57:14,  0.76it/s]Testing DataLoader 0:  11%|█         | 666/6000 [14:38<1:57:13,  0.76it/s]Testing DataLoader 0:  11%|█         | 667/6000 [14:39<1:57:12,  0.76it/s]Testing DataLoader 0:  11%|█         | 668/6000 [14:40<1:57:10,  0.76it/s]Testing DataLoader 0:  11%|█         | 669/6000 [14:42<1:57:09,  0.76it/s]Testing DataLoader 0:  11%|█         | 670/6000 [14:43<1:57:08,  0.76it/s]Testing DataLoader 0:  11%|█         | 671/6000 [14:44<1:57:06,  0.76it/s]Testing DataLoader 0:  11%|█         | 672/6000 [14:46<1:57:05,  0.76it/s]Testing DataLoader 0:  11%|█         | 673/6000 [14:47<1:57:04,  0.76it/s]Testing DataLoader 0:  11%|█         | 674/6000 [14:48<1:57:02,  0.76it/s]Testing DataLoader 0:  11%|█▏        | 675/6000 [14:50<1:57:01,  0.76it/s]Testing DataLoader 0:  11%|█▏        | 676/6000 [14:51<1:57:00,  0.76it/s]Testing DataLoader 0:  11%|█▏        | 677/6000 [14:52<1:56:58,  0.76it/s]Testing DataLoader 0:  11%|█▏        | 678/6000 [14:53<1:56:57,  0.76it/s]Testing DataLoader 0:  11%|█▏        | 679/6000 [14:55<1:56:56,  0.76it/s]Testing DataLoader 0:  11%|█▏        | 680/6000 [14:56<1:56:54,  0.76it/s]Testing DataLoader 0:  11%|█▏        | 681/6000 [14:57<1:56:53,  0.76it/s]Testing DataLoader 0:  11%|█▏        | 682/6000 [14:59<1:56:52,  0.76it/s]Testing DataLoader 0:  11%|█▏        | 683/6000 [15:00<1:56:50,  0.76it/s]Testing DataLoader 0:  11%|█▏        | 684/6000 [15:01<1:56:49,  0.76it/s]Testing DataLoader 0:  11%|█▏        | 685/6000 [15:03<1:56:48,  0.76it/s]Testing DataLoader 0:  11%|█▏        | 686/6000 [15:04<1:56:46,  0.76it/s]Testing DataLoader 0:  11%|█▏        | 687/6000 [15:05<1:56:45,  0.76it/s]Testing DataLoader 0:  11%|█▏        | 688/6000 [15:07<1:56:43,  0.76it/s]Testing DataLoader 0:  11%|█▏        | 689/6000 [15:08<1:56:42,  0.76it/s]Testing DataLoader 0:  12%|█▏        | 690/6000 [15:09<1:56:41,  0.76it/s]Testing DataLoader 0:  12%|█▏        | 691/6000 [15:11<1:56:39,  0.76it/s]Testing DataLoader 0:  12%|█▏        | 692/6000 [15:12<1:56:38,  0.76it/s]Testing DataLoader 0:  12%|█▏        | 693/6000 [15:13<1:56:37,  0.76it/s]Testing DataLoader 0:  12%|█▏        | 694/6000 [15:15<1:56:35,  0.76it/s]Testing DataLoader 0:  12%|█▏        | 695/6000 [15:16<1:56:34,  0.76it/s]Testing DataLoader 0:  12%|█▏        | 696/6000 [15:17<1:56:33,  0.76it/s]Testing DataLoader 0:  12%|█▏        | 697/6000 [15:18<1:56:31,  0.76it/s]Testing DataLoader 0:  12%|█▏        | 698/6000 [15:20<1:56:30,  0.76it/s]Testing DataLoader 0:  12%|█▏        | 699/6000 [15:21<1:56:29,  0.76it/s]Testing DataLoader 0:  12%|█▏        | 700/6000 [15:22<1:56:27,  0.76it/s]Testing DataLoader 0:  12%|█▏        | 701/6000 [15:24<1:56:26,  0.76it/s]Testing DataLoader 0:  12%|█▏        | 702/6000 [15:25<1:56:25,  0.76it/s]Testing DataLoader 0:  12%|█▏        | 703/6000 [15:26<1:56:23,  0.76it/s]Testing DataLoader 0:  12%|█▏        | 704/6000 [15:28<1:56:22,  0.76it/s]Testing DataLoader 0:  12%|█▏        | 705/6000 [15:29<1:56:21,  0.76it/s]Testing DataLoader 0:  12%|█▏        | 706/6000 [15:30<1:56:19,  0.76it/s]Testing DataLoader 0:  12%|█▏        | 707/6000 [15:32<1:56:18,  0.76it/s]Testing DataLoader 0:  12%|█▏        | 708/6000 [15:33<1:56:17,  0.76it/s]Testing DataLoader 0:  12%|█▏        | 709/6000 [15:34<1:56:15,  0.76it/s]Testing DataLoader 0:  12%|█▏        | 710/6000 [15:36<1:56:14,  0.76it/s]Testing DataLoader 0:  12%|█▏        | 711/6000 [15:37<1:56:13,  0.76it/s]Testing DataLoader 0:  12%|█▏        | 712/6000 [15:38<1:56:11,  0.76it/s]Testing DataLoader 0:  12%|█▏        | 713/6000 [15:40<1:56:10,  0.76it/s]Testing DataLoader 0:  12%|█▏        | 714/6000 [15:41<1:56:09,  0.76it/s]Testing DataLoader 0:  12%|█▏        | 715/6000 [15:42<1:56:07,  0.76it/s]Testing DataLoader 0:  12%|█▏        | 716/6000 [15:43<1:56:06,  0.76it/s]Testing DataLoader 0:  12%|█▏        | 717/6000 [15:45<1:56:05,  0.76it/s]Testing DataLoader 0:  12%|█▏        | 718/6000 [15:46<1:56:03,  0.76it/s]Testing DataLoader 0:  12%|█▏        | 719/6000 [15:47<1:56:02,  0.76it/s]Testing DataLoader 0:  12%|█▏        | 720/6000 [15:49<1:56:01,  0.76it/s]Testing DataLoader 0:  12%|█▏        | 721/6000 [15:50<1:55:59,  0.76it/s]Testing DataLoader 0:  12%|█▏        | 722/6000 [15:51<1:55:58,  0.76it/s]Testing DataLoader 0:  12%|█▏        | 723/6000 [15:53<1:55:56,  0.76it/s]Testing DataLoader 0:  12%|█▏        | 724/6000 [15:54<1:55:55,  0.76it/s]Testing DataLoader 0:  12%|█▏        | 725/6000 [15:55<1:55:54,  0.76it/s]Testing DataLoader 0:  12%|█▏        | 726/6000 [15:57<1:55:52,  0.76it/s]Testing DataLoader 0:  12%|█▏        | 727/6000 [15:58<1:55:51,  0.76it/s]Testing DataLoader 0:  12%|█▏        | 728/6000 [15:59<1:55:50,  0.76it/s]Testing DataLoader 0:  12%|█▏        | 729/6000 [16:01<1:55:48,  0.76it/s]Testing DataLoader 0:  12%|█▏        | 730/6000 [16:02<1:55:47,  0.76it/s]Testing DataLoader 0:  12%|█▏        | 731/6000 [16:03<1:55:46,  0.76it/s]Testing DataLoader 0:  12%|█▏        | 732/6000 [16:05<1:55:44,  0.76it/s]Testing DataLoader 0:  12%|█▏        | 733/6000 [16:06<1:55:43,  0.76it/s]Testing DataLoader 0:  12%|█▏        | 734/6000 [16:07<1:55:42,  0.76it/s]Testing DataLoader 0:  12%|█▏        | 735/6000 [16:08<1:55:40,  0.76it/s]Testing DataLoader 0:  12%|█▏        | 736/6000 [16:10<1:55:39,  0.76it/s]Testing DataLoader 0:  12%|█▏        | 737/6000 [16:11<1:55:38,  0.76it/s]Testing DataLoader 0:  12%|█▏        | 738/6000 [16:12<1:55:37,  0.76it/s]Testing DataLoader 0:  12%|█▏        | 739/6000 [16:14<1:55:35,  0.76it/s]Testing DataLoader 0:  12%|█▏        | 740/6000 [16:15<1:55:34,  0.76it/s]Testing DataLoader 0:  12%|█▏        | 741/6000 [16:16<1:55:33,  0.76it/s]Testing DataLoader 0:  12%|█▏        | 742/6000 [16:18<1:55:31,  0.76it/s]Testing DataLoader 0:  12%|█▏        | 743/6000 [16:19<1:55:30,  0.76it/s]Testing DataLoader 0:  12%|█▏        | 744/6000 [16:20<1:55:29,  0.76it/s]Testing DataLoader 0:  12%|█▏        | 745/6000 [16:22<1:55:27,  0.76it/s]Testing DataLoader 0:  12%|█▏        | 746/6000 [16:23<1:55:26,  0.76it/s]Testing DataLoader 0:  12%|█▏        | 747/6000 [16:24<1:55:25,  0.76it/s]Testing DataLoader 0:  12%|█▏        | 748/6000 [16:26<1:55:23,  0.76it/s]Testing DataLoader 0:  12%|█▏        | 749/6000 [16:27<1:55:22,  0.76it/s]Testing DataLoader 0:  12%|█▎        | 750/6000 [16:28<1:55:21,  0.76it/s]Testing DataLoader 0:  13%|█▎        | 751/6000 [16:30<1:55:19,  0.76it/s]Testing DataLoader 0:  13%|█▎        | 752/6000 [16:31<1:55:18,  0.76it/s]Testing DataLoader 0:  13%|█▎        | 753/6000 [16:32<1:55:17,  0.76it/s]Testing DataLoader 0:  13%|█▎        | 754/6000 [16:33<1:55:15,  0.76it/s]Testing DataLoader 0:  13%|█▎        | 755/6000 [16:35<1:55:14,  0.76it/s]Testing DataLoader 0:  13%|█▎        | 756/6000 [16:36<1:55:13,  0.76it/s]Testing DataLoader 0:  13%|█▎        | 757/6000 [16:37<1:55:11,  0.76it/s]Testing DataLoader 0:  13%|█▎        | 758/6000 [16:39<1:55:10,  0.76it/s]Testing DataLoader 0:  13%|█▎        | 759/6000 [16:40<1:55:09,  0.76it/s]Testing DataLoader 0:  13%|█▎        | 760/6000 [16:41<1:55:07,  0.76it/s]Testing DataLoader 0:  13%|█▎        | 761/6000 [16:43<1:55:06,  0.76it/s]Testing DataLoader 0:  13%|█▎        | 762/6000 [16:44<1:55:04,  0.76it/s]Testing DataLoader 0:  13%|█▎        | 763/6000 [16:45<1:55:03,  0.76it/s]Testing DataLoader 0:  13%|█▎        | 764/6000 [16:47<1:55:02,  0.76it/s]Testing DataLoader 0:  13%|█▎        | 765/6000 [16:48<1:55:00,  0.76it/s]Testing DataLoader 0:  13%|█▎        | 766/6000 [16:49<1:54:59,  0.76it/s]Testing DataLoader 0:  13%|█▎        | 767/6000 [16:51<1:54:58,  0.76it/s]Testing DataLoader 0:  13%|█▎        | 768/6000 [16:52<1:54:56,  0.76it/s]Testing DataLoader 0:  13%|█▎        | 769/6000 [16:53<1:54:55,  0.76it/s]Testing DataLoader 0:  13%|█▎        | 770/6000 [16:55<1:54:54,  0.76it/s]Testing DataLoader 0:  13%|█▎        | 771/6000 [16:56<1:54:52,  0.76it/s]Testing DataLoader 0:  13%|█▎        | 772/6000 [16:57<1:54:51,  0.76it/s]Testing DataLoader 0:  13%|█▎        | 773/6000 [16:58<1:54:50,  0.76it/s]Testing DataLoader 0:  13%|█▎        | 774/6000 [17:00<1:54:48,  0.76it/s]Testing DataLoader 0:  13%|█▎        | 775/6000 [17:01<1:54:47,  0.76it/s]Testing DataLoader 0:  13%|█▎        | 776/6000 [17:02<1:54:46,  0.76it/s]Testing DataLoader 0:  13%|█▎        | 777/6000 [17:04<1:54:44,  0.76it/s]Testing DataLoader 0:  13%|█▎        | 778/6000 [17:05<1:54:43,  0.76it/s]Testing DataLoader 0:  13%|█▎        | 779/6000 [17:06<1:54:42,  0.76it/s]Testing DataLoader 0:  13%|█▎        | 780/6000 [17:08<1:54:40,  0.76it/s]Testing DataLoader 0:  13%|█▎        | 781/6000 [17:09<1:54:39,  0.76it/s]Testing DataLoader 0:  13%|█▎        | 782/6000 [17:10<1:54:38,  0.76it/s]Testing DataLoader 0:  13%|█▎        | 783/6000 [17:12<1:54:36,  0.76it/s]Testing DataLoader 0:  13%|█▎        | 784/6000 [17:13<1:54:35,  0.76it/s]Testing DataLoader 0:  13%|█▎        | 785/6000 [17:14<1:54:34,  0.76it/s]Testing DataLoader 0:  13%|█▎        | 786/6000 [17:16<1:54:32,  0.76it/s]Testing DataLoader 0:  13%|█▎        | 787/6000 [17:17<1:54:31,  0.76it/s]Testing DataLoader 0:  13%|█▎        | 788/6000 [17:18<1:54:30,  0.76it/s]Testing DataLoader 0:  13%|█▎        | 789/6000 [17:20<1:54:28,  0.76it/s]Testing DataLoader 0:  13%|█▎        | 790/6000 [17:21<1:54:27,  0.76it/s]Testing DataLoader 0:  13%|█▎        | 791/6000 [17:22<1:54:26,  0.76it/s]Testing DataLoader 0:  13%|█▎        | 792/6000 [17:23<1:54:24,  0.76it/s]Testing DataLoader 0:  13%|█▎        | 793/6000 [17:25<1:54:23,  0.76it/s]Testing DataLoader 0:  13%|█▎        | 794/6000 [17:26<1:54:22,  0.76it/s]Testing DataLoader 0:  13%|█▎        | 795/6000 [17:27<1:54:20,  0.76it/s]Testing DataLoader 0:  13%|█▎        | 796/6000 [17:29<1:54:19,  0.76it/s]Testing DataLoader 0:  13%|█▎        | 797/6000 [17:30<1:54:18,  0.76it/s]Testing DataLoader 0:  13%|█▎        | 798/6000 [17:31<1:54:16,  0.76it/s]Testing DataLoader 0:  13%|█▎        | 799/6000 [17:33<1:54:15,  0.76it/s]Testing DataLoader 0:  13%|█▎        | 800/6000 [17:34<1:54:14,  0.76it/s]Testing DataLoader 0:  13%|█▎        | 801/6000 [17:35<1:54:12,  0.76it/s]Testing DataLoader 0:  13%|█▎        | 802/6000 [17:37<1:54:11,  0.76it/s]Testing DataLoader 0:  13%|█▎        | 803/6000 [17:38<1:54:10,  0.76it/s]Testing DataLoader 0:  13%|█▎        | 804/6000 [17:39<1:54:08,  0.76it/s]Testing DataLoader 0:  13%|█▎        | 805/6000 [17:41<1:54:07,  0.76it/s]Testing DataLoader 0:  13%|█▎        | 806/6000 [17:42<1:54:06,  0.76it/s]Testing DataLoader 0:  13%|█▎        | 807/6000 [17:43<1:54:04,  0.76it/s]Testing DataLoader 0:  13%|█▎        | 808/6000 [17:45<1:54:03,  0.76it/s]Testing DataLoader 0:  13%|█▎        | 809/6000 [17:46<1:54:02,  0.76it/s]Testing DataLoader 0:  14%|█▎        | 810/6000 [17:47<1:54:00,  0.76it/s]Testing DataLoader 0:  14%|█▎        | 811/6000 [17:48<1:53:59,  0.76it/s]Testing DataLoader 0:  14%|█▎        | 812/6000 [17:50<1:53:58,  0.76it/s]Testing DataLoader 0:  14%|█▎        | 813/6000 [17:51<1:53:56,  0.76it/s]Testing DataLoader 0:  14%|█▎        | 814/6000 [17:52<1:53:55,  0.76it/s]Testing DataLoader 0:  14%|█▎        | 815/6000 [17:54<1:53:54,  0.76it/s]Testing DataLoader 0:  14%|█▎        | 816/6000 [17:55<1:53:52,  0.76it/s]Testing DataLoader 0:  14%|█▎        | 817/6000 [17:56<1:53:51,  0.76it/s]Testing DataLoader 0:  14%|█▎        | 818/6000 [17:58<1:53:50,  0.76it/s]Testing DataLoader 0:  14%|█▎        | 819/6000 [17:59<1:53:48,  0.76it/s]Testing DataLoader 0:  14%|█▎        | 820/6000 [18:00<1:53:47,  0.76it/s]Testing DataLoader 0:  14%|█▎        | 821/6000 [18:02<1:53:46,  0.76it/s]Testing DataLoader 0:  14%|█▎        | 822/6000 [18:03<1:53:44,  0.76it/s]Testing DataLoader 0:  14%|█▎        | 823/6000 [18:04<1:53:43,  0.76it/s]Testing DataLoader 0:  14%|█▎        | 824/6000 [18:06<1:53:42,  0.76it/s]Testing DataLoader 0:  14%|█▍        | 825/6000 [18:07<1:53:40,  0.76it/s]Testing DataLoader 0:  14%|█▍        | 826/6000 [18:08<1:53:39,  0.76it/s]Testing DataLoader 0:  14%|█▍        | 827/6000 [18:09<1:53:38,  0.76it/s]Testing DataLoader 0:  14%|█▍        | 828/6000 [18:11<1:53:36,  0.76it/s]Testing DataLoader 0:  14%|█▍        | 829/6000 [18:12<1:53:35,  0.76it/s]Testing DataLoader 0:  14%|█▍        | 830/6000 [18:13<1:53:34,  0.76it/s]Testing DataLoader 0:  14%|█▍        | 831/6000 [18:15<1:53:32,  0.76it/s]Testing DataLoader 0:  14%|█▍        | 832/6000 [18:16<1:53:31,  0.76it/s]Testing DataLoader 0:  14%|█▍        | 833/6000 [18:17<1:53:30,  0.76it/s]Testing DataLoader 0:  14%|█▍        | 834/6000 [18:19<1:53:28,  0.76it/s]Testing DataLoader 0:  14%|█▍        | 835/6000 [18:20<1:53:27,  0.76it/s]Testing DataLoader 0:  14%|█▍        | 836/6000 [18:21<1:53:26,  0.76it/s]Testing DataLoader 0:  14%|█▍        | 837/6000 [18:23<1:53:24,  0.76it/s]Testing DataLoader 0:  14%|█▍        | 838/6000 [18:24<1:53:23,  0.76it/s]Testing DataLoader 0:  14%|█▍        | 839/6000 [18:25<1:53:22,  0.76it/s]Testing DataLoader 0:  14%|█▍        | 840/6000 [18:27<1:53:20,  0.76it/s]Testing DataLoader 0:  14%|█▍        | 841/6000 [18:28<1:53:19,  0.76it/s]Testing DataLoader 0:  14%|█▍        | 842/6000 [18:29<1:53:18,  0.76it/s]Testing DataLoader 0:  14%|█▍        | 843/6000 [18:31<1:53:16,  0.76it/s]Testing DataLoader 0:  14%|█▍        | 844/6000 [18:32<1:53:15,  0.76it/s]Testing DataLoader 0:  14%|█▍        | 845/6000 [18:33<1:53:14,  0.76it/s]Testing DataLoader 0:  14%|█▍        | 846/6000 [18:34<1:53:12,  0.76it/s]Testing DataLoader 0:  14%|█▍        | 847/6000 [18:36<1:53:11,  0.76it/s]Testing DataLoader 0:  14%|█▍        | 848/6000 [18:37<1:53:10,  0.76it/s]Testing DataLoader 0:  14%|█▍        | 849/6000 [18:38<1:53:08,  0.76it/s]Testing DataLoader 0:  14%|█▍        | 850/6000 [18:40<1:53:07,  0.76it/s]Testing DataLoader 0:  14%|█▍        | 851/6000 [18:41<1:53:06,  0.76it/s]Testing DataLoader 0:  14%|█▍        | 852/6000 [18:42<1:53:04,  0.76it/s]Testing DataLoader 0:  14%|█▍        | 853/6000 [18:44<1:53:03,  0.76it/s]Testing DataLoader 0:  14%|█▍        | 854/6000 [18:45<1:53:02,  0.76it/s]Testing DataLoader 0:  14%|█▍        | 855/6000 [18:46<1:53:01,  0.76it/s]Testing DataLoader 0:  14%|█▍        | 856/6000 [18:48<1:52:59,  0.76it/s]Testing DataLoader 0:  14%|█▍        | 857/6000 [18:49<1:52:58,  0.76it/s]Testing DataLoader 0:  14%|█▍        | 858/6000 [18:50<1:52:57,  0.76it/s]Testing DataLoader 0:  14%|█▍        | 859/6000 [18:52<1:52:55,  0.76it/s]Testing DataLoader 0:  14%|█▍        | 860/6000 [18:53<1:52:54,  0.76it/s]Testing DataLoader 0:  14%|█▍        | 861/6000 [18:54<1:52:53,  0.76it/s]Testing DataLoader 0:  14%|█▍        | 862/6000 [18:56<1:52:51,  0.76it/s]Testing DataLoader 0:  14%|█▍        | 863/6000 [18:57<1:52:50,  0.76it/s]Testing DataLoader 0:  14%|█▍        | 864/6000 [18:58<1:52:49,  0.76it/s]Testing DataLoader 0:  14%|█▍        | 865/6000 [19:00<1:52:47,  0.76it/s]Testing DataLoader 0:  14%|█▍        | 866/6000 [19:01<1:52:46,  0.76it/s]Testing DataLoader 0:  14%|█▍        | 867/6000 [19:02<1:52:45,  0.76it/s]Testing DataLoader 0:  14%|█▍        | 868/6000 [19:04<1:52:43,  0.76it/s]Testing DataLoader 0:  14%|█▍        | 869/6000 [19:05<1:52:42,  0.76it/s]Testing DataLoader 0:  14%|█▍        | 870/6000 [19:06<1:52:41,  0.76it/s]Testing DataLoader 0:  15%|█▍        | 871/6000 [19:07<1:52:39,  0.76it/s]Testing DataLoader 0:  15%|█▍        | 872/6000 [19:09<1:52:38,  0.76it/s]Testing DataLoader 0:  15%|█▍        | 873/6000 [19:10<1:52:37,  0.76it/s]Testing DataLoader 0:  15%|█▍        | 874/6000 [19:11<1:52:35,  0.76it/s]Testing DataLoader 0:  15%|█▍        | 875/6000 [19:13<1:52:34,  0.76it/s]Testing DataLoader 0:  15%|█▍        | 876/6000 [19:14<1:52:33,  0.76it/s]Testing DataLoader 0:  15%|█▍        | 877/6000 [19:15<1:52:31,  0.76it/s]Testing DataLoader 0:  15%|█▍        | 878/6000 [19:17<1:52:30,  0.76it/s]Testing DataLoader 0:  15%|█▍        | 879/6000 [19:18<1:52:29,  0.76it/s]Testing DataLoader 0:  15%|█▍        | 880/6000 [19:19<1:52:27,  0.76it/s]Testing DataLoader 0:  15%|█▍        | 881/6000 [19:21<1:52:26,  0.76it/s]Testing DataLoader 0:  15%|█▍        | 882/6000 [19:22<1:52:25,  0.76it/s]Testing DataLoader 0:  15%|█▍        | 883/6000 [19:23<1:52:23,  0.76it/s]Testing DataLoader 0:  15%|█▍        | 884/6000 [19:25<1:52:22,  0.76it/s]Testing DataLoader 0:  15%|█▍        | 885/6000 [19:26<1:52:21,  0.76it/s]Testing DataLoader 0:  15%|█▍        | 886/6000 [19:27<1:52:19,  0.76it/s]Testing DataLoader 0:  15%|█▍        | 887/6000 [19:28<1:52:18,  0.76it/s]Testing DataLoader 0:  15%|█▍        | 888/6000 [19:30<1:52:17,  0.76it/s]Testing DataLoader 0:  15%|█▍        | 889/6000 [19:31<1:52:15,  0.76it/s]Testing DataLoader 0:  15%|█▍        | 890/6000 [19:32<1:52:14,  0.76it/s]Testing DataLoader 0:  15%|█▍        | 891/6000 [19:34<1:52:13,  0.76it/s]Testing DataLoader 0:  15%|█▍        | 892/6000 [19:35<1:52:11,  0.76it/s]Testing DataLoader 0:  15%|█▍        | 893/6000 [19:36<1:52:10,  0.76it/s]Testing DataLoader 0:  15%|█▍        | 894/6000 [19:38<1:52:09,  0.76it/s]Testing DataLoader 0:  15%|█▍        | 895/6000 [19:39<1:52:07,  0.76it/s]Testing DataLoader 0:  15%|█▍        | 896/6000 [19:40<1:52:06,  0.76it/s]Testing DataLoader 0:  15%|█▍        | 897/6000 [19:42<1:52:05,  0.76it/s]Testing DataLoader 0:  15%|█▍        | 898/6000 [19:43<1:52:03,  0.76it/s]Testing DataLoader 0:  15%|█▍        | 899/6000 [19:44<1:52:02,  0.76it/s]Testing DataLoader 0:  15%|█▌        | 900/6000 [19:46<1:52:01,  0.76it/s]Testing DataLoader 0:  15%|█▌        | 901/6000 [19:47<1:51:59,  0.76it/s]Testing DataLoader 0:  15%|█▌        | 902/6000 [19:48<1:51:58,  0.76it/s]Testing DataLoader 0:  15%|█▌        | 903/6000 [19:50<1:51:57,  0.76it/s]Testing DataLoader 0:  15%|█▌        | 904/6000 [19:51<1:51:55,  0.76it/s]Testing DataLoader 0:  15%|█▌        | 905/6000 [19:52<1:51:54,  0.76it/s]Testing DataLoader 0:  15%|█▌        | 906/6000 [19:53<1:51:53,  0.76it/s]Testing DataLoader 0:  15%|█▌        | 907/6000 [19:55<1:51:51,  0.76it/s]Testing DataLoader 0:  15%|█▌        | 908/6000 [19:56<1:51:50,  0.76it/s]Testing DataLoader 0:  15%|█▌        | 909/6000 [19:57<1:51:49,  0.76it/s]Testing DataLoader 0:  15%|█▌        | 910/6000 [19:59<1:51:47,  0.76it/s]Testing DataLoader 0:  15%|█▌        | 911/6000 [20:00<1:51:46,  0.76it/s]Testing DataLoader 0:  15%|█▌        | 912/6000 [20:01<1:51:45,  0.76it/s]Testing DataLoader 0:  15%|█▌        | 913/6000 [20:03<1:51:43,  0.76it/s]Testing DataLoader 0:  15%|█▌        | 914/6000 [20:04<1:51:42,  0.76it/s]Testing DataLoader 0:  15%|█▌        | 915/6000 [20:05<1:51:41,  0.76it/s]Testing DataLoader 0:  15%|█▌        | 916/6000 [20:07<1:51:39,  0.76it/s]Testing DataLoader 0:  15%|█▌        | 917/6000 [20:08<1:51:38,  0.76it/s]Testing DataLoader 0:  15%|█▌        | 918/6000 [20:09<1:51:37,  0.76it/s]Testing DataLoader 0:  15%|█▌        | 919/6000 [20:11<1:51:35,  0.76it/s]Testing DataLoader 0:  15%|█▌        | 920/6000 [20:12<1:51:34,  0.76it/s]Testing DataLoader 0:  15%|█▌        | 921/6000 [20:13<1:51:33,  0.76it/s]Testing DataLoader 0:  15%|█▌        | 922/6000 [20:15<1:51:32,  0.76it/s]Testing DataLoader 0:  15%|█▌        | 923/6000 [20:16<1:51:30,  0.76it/s]Testing DataLoader 0:  15%|█▌        | 924/6000 [20:17<1:51:29,  0.76it/s]Testing DataLoader 0:  15%|█▌        | 925/6000 [20:19<1:51:28,  0.76it/s]Testing DataLoader 0:  15%|█▌        | 926/6000 [20:20<1:51:26,  0.76it/s]Testing DataLoader 0:  15%|█▌        | 927/6000 [20:21<1:51:25,  0.76it/s]Testing DataLoader 0:  15%|█▌        | 928/6000 [20:22<1:51:24,  0.76it/s]Testing DataLoader 0:  15%|█▌        | 929/6000 [20:24<1:51:22,  0.76it/s]Testing DataLoader 0:  16%|█▌        | 930/6000 [20:25<1:51:21,  0.76it/s]Testing DataLoader 0:  16%|█▌        | 931/6000 [20:26<1:51:20,  0.76it/s]Testing DataLoader 0:  16%|█▌        | 932/6000 [20:28<1:51:18,  0.76it/s]Testing DataLoader 0:  16%|█▌        | 933/6000 [20:29<1:51:17,  0.76it/s]Testing DataLoader 0:  16%|█▌        | 934/6000 [20:30<1:51:16,  0.76it/s]Testing DataLoader 0:  16%|█▌        | 935/6000 [20:32<1:51:14,  0.76it/s]Testing DataLoader 0:  16%|█▌        | 936/6000 [20:33<1:51:13,  0.76it/s]Testing DataLoader 0:  16%|█▌        | 937/6000 [20:34<1:51:12,  0.76it/s]Testing DataLoader 0:  16%|█▌        | 938/6000 [20:36<1:51:10,  0.76it/s]Testing DataLoader 0:  16%|█▌        | 939/6000 [20:37<1:51:09,  0.76it/s]Testing DataLoader 0:  16%|█▌        | 940/6000 [20:38<1:51:08,  0.76it/s]Testing DataLoader 0:  16%|█▌        | 941/6000 [20:40<1:51:06,  0.76it/s]Testing DataLoader 0:  16%|█▌        | 942/6000 [20:41<1:51:05,  0.76it/s]Testing DataLoader 0:  16%|█▌        | 943/6000 [20:42<1:51:04,  0.76it/s]Testing DataLoader 0:  16%|█▌        | 944/6000 [20:43<1:51:02,  0.76it/s]Testing DataLoader 0:  16%|█▌        | 945/6000 [20:45<1:51:01,  0.76it/s]Testing DataLoader 0:  16%|█▌        | 946/6000 [20:46<1:51:00,  0.76it/s]Testing DataLoader 0:  16%|█▌        | 947/6000 [20:47<1:50:58,  0.76it/s]Testing DataLoader 0:  16%|█▌        | 948/6000 [20:49<1:50:57,  0.76it/s]Testing DataLoader 0:  16%|█▌        | 949/6000 [20:50<1:50:56,  0.76it/s]Testing DataLoader 0:  16%|█▌        | 950/6000 [20:51<1:50:54,  0.76it/s]Testing DataLoader 0:  16%|█▌        | 951/6000 [20:53<1:50:53,  0.76it/s]Testing DataLoader 0:  16%|█▌        | 952/6000 [20:54<1:50:52,  0.76it/s]Testing DataLoader 0:  16%|█▌        | 953/6000 [20:55<1:50:50,  0.76it/s]Testing DataLoader 0:  16%|█▌        | 954/6000 [20:57<1:50:49,  0.76it/s]Testing DataLoader 0:  16%|█▌        | 955/6000 [20:58<1:50:48,  0.76it/s]Testing DataLoader 0:  16%|█▌        | 956/6000 [20:59<1:50:47,  0.76it/s]Testing DataLoader 0:  16%|█▌        | 957/6000 [21:01<1:50:45,  0.76it/s]Testing DataLoader 0:  16%|█▌        | 958/6000 [21:02<1:50:44,  0.76it/s]Testing DataLoader 0:  16%|█▌        | 959/6000 [21:03<1:50:43,  0.76it/s]Testing DataLoader 0:  16%|█▌        | 960/6000 [21:05<1:50:41,  0.76it/s]Testing DataLoader 0:  16%|█▌        | 961/6000 [21:06<1:50:40,  0.76it/s]Testing DataLoader 0:  16%|█▌        | 962/6000 [21:07<1:50:39,  0.76it/s]Testing DataLoader 0:  16%|█▌        | 963/6000 [21:09<1:50:37,  0.76it/s]Testing DataLoader 0:  16%|█▌        | 964/6000 [21:10<1:50:36,  0.76it/s]Testing DataLoader 0:  16%|█▌        | 965/6000 [21:11<1:50:35,  0.76it/s]Testing DataLoader 0:  16%|█▌        | 966/6000 [21:13<1:50:33,  0.76it/s]Testing DataLoader 0:  16%|█▌        | 967/6000 [21:14<1:50:32,  0.76it/s]Testing DataLoader 0:  16%|█▌        | 968/6000 [21:15<1:50:31,  0.76it/s]Testing DataLoader 0:  16%|█▌        | 969/6000 [21:16<1:50:29,  0.76it/s]Testing DataLoader 0:  16%|█▌        | 970/6000 [21:18<1:50:28,  0.76it/s]Testing DataLoader 0:  16%|█▌        | 971/6000 [21:19<1:50:27,  0.76it/s]Testing DataLoader 0:  16%|█▌        | 972/6000 [21:20<1:50:26,  0.76it/s]Testing DataLoader 0:  16%|█▌        | 973/6000 [21:22<1:50:24,  0.76it/s]Testing DataLoader 0:  16%|█▌        | 974/6000 [21:23<1:50:23,  0.76it/s]Testing DataLoader 0:  16%|█▋        | 975/6000 [21:24<1:50:22,  0.76it/s]Testing DataLoader 0:  16%|█▋        | 976/6000 [21:26<1:50:20,  0.76it/s]Testing DataLoader 0:  16%|█▋        | 977/6000 [21:27<1:50:19,  0.76it/s]Testing DataLoader 0:  16%|█▋        | 978/6000 [21:28<1:50:18,  0.76it/s]Testing DataLoader 0:  16%|█▋        | 979/6000 [21:30<1:50:16,  0.76it/s]Testing DataLoader 0:  16%|█▋        | 980/6000 [21:31<1:50:15,  0.76it/s]Testing DataLoader 0:  16%|█▋        | 981/6000 [21:32<1:50:14,  0.76it/s]Testing DataLoader 0:  16%|█▋        | 982/6000 [21:34<1:50:12,  0.76it/s]Testing DataLoader 0:  16%|█▋        | 983/6000 [21:35<1:50:11,  0.76it/s]Testing DataLoader 0:  16%|█▋        | 984/6000 [21:36<1:50:10,  0.76it/s]Testing DataLoader 0:  16%|█▋        | 985/6000 [21:38<1:50:08,  0.76it/s]Testing DataLoader 0:  16%|█▋        | 986/6000 [21:39<1:50:07,  0.76it/s]Testing DataLoader 0:  16%|█▋        | 987/6000 [21:40<1:50:06,  0.76it/s]Testing DataLoader 0:  16%|█▋        | 988/6000 [21:42<1:50:04,  0.76it/s]Testing DataLoader 0:  16%|█▋        | 989/6000 [21:43<1:50:03,  0.76it/s]Testing DataLoader 0:  16%|█▋        | 990/6000 [21:44<1:50:02,  0.76it/s]Testing DataLoader 0:  17%|█▋        | 991/6000 [21:45<1:50:01,  0.76it/s]Testing DataLoader 0:  17%|█▋        | 992/6000 [21:47<1:49:59,  0.76it/s]Testing DataLoader 0:  17%|█▋        | 993/6000 [21:48<1:49:58,  0.76it/s]Testing DataLoader 0:  17%|█▋        | 994/6000 [21:49<1:49:57,  0.76it/s]Testing DataLoader 0:  17%|█▋        | 995/6000 [21:51<1:49:55,  0.76it/s]Testing DataLoader 0:  17%|█▋        | 996/6000 [21:52<1:49:54,  0.76it/s]Testing DataLoader 0:  17%|█▋        | 997/6000 [21:53<1:49:53,  0.76it/s]Testing DataLoader 0:  17%|█▋        | 998/6000 [21:55<1:49:51,  0.76it/s]Testing DataLoader 0:  17%|█▋        | 999/6000 [21:56<1:49:50,  0.76it/s]Testing DataLoader 0:  17%|█▋        | 1000/6000 [21:57<1:49:49,  0.76it/s]Testing DataLoader 0:  17%|█▋        | 1001/6000 [21:59<1:49:47,  0.76it/s]Testing DataLoader 0:  17%|█▋        | 1002/6000 [22:00<1:49:46,  0.76it/s]Testing DataLoader 0:  17%|█▋        | 1003/6000 [22:01<1:49:45,  0.76it/s]Testing DataLoader 0:  17%|█▋        | 1004/6000 [22:03<1:49:43,  0.76it/s]Testing DataLoader 0:  17%|█▋        | 1005/6000 [22:04<1:49:42,  0.76it/s]Testing DataLoader 0:  17%|█▋        | 1006/6000 [22:05<1:49:41,  0.76it/s]Testing DataLoader 0:  17%|█▋        | 1007/6000 [22:07<1:49:39,  0.76it/s]Testing DataLoader 0:  17%|█▋        | 1008/6000 [22:08<1:49:38,  0.76it/s]Testing DataLoader 0:  17%|█▋        | 1009/6000 [22:09<1:49:37,  0.76it/s]Testing DataLoader 0:  17%|█▋        | 1010/6000 [22:11<1:49:36,  0.76it/s]Testing DataLoader 0:  17%|█▋        | 1011/6000 [22:12<1:49:34,  0.76it/s]Testing DataLoader 0:  17%|█▋        | 1012/6000 [22:13<1:49:33,  0.76it/s]Testing DataLoader 0:  17%|█▋        | 1013/6000 [22:14<1:49:32,  0.76it/s]Testing DataLoader 0:  17%|█▋        | 1014/6000 [22:16<1:49:30,  0.76it/s]Testing DataLoader 0:  17%|█▋        | 1015/6000 [22:17<1:49:29,  0.76it/s]Testing DataLoader 0:  17%|█▋        | 1016/6000 [22:18<1:49:28,  0.76it/s]Testing DataLoader 0:  17%|█▋        | 1017/6000 [22:20<1:49:26,  0.76it/s]Testing DataLoader 0:  17%|█▋        | 1018/6000 [22:21<1:49:25,  0.76it/s]Testing DataLoader 0:  17%|█▋        | 1019/6000 [22:22<1:49:24,  0.76it/s]Testing DataLoader 0:  17%|█▋        | 1020/6000 [22:24<1:49:22,  0.76it/s]Testing DataLoader 0:  17%|█▋        | 1021/6000 [22:25<1:49:21,  0.76it/s]Testing DataLoader 0:  17%|█▋        | 1022/6000 [22:26<1:49:20,  0.76it/s]Testing DataLoader 0:  17%|█▋        | 1023/6000 [22:28<1:49:19,  0.76it/s]Testing DataLoader 0:  17%|█▋        | 1024/6000 [22:29<1:49:17,  0.76it/s]Testing DataLoader 0:  17%|█▋        | 1025/6000 [22:30<1:49:16,  0.76it/s]Testing DataLoader 0:  17%|█▋        | 1026/6000 [22:32<1:49:15,  0.76it/s]Testing DataLoader 0:  17%|█▋        | 1027/6000 [22:33<1:49:13,  0.76it/s]Testing DataLoader 0:  17%|█▋        | 1028/6000 [22:34<1:49:12,  0.76it/s]Testing DataLoader 0:  17%|█▋        | 1029/6000 [22:36<1:49:11,  0.76it/s]Testing DataLoader 0:  17%|█▋        | 1030/6000 [22:37<1:49:09,  0.76it/s]Testing DataLoader 0:  17%|█▋        | 1031/6000 [22:38<1:49:08,  0.76it/s]Testing DataLoader 0:  17%|█▋        | 1032/6000 [22:40<1:49:07,  0.76it/s]Testing DataLoader 0:  17%|█▋        | 1033/6000 [22:41<1:49:05,  0.76it/s]Testing DataLoader 0:  17%|█▋        | 1034/6000 [22:42<1:49:04,  0.76it/s]Testing DataLoader 0:  17%|█▋        | 1035/6000 [22:44<1:49:03,  0.76it/s]Testing DataLoader 0:  17%|█▋        | 1036/6000 [22:45<1:49:01,  0.76it/s]Testing DataLoader 0:  17%|█▋        | 1037/6000 [22:46<1:49:00,  0.76it/s]Testing DataLoader 0:  17%|█▋        | 1038/6000 [22:47<1:48:59,  0.76it/s]Testing DataLoader 0:  17%|█▋        | 1039/6000 [22:49<1:48:57,  0.76it/s]Testing DataLoader 0:  17%|█▋        | 1040/6000 [22:50<1:48:56,  0.76it/s]Testing DataLoader 0:  17%|█▋        | 1041/6000 [22:51<1:48:55,  0.76it/s]Testing DataLoader 0:  17%|█▋        | 1042/6000 [22:53<1:48:54,  0.76it/s]Testing DataLoader 0:  17%|█▋        | 1043/6000 [22:54<1:48:52,  0.76it/s]Testing DataLoader 0:  17%|█▋        | 1044/6000 [22:55<1:48:51,  0.76it/s]Testing DataLoader 0:  17%|█▋        | 1045/6000 [22:57<1:48:50,  0.76it/s]Testing DataLoader 0:  17%|█▋        | 1046/6000 [22:58<1:48:48,  0.76it/s]Testing DataLoader 0:  17%|█▋        | 1047/6000 [22:59<1:48:47,  0.76it/s]Testing DataLoader 0:  17%|█▋        | 1048/6000 [23:01<1:48:46,  0.76it/s]Testing DataLoader 0:  17%|█▋        | 1049/6000 [23:02<1:48:44,  0.76it/s]Testing DataLoader 0:  18%|█▊        | 1050/6000 [23:03<1:48:43,  0.76it/s]Testing DataLoader 0:  18%|█▊        | 1051/6000 [23:05<1:48:42,  0.76it/s]Testing DataLoader 0:  18%|█▊        | 1052/6000 [23:06<1:48:40,  0.76it/s]Testing DataLoader 0:  18%|█▊        | 1053/6000 [23:07<1:48:39,  0.76it/s]Testing DataLoader 0:  18%|█▊        | 1054/6000 [23:09<1:48:38,  0.76it/s]Testing DataLoader 0:  18%|█▊        | 1055/6000 [23:10<1:48:36,  0.76it/s]Testing DataLoader 0:  18%|█▊        | 1056/6000 [23:11<1:48:35,  0.76it/s]Testing DataLoader 0:  18%|█▊        | 1057/6000 [23:13<1:48:34,  0.76it/s]Testing DataLoader 0:  18%|█▊        | 1058/6000 [23:14<1:48:32,  0.76it/s]Testing DataLoader 0:  18%|█▊        | 1059/6000 [23:15<1:48:31,  0.76it/s]Testing DataLoader 0:  18%|█▊        | 1060/6000 [23:16<1:48:30,  0.76it/s]Testing DataLoader 0:  18%|█▊        | 1061/6000 [23:18<1:48:29,  0.76it/s]Testing DataLoader 0:  18%|█▊        | 1062/6000 [23:19<1:48:27,  0.76it/s]Testing DataLoader 0:  18%|█▊        | 1063/6000 [23:20<1:48:26,  0.76it/s]Testing DataLoader 0:  18%|█▊        | 1064/6000 [23:22<1:48:25,  0.76it/s]Testing DataLoader 0:  18%|█▊        | 1065/6000 [23:23<1:48:23,  0.76it/s]Testing DataLoader 0:  18%|█▊        | 1066/6000 [23:24<1:48:22,  0.76it/s]Testing DataLoader 0:  18%|█▊        | 1067/6000 [23:26<1:48:21,  0.76it/s]Testing DataLoader 0:  18%|█▊        | 1068/6000 [23:27<1:48:19,  0.76it/s]Testing DataLoader 0:  18%|█▊        | 1069/6000 [23:28<1:48:18,  0.76it/s]Testing DataLoader 0:  18%|█▊        | 1070/6000 [23:30<1:48:17,  0.76it/s]Testing DataLoader 0:  18%|█▊        | 1071/6000 [23:31<1:48:15,  0.76it/s]Testing DataLoader 0:  18%|█▊        | 1072/6000 [23:32<1:48:14,  0.76it/s]Testing DataLoader 0:  18%|█▊        | 1073/6000 [23:34<1:48:13,  0.76it/s]Testing DataLoader 0:  18%|█▊        | 1074/6000 [23:35<1:48:11,  0.76it/s]Testing DataLoader 0:  18%|█▊        | 1075/6000 [23:36<1:48:10,  0.76it/s]Testing DataLoader 0:  18%|█▊        | 1076/6000 [23:38<1:48:09,  0.76it/s]Testing DataLoader 0:  18%|█▊        | 1077/6000 [23:39<1:48:07,  0.76it/s]Testing DataLoader 0:  18%|█▊        | 1078/6000 [23:40<1:48:06,  0.76it/s]Testing DataLoader 0:  18%|█▊        | 1079/6000 [23:42<1:48:05,  0.76it/s]Testing DataLoader 0:  18%|█▊        | 1080/6000 [23:43<1:48:04,  0.76it/s]Testing DataLoader 0:  18%|█▊        | 1081/6000 [23:44<1:48:02,  0.76it/s]Testing DataLoader 0:  18%|█▊        | 1082/6000 [23:45<1:48:01,  0.76it/s]Testing DataLoader 0:  18%|█▊        | 1083/6000 [23:47<1:48:00,  0.76it/s]Testing DataLoader 0:  18%|█▊        | 1084/6000 [23:48<1:47:59,  0.76it/s]Testing DataLoader 0:  18%|█▊        | 1085/6000 [23:50<1:47:58,  0.76it/s]Testing DataLoader 0:  18%|█▊        | 1086/6000 [23:51<1:47:56,  0.76it/s]Testing DataLoader 0:  18%|█▊        | 1087/6000 [23:52<1:47:55,  0.76it/s]Testing DataLoader 0:  18%|█▊        | 1088/6000 [23:54<1:47:54,  0.76it/s]Testing DataLoader 0:  18%|█▊        | 1089/6000 [23:55<1:47:52,  0.76it/s]Testing DataLoader 0:  18%|█▊        | 1090/6000 [23:56<1:47:51,  0.76it/s]Testing DataLoader 0:  18%|█▊        | 1091/6000 [23:57<1:47:50,  0.76it/s]Testing DataLoader 0:  18%|█▊        | 1092/6000 [23:59<1:47:48,  0.76it/s]Testing DataLoader 0:  18%|█▊        | 1093/6000 [24:00<1:47:47,  0.76it/s]Testing DataLoader 0:  18%|█▊        | 1094/6000 [24:01<1:47:46,  0.76it/s]Testing DataLoader 0:  18%|█▊        | 1095/6000 [24:03<1:47:44,  0.76it/s]Testing DataLoader 0:  18%|█▊        | 1096/6000 [24:04<1:47:43,  0.76it/s]Testing DataLoader 0:  18%|█▊        | 1097/6000 [24:05<1:47:42,  0.76it/s]Testing DataLoader 0:  18%|█▊        | 1098/6000 [24:07<1:47:40,  0.76it/s]Testing DataLoader 0:  18%|█▊        | 1099/6000 [24:08<1:47:39,  0.76it/s]Testing DataLoader 0:  18%|█▊        | 1100/6000 [24:09<1:47:38,  0.76it/s]Testing DataLoader 0:  18%|█▊        | 1101/6000 [24:11<1:47:36,  0.76it/s]Testing DataLoader 0:  18%|█▊        | 1102/6000 [24:12<1:47:35,  0.76it/s]Testing DataLoader 0:  18%|█▊        | 1103/6000 [24:13<1:47:34,  0.76it/s]Testing DataLoader 0:  18%|█▊        | 1104/6000 [24:15<1:47:33,  0.76it/s]Testing DataLoader 0:  18%|█▊        | 1105/6000 [24:16<1:47:31,  0.76it/s]Testing DataLoader 0:  18%|█▊        | 1106/6000 [24:17<1:47:30,  0.76it/s]Testing DataLoader 0:  18%|█▊        | 1107/6000 [24:19<1:47:29,  0.76it/s]Testing DataLoader 0:  18%|█▊        | 1108/6000 [24:20<1:47:27,  0.76it/s]Testing DataLoader 0:  18%|█▊        | 1109/6000 [24:21<1:47:26,  0.76it/s]Testing DataLoader 0:  18%|█▊        | 1110/6000 [24:23<1:47:25,  0.76it/s]Testing DataLoader 0:  19%|█▊        | 1111/6000 [24:24<1:47:23,  0.76it/s]Testing DataLoader 0:  19%|█▊        | 1112/6000 [24:25<1:47:22,  0.76it/s]Testing DataLoader 0:  19%|█▊        | 1113/6000 [24:26<1:47:21,  0.76it/s]Testing DataLoader 0:  19%|█▊        | 1114/6000 [24:28<1:47:19,  0.76it/s]Testing DataLoader 0:  19%|█▊        | 1115/6000 [24:29<1:47:18,  0.76it/s]Testing DataLoader 0:  19%|█▊        | 1116/6000 [24:30<1:47:17,  0.76it/s]Testing DataLoader 0:  19%|█▊        | 1117/6000 [24:32<1:47:15,  0.76it/s]Testing DataLoader 0:  19%|█▊        | 1118/6000 [24:33<1:47:14,  0.76it/s]Testing DataLoader 0:  19%|█▊        | 1119/6000 [24:34<1:47:13,  0.76it/s]Testing DataLoader 0:  19%|█▊        | 1120/6000 [24:36<1:47:11,  0.76it/s]Testing DataLoader 0:  19%|█▊        | 1121/6000 [24:37<1:47:10,  0.76it/s]Testing DataLoader 0:  19%|█▊        | 1122/6000 [24:38<1:47:09,  0.76it/s]Testing DataLoader 0:  19%|█▊        | 1123/6000 [24:40<1:47:08,  0.76it/s]Testing DataLoader 0:  19%|█▊        | 1124/6000 [24:41<1:47:06,  0.76it/s]Testing DataLoader 0:  19%|█▉        | 1125/6000 [24:42<1:47:05,  0.76it/s]Testing DataLoader 0:  19%|█▉        | 1126/6000 [24:44<1:47:04,  0.76it/s]Testing DataLoader 0:  19%|█▉        | 1127/6000 [24:45<1:47:02,  0.76it/s]Testing DataLoader 0:  19%|█▉        | 1128/6000 [24:46<1:47:01,  0.76it/s]Testing DataLoader 0:  19%|█▉        | 1129/6000 [24:48<1:47:00,  0.76it/s]Testing DataLoader 0:  19%|█▉        | 1130/6000 [24:49<1:46:58,  0.76it/s]Testing DataLoader 0:  19%|█▉        | 1131/6000 [24:50<1:46:57,  0.76it/s]Testing DataLoader 0:  19%|█▉        | 1132/6000 [24:52<1:46:56,  0.76it/s]Testing DataLoader 0:  19%|█▉        | 1133/6000 [24:53<1:46:54,  0.76it/s]Testing DataLoader 0:  19%|█▉        | 1134/6000 [24:54<1:46:53,  0.76it/s]Testing DataLoader 0:  19%|█▉        | 1135/6000 [24:55<1:46:52,  0.76it/s]Testing DataLoader 0:  19%|█▉        | 1136/6000 [24:57<1:46:50,  0.76it/s]Testing DataLoader 0:  19%|█▉        | 1137/6000 [24:58<1:46:49,  0.76it/s]Testing DataLoader 0:  19%|█▉        | 1138/6000 [24:59<1:46:48,  0.76it/s]Testing DataLoader 0:  19%|█▉        | 1139/6000 [25:01<1:46:46,  0.76it/s]Testing DataLoader 0:  19%|█▉        | 1140/6000 [25:02<1:46:45,  0.76it/s]Testing DataLoader 0:  19%|█▉        | 1141/6000 [25:03<1:46:44,  0.76it/s]Testing DataLoader 0:  19%|█▉        | 1142/6000 [25:05<1:46:43,  0.76it/s]Testing DataLoader 0:  19%|█▉        | 1143/6000 [25:06<1:46:41,  0.76it/s]Testing DataLoader 0:  19%|█▉        | 1144/6000 [25:07<1:46:40,  0.76it/s]Testing DataLoader 0:  19%|█▉        | 1145/6000 [25:09<1:46:39,  0.76it/s]Testing DataLoader 0:  19%|█▉        | 1146/6000 [25:10<1:46:37,  0.76it/s]Testing DataLoader 0:  19%|█▉        | 1147/6000 [25:11<1:46:36,  0.76it/s]Testing DataLoader 0:  19%|█▉        | 1148/6000 [25:13<1:46:35,  0.76it/s]Testing DataLoader 0:  19%|█▉        | 1149/6000 [25:14<1:46:33,  0.76it/s]Testing DataLoader 0:  19%|█▉        | 1150/6000 [25:15<1:46:32,  0.76it/s]Testing DataLoader 0:  19%|█▉        | 1151/6000 [25:17<1:46:31,  0.76it/s]Testing DataLoader 0:  19%|█▉        | 1152/6000 [25:18<1:46:29,  0.76it/s]Testing DataLoader 0:  19%|█▉        | 1153/6000 [25:19<1:46:28,  0.76it/s]Testing DataLoader 0:  19%|█▉        | 1154/6000 [25:21<1:46:27,  0.76it/s]Testing DataLoader 0:  19%|█▉        | 1155/6000 [25:22<1:46:25,  0.76it/s]Testing DataLoader 0:  19%|█▉        | 1156/6000 [25:23<1:46:24,  0.76it/s]Testing DataLoader 0:  19%|█▉        | 1157/6000 [25:24<1:46:23,  0.76it/s]Testing DataLoader 0:  19%|█▉        | 1158/6000 [25:26<1:46:21,  0.76it/s]Testing DataLoader 0:  19%|█▉        | 1159/6000 [25:27<1:46:20,  0.76it/s]Testing DataLoader 0:  19%|█▉        | 1160/6000 [25:28<1:46:19,  0.76it/s]Testing DataLoader 0:  19%|█▉        | 1161/6000 [25:30<1:46:18,  0.76it/s]Testing DataLoader 0:  19%|█▉        | 1162/6000 [25:31<1:46:16,  0.76it/s]Testing DataLoader 0:  19%|█▉        | 1163/6000 [25:32<1:46:15,  0.76it/s]Testing DataLoader 0:  19%|█▉        | 1164/6000 [25:34<1:46:14,  0.76it/s]Testing DataLoader 0:  19%|█▉        | 1165/6000 [25:35<1:46:12,  0.76it/s]Testing DataLoader 0:  19%|█▉        | 1166/6000 [25:36<1:46:11,  0.76it/s]Testing DataLoader 0:  19%|█▉        | 1167/6000 [25:38<1:46:10,  0.76it/s]Testing DataLoader 0:  19%|█▉        | 1168/6000 [25:39<1:46:08,  0.76it/s]Testing DataLoader 0:  19%|█▉        | 1169/6000 [25:40<1:46:07,  0.76it/s]Testing DataLoader 0:  20%|█▉        | 1170/6000 [25:42<1:46:06,  0.76it/s]Testing DataLoader 0:  20%|█▉        | 1171/6000 [25:43<1:46:04,  0.76it/s]Testing DataLoader 0:  20%|█▉        | 1172/6000 [25:44<1:46:03,  0.76it/s]Testing DataLoader 0:  20%|█▉        | 1173/6000 [25:46<1:46:02,  0.76it/s]Testing DataLoader 0:  20%|█▉        | 1174/6000 [25:47<1:46:00,  0.76it/s]Testing DataLoader 0:  20%|█▉        | 1175/6000 [25:48<1:45:59,  0.76it/s]Testing DataLoader 0:  20%|█▉        | 1176/6000 [25:50<1:45:58,  0.76it/s]Testing DataLoader 0:  20%|█▉        | 1177/6000 [25:51<1:45:57,  0.76it/s]Testing DataLoader 0:  20%|█▉        | 1178/6000 [25:52<1:45:55,  0.76it/s]Testing DataLoader 0:  20%|█▉        | 1179/6000 [25:53<1:45:54,  0.76it/s]Testing DataLoader 0:  20%|█▉        | 1180/6000 [25:55<1:45:53,  0.76it/s]Testing DataLoader 0:  20%|█▉        | 1181/6000 [25:56<1:45:51,  0.76it/s]Testing DataLoader 0:  20%|█▉        | 1182/6000 [25:57<1:45:50,  0.76it/s]Testing DataLoader 0:  20%|█▉        | 1183/6000 [25:59<1:45:49,  0.76it/s]Testing DataLoader 0:  20%|█▉        | 1184/6000 [26:00<1:45:47,  0.76it/s]Testing DataLoader 0:  20%|█▉        | 1185/6000 [26:01<1:45:46,  0.76it/s]Testing DataLoader 0:  20%|█▉        | 1186/6000 [26:03<1:45:45,  0.76it/s]Testing DataLoader 0:  20%|█▉        | 1187/6000 [26:04<1:45:43,  0.76it/s]Testing DataLoader 0:  20%|█▉        | 1188/6000 [26:05<1:45:42,  0.76it/s]Testing DataLoader 0:  20%|█▉        | 1189/6000 [26:07<1:45:41,  0.76it/s]Testing DataLoader 0:  20%|█▉        | 1190/6000 [26:08<1:45:39,  0.76it/s]Testing DataLoader 0:  20%|█▉        | 1191/6000 [26:09<1:45:38,  0.76it/s]Testing DataLoader 0:  20%|█▉        | 1192/6000 [26:11<1:45:37,  0.76it/s]Testing DataLoader 0:  20%|█▉        | 1193/6000 [26:12<1:45:35,  0.76it/s]Testing DataLoader 0:  20%|█▉        | 1194/6000 [26:13<1:45:34,  0.76it/s]Testing DataLoader 0:  20%|█▉        | 1195/6000 [26:15<1:45:33,  0.76it/s]Testing DataLoader 0:  20%|█▉        | 1196/6000 [26:16<1:45:31,  0.76it/s]Testing DataLoader 0:  20%|█▉        | 1197/6000 [26:17<1:45:30,  0.76it/s]Testing DataLoader 0:  20%|█▉        | 1198/6000 [26:19<1:45:29,  0.76it/s]Testing DataLoader 0:  20%|█▉        | 1199/6000 [26:20<1:45:28,  0.76it/s]Testing DataLoader 0:  20%|██        | 1200/6000 [26:21<1:45:26,  0.76it/s]Testing DataLoader 0:  20%|██        | 1201/6000 [26:22<1:45:25,  0.76it/s]Testing DataLoader 0:  20%|██        | 1202/6000 [26:24<1:45:24,  0.76it/s]Testing DataLoader 0:  20%|██        | 1203/6000 [26:25<1:45:22,  0.76it/s]Testing DataLoader 0:  20%|██        | 1204/6000 [26:26<1:45:21,  0.76it/s]Testing DataLoader 0:  20%|██        | 1205/6000 [26:28<1:45:20,  0.76it/s]Testing DataLoader 0:  20%|██        | 1206/6000 [26:29<1:45:18,  0.76it/s]Testing DataLoader 0:  20%|██        | 1207/6000 [26:30<1:45:17,  0.76it/s]Testing DataLoader 0:  20%|██        | 1208/6000 [26:32<1:45:16,  0.76it/s]Testing DataLoader 0:  20%|██        | 1209/6000 [26:33<1:45:14,  0.76it/s]Testing DataLoader 0:  20%|██        | 1210/6000 [26:34<1:45:13,  0.76it/s]Testing DataLoader 0:  20%|██        | 1211/6000 [26:36<1:45:12,  0.76it/s]Testing DataLoader 0:  20%|██        | 1212/6000 [26:37<1:45:10,  0.76it/s]Testing DataLoader 0:  20%|██        | 1213/6000 [26:38<1:45:09,  0.76it/s]Testing DataLoader 0:  20%|██        | 1214/6000 [26:40<1:45:08,  0.76it/s]Testing DataLoader 0:  20%|██        | 1215/6000 [26:41<1:45:06,  0.76it/s]Testing DataLoader 0:  20%|██        | 1216/6000 [26:42<1:45:05,  0.76it/s]Testing DataLoader 0:  20%|██        | 1217/6000 [26:44<1:45:04,  0.76it/s]Testing DataLoader 0:  20%|██        | 1218/6000 [26:45<1:45:03,  0.76it/s]Testing DataLoader 0:  20%|██        | 1219/6000 [26:46<1:45:01,  0.76it/s]Testing DataLoader 0:  20%|██        | 1220/6000 [26:48<1:45:00,  0.76it/s]Testing DataLoader 0:  20%|██        | 1221/6000 [26:49<1:44:59,  0.76it/s]Testing DataLoader 0:  20%|██        | 1222/6000 [26:50<1:44:57,  0.76it/s]Testing DataLoader 0:  20%|██        | 1223/6000 [26:52<1:44:56,  0.76it/s]Testing DataLoader 0:  20%|██        | 1224/6000 [26:53<1:44:55,  0.76it/s]Testing DataLoader 0:  20%|██        | 1225/6000 [26:54<1:44:53,  0.76it/s]Testing DataLoader 0:  20%|██        | 1226/6000 [26:55<1:44:52,  0.76it/s]Testing DataLoader 0:  20%|██        | 1227/6000 [26:57<1:44:51,  0.76it/s]Testing DataLoader 0:  20%|██        | 1228/6000 [26:58<1:44:49,  0.76it/s]Testing DataLoader 0:  20%|██        | 1229/6000 [26:59<1:44:48,  0.76it/s]Testing DataLoader 0:  20%|██        | 1230/6000 [27:01<1:44:47,  0.76it/s]Testing DataLoader 0:  21%|██        | 1231/6000 [27:02<1:44:45,  0.76it/s]Testing DataLoader 0:  21%|██        | 1232/6000 [27:03<1:44:44,  0.76it/s]Testing DataLoader 0:  21%|██        | 1233/6000 [27:05<1:44:43,  0.76it/s]Testing DataLoader 0:  21%|██        | 1234/6000 [27:06<1:44:41,  0.76it/s]Testing DataLoader 0:  21%|██        | 1235/6000 [27:07<1:44:40,  0.76it/s]Testing DataLoader 0:  21%|██        | 1236/6000 [27:09<1:44:39,  0.76it/s]Testing DataLoader 0:  21%|██        | 1237/6000 [27:10<1:44:38,  0.76it/s]Testing DataLoader 0:  21%|██        | 1238/6000 [27:11<1:44:36,  0.76it/s]Testing DataLoader 0:  21%|██        | 1239/6000 [27:13<1:44:35,  0.76it/s]Testing DataLoader 0:  21%|██        | 1240/6000 [27:14<1:44:34,  0.76it/s]Testing DataLoader 0:  21%|██        | 1241/6000 [27:15<1:44:32,  0.76it/s]Testing DataLoader 0:  21%|██        | 1242/6000 [27:17<1:44:31,  0.76it/s]Testing DataLoader 0:  21%|██        | 1243/6000 [27:18<1:44:30,  0.76it/s]Testing DataLoader 0:  21%|██        | 1244/6000 [27:19<1:44:28,  0.76it/s]Testing DataLoader 0:  21%|██        | 1245/6000 [27:21<1:44:27,  0.76it/s]Testing DataLoader 0:  21%|██        | 1246/6000 [27:22<1:44:26,  0.76it/s]Testing DataLoader 0:  21%|██        | 1247/6000 [27:23<1:44:24,  0.76it/s]Testing DataLoader 0:  21%|██        | 1248/6000 [27:24<1:44:23,  0.76it/s]Testing DataLoader 0:  21%|██        | 1249/6000 [27:26<1:44:22,  0.76it/s]Testing DataLoader 0:  21%|██        | 1250/6000 [27:26<1:44:17,  0.76it/s]Testing DataLoader 0:  21%|██        | 1251/6000 [27:27<1:44:12,  0.76it/s]Testing DataLoader 0:  21%|██        | 1252/6000 [27:27<1:44:07,  0.76it/s]Testing DataLoader 0:  21%|██        | 1253/6000 [27:27<1:44:02,  0.76it/s]Testing DataLoader 0:  21%|██        | 1254/6000 [27:28<1:43:57,  0.76it/s]Testing DataLoader 0:  21%|██        | 1255/6000 [27:28<1:43:52,  0.76it/s]Testing DataLoader 0:  21%|██        | 1256/6000 [27:28<1:43:47,  0.76it/s]Testing DataLoader 0:  21%|██        | 1257/6000 [27:30<1:43:46,  0.76it/s]Testing DataLoader 0:  21%|██        | 1258/6000 [27:31<1:43:45,  0.76it/s]Testing DataLoader 0:  21%|██        | 1259/6000 [27:32<1:43:43,  0.76it/s]Testing DataLoader 0:  21%|██        | 1260/6000 [27:34<1:43:42,  0.76it/s]Testing DataLoader 0:  21%|██        | 1261/6000 [27:35<1:43:41,  0.76it/s]Testing DataLoader 0:  21%|██        | 1262/6000 [27:36<1:43:40,  0.76it/s]Testing DataLoader 0:  21%|██        | 1263/6000 [27:38<1:43:38,  0.76it/s]Testing DataLoader 0:  21%|██        | 1264/6000 [27:39<1:43:37,  0.76it/s]Testing DataLoader 0:  21%|██        | 1265/6000 [27:40<1:43:36,  0.76it/s]Testing DataLoader 0:  21%|██        | 1266/6000 [27:42<1:43:34,  0.76it/s]Testing DataLoader 0:  21%|██        | 1267/6000 [27:43<1:43:33,  0.76it/s]Testing DataLoader 0:  21%|██        | 1268/6000 [27:44<1:43:32,  0.76it/s]Testing DataLoader 0:  21%|██        | 1269/6000 [27:45<1:43:31,  0.76it/s]Testing DataLoader 0:  21%|██        | 1270/6000 [27:47<1:43:29,  0.76it/s]Testing DataLoader 0:  21%|██        | 1271/6000 [27:48<1:43:28,  0.76it/s]Testing DataLoader 0:  21%|██        | 1272/6000 [27:49<1:43:27,  0.76it/s]Testing DataLoader 0:  21%|██        | 1273/6000 [27:51<1:43:25,  0.76it/s]Testing DataLoader 0:  21%|██        | 1274/6000 [27:52<1:43:24,  0.76it/s]Testing DataLoader 0:  21%|██▏       | 1275/6000 [27:53<1:43:23,  0.76it/s]Testing DataLoader 0:  21%|██▏       | 1276/6000 [27:55<1:43:21,  0.76it/s]Testing DataLoader 0:  21%|██▏       | 1277/6000 [27:56<1:43:20,  0.76it/s]Testing DataLoader 0:  21%|██▏       | 1278/6000 [27:57<1:43:19,  0.76it/s]Testing DataLoader 0:  21%|██▏       | 1279/6000 [27:59<1:43:18,  0.76it/s]Testing DataLoader 0:  21%|██▏       | 1280/6000 [28:00<1:43:16,  0.76it/s]Testing DataLoader 0:  21%|██▏       | 1281/6000 [28:01<1:43:15,  0.76it/s]Testing DataLoader 0:  21%|██▏       | 1282/6000 [28:03<1:43:14,  0.76it/s]Testing DataLoader 0:  21%|██▏       | 1283/6000 [28:04<1:43:12,  0.76it/s]Testing DataLoader 0:  21%|██▏       | 1284/6000 [28:05<1:43:11,  0.76it/s]Testing DataLoader 0:  21%|██▏       | 1285/6000 [28:07<1:43:10,  0.76it/s]Testing DataLoader 0:  21%|██▏       | 1286/6000 [28:08<1:43:09,  0.76it/s]Testing DataLoader 0:  21%|██▏       | 1287/6000 [28:09<1:43:07,  0.76it/s]Testing DataLoader 0:  21%|██▏       | 1288/6000 [28:11<1:43:06,  0.76it/s]Testing DataLoader 0:  21%|██▏       | 1289/6000 [28:12<1:43:05,  0.76it/s]Testing DataLoader 0:  22%|██▏       | 1290/6000 [28:13<1:43:03,  0.76it/s]Testing DataLoader 0:  22%|██▏       | 1291/6000 [28:15<1:43:02,  0.76it/s]Testing DataLoader 0:  22%|██▏       | 1292/6000 [28:16<1:43:01,  0.76it/s]Testing DataLoader 0:  22%|██▏       | 1293/6000 [28:17<1:43:00,  0.76it/s]Testing DataLoader 0:  22%|██▏       | 1294/6000 [28:18<1:42:58,  0.76it/s]Testing DataLoader 0:  22%|██▏       | 1295/6000 [28:20<1:42:57,  0.76it/s]Testing DataLoader 0:  22%|██▏       | 1296/6000 [28:21<1:42:56,  0.76it/s]Testing DataLoader 0:  22%|██▏       | 1297/6000 [28:22<1:42:54,  0.76it/s]Testing DataLoader 0:  22%|██▏       | 1298/6000 [28:24<1:42:53,  0.76it/s]Testing DataLoader 0:  22%|██▏       | 1299/6000 [28:25<1:42:52,  0.76it/s]Testing DataLoader 0:  22%|██▏       | 1300/6000 [28:26<1:42:51,  0.76it/s]Testing DataLoader 0:  22%|██▏       | 1301/6000 [28:28<1:42:49,  0.76it/s]Testing DataLoader 0:  22%|██▏       | 1302/6000 [28:29<1:42:48,  0.76it/s]Testing DataLoader 0:  22%|██▏       | 1303/6000 [28:29<1:42:43,  0.76it/s][MFD audit] wrote 83,005 events -> /scratch/yw8866/rec-tmall/mfd_pmqqf_poolsweep_dump.pt
[MFD audit] CATALOG UNIT TEST: GT tuples NOT in catalog = 0 / 83005 (0.0000%) -- expected 0 if the constraint hash is correct.
[MFD audit] catalog OK -> any 'GT not in pool' is POOL TRUNCATION (rank>Kpool), not a catalog bug.
Testing DataLoader 0:  22%|██▏       | 1303/6000 [28:33<1:42:55,  0.76it/s]
[[36m2026-08-01 19:03:37,579[0m][[34m__main__[0m][[32mINFO[0m] - [rank: 0] Best ckpt path: /scratch/yw8866/rec-tmall/_mfd_pmqqf_poolsweep.ckpt[0m
[[36m2026-08-01 19:03:37,580[0m][[34m__main__[0m][[32mINFO[0m] - [rank: 0] Metrics: {}[0m
[[36m2026-08-01 19:03:37,667[0m][[34msrc.utils.logging_utils[0m][[32mINFO[0m] - [rank: 0] Closing wandb![0m
wandb:                                                                                
wandb: 🚀 View run tiger-mb-2026-08-01_18-34-50 at: https://wandb.ai/erichkingruc-new-york-university/MMMBGRec/runs/3jxc82bh
wandb: ⭐️ View project at: https://wandb.ai/erichkingruc-new-york-university/MMMBGRec
wandb: Synced 5 W&B file(s), 0 media file(s), 0 artifact file(s) and 0 other file(s)
wandb: Find logs at: ./logs/train/runs/2026-08-01/18-34-49/wandb/run-20260801_183458-3jxc82bh/logs
[[36m2026-08-01 19:03:47,248[0m][[34msrc.utils.restart_job[0m][[32mINFO[0m] - [rank: 0] Job finished successfully.[0m

==========================================================================
MFD AUDIT
==========================================================================
  dump: /scratch/yw8866/rec-tmall/mfd_pmqqf_poolsweep_dump.pt
  events=83,005  nb=4  Kf=200 Kt=200 Ki=50 Kpool=500  tau=1.0  w_b(run)=1.0
    pv   :   77,833 events
    fav  :    2,042 events
    cart :    1,554 events
    buy  :    1,576 events

==========================================================================
0a  POOL ROUTING  (w_b=1.0)  — union vs routed vs committed
==========================================================================
  scoring / track                     recall@5 recall@10
  -- t1 (buy events, SID-only) --
  t1 union                              0.9645    0.9778
  t1 routed (buy branch)                0.9753    0.9835
  t1 committed (cited)                  0.8932    0.9403
  -- t2 (all events, SID-only, beh-conditioned) --
  t2 union                              0.1943    0.2079
  t2 routed (GT-beh branch)             0.2027    0.2112
  t2 committed (cited)                       -    0.1996
  -- t3 (free-gen joint = behavior+SID) --
  t3 union (marginalized)               0.1879    0.2041
  t3 committed (cited)                       -    0.1899

  DECISION:
    ROUTED RECOVERS COMMITTED (t1 routed @10=0.984≈0.940, @5=0.975≈0.893) -> the t1 'collapse' is a scoring ARTIFACT of
    ranking behavior-conditioned tracks against the 4-way union pool. Standing readout:
    t3 from union/marginalized, t1/t2 from ROUTED. Update the eval path + §11.

==========================================================================
0c  COVERAGE vs ORDERING  (w_b=1.0)
==========================================================================
  loss decomposition + in-pool rank (by behavior; oracle = coverage@pool):
  ALL      n=  83005   coverage@pool=0.2615   f_pruned=0.244 branch_t=0.024 branch_i=0.138 trunc=0.3318 cat_invalid=0.0000
           in-pool rank: P(<5)=0.719 P(<10)=0.781 P(10-500)=0.213 median=1
  pv       n=  77833   coverage@pool=0.2130   f_pruned=0.260 branch_t=0.026 branch_i=0.148 trunc=0.3537 cat_invalid=0.0000
           in-pool rank: P(<5)=0.665 P(<10)=0.734 P(10-500)=0.265 median=1
  fav      n=   2042   coverage@pool=0.9887   f_pruned=0.004 branch_t=0.000 branch_i=0.003 trunc=0.0034 cat_invalid=0.0000
           in-pool rank: P(<5)=0.891 P(<10)=0.927 P(10-500)=0.048 median=0
  cart     n=   1554   coverage@pool=0.9942   f_pruned=0.004 branch_t=0.000 branch_i=0.001 trunc=0.0006 cat_invalid=0.0000
           in-pool rank: P(<5)=0.922 P(<10)=0.948 P(10-500)=0.036 median=0
  buy      n=   1576   coverage@pool=0.9943   f_pruned=0.005 branch_t=0.000 branch_i=0.000 trunc=0.0006 cat_invalid=0.0000
           in-pool rank: P(<5)=0.861 P(<10)=0.924 P(10-500)=0.061 median=1

  ORACLE recall (coverage@pool, any reranker's ceiling) = 0.2615
  current t3@10 (union) = 0.2041   -> ORDERING HEADROOM = +0.0574
  composed-but-not-pooled split: cat_invalid=0 (real catalog bug)  trunc=27539 (GT valid, rank>Kpool=500)

  DECISION:
    catalog OK (0 GT invalid). The 27539 composed-but-not-pooled are POOL
    TRUNCATION (GT valid but ranked >Kpool=500); they do NOT affect recall@10 (top-10
    only) and are fixed by a larger pool / reranker, not a catalog rebuild.
    COVERAGE is the binding constraint, concentrated in f/K_f (=0.244):
    cheap inference-only widening of that K is the first lever (see the K_f sweep).

==========================================================================
K_f COVERAGE SWEEP  (oracle ceiling from full ranks; K_t=K_i fixed at the dump values)
==========================================================================
  (branch/catalog ceiling with K_t=200,K_i=50: the max coverage any K_f can reach)
  K_f        cov_pv    cov_fav   cov_cart    cov_buy    cov_ALL
  10         0.3096     0.9731     0.9813     0.9879     0.3514
  20         0.3579     0.9775     0.9884     0.9898     0.3970
  50         0.4341     0.9848     0.9910     0.9930     0.4687
  100        0.4988     0.9887     0.9942     0.9930     0.5295
  200        0.5667     0.9922     0.9949     0.9949     0.5933
  K_f=inf ceiling (branch+catalog only) cov_ALL = 0.7414
  -> the knee is where cov_ALL stops climbing; that K_f is the cheap t3 win. Confirm the
     actual t3@10 at the chosen K_f with a real eval run (mfd_kf_sweep.sbatch).

==========================================================================
CONFIG GRID  (G1..G6)  — oracle coverage@(K_f,K_t,K_i) from full ranks
==========================================================================
  NOTE: K_pool is NOT an axis here — recall@{5,10} is K_pool-invariant (top-10 of a
        top-K_pool pool == top-10 overall), so G1==G2 and G5==G6 on both recall AND this
        oracle coverage. K_pool only shifts coverage@pool (truncation), which needs the
        scored pool; see 0c for that at the dump's K_pool.

  cfg   K_f   K_t   K_i K_pool   cov_ALL   cov_pv  cov_buy  f_pruned  branch_t  branch_i
  G1    200    10    10     50    0.2789   0.2315   0.9937    0.2439    0.3978    0.0794
  G2    200    10    10    200    0.2789   0.2315   0.9937    0.2439    0.3978    0.0794
  G3    200    50    20    200    0.3997   0.3603   0.9949    0.2439    0.1989    0.1575
  G4    200   200    50    200    0.5933   0.5667   0.9949    0.2439    0.0243    0.1385
  G5    200  1024  1024    200    0.7561   0.7401   0.9949    0.2439    0.0000    0.0000
  G6    200  1024  1024    500    0.7561   0.7401   0.9949    0.2439    0.0000    0.0000

  Reading it: G1->G3->G4->G5 shows branch widening converting branch_t/branch_i into
  coverage (text is the weak link, so K_t moves it most). G4 (K_t=200) vs G5 (K_t=1024)
  isolates how much text mass lives beyond the effective support. G2-G1 and G6-G5 are 0
  here (K_pool only) — the truncation they target is a coverage@pool / pool-rank effect,
  not a coverage@(K_f,K_t,K_i) or recall effect.

==========================================================================
K_pool SWEEP  (G4 branch width; coverage@pool + P(rank<10) from GT union rank, w_b=1.0)
==========================================================================
  (dump stored 2000 union candidates; coverage@K valid for K<=that. recall@10 is the
   K_pool-invariant P(rank<10) over ALL events.)
   K_pool   cov_ALL   cov_pv  cov_buy  P(r<10|cov)  recall@10 median_r|cov
      500    0.2599   0.2126   0.9791       0.7853     0.2041            1
     1000    0.2615   0.2130   0.9918       0.7807     0.2041            1
     2000    0.2615   0.2130   0.9943       0.7805     0.2041            1

  Reading it: cov_ALL climbs with K_pool (less truncation), but recall@10 is flat and
  P(r<10|cov) FALLS -- the newly-covered GTs land at high ranks, so pool widening buys
  coverage, not recall. Only a better ranker (or sharper branch posteriors, e.g. CMIR)
  converts that covered-but-outranked mass into top-10.

==========================================================================
0b  CONTENTION  — teacher-forced per-level accuracy at GT f (shared h_f)
==========================================================================
  MFD (text & image heads share h_f):
    acc(t | GT f)         top1=0.2446  top5=0.3462
    acc(i | GT f)         top1=0.2612  top5=0.3877
  Chain (text head owns h_f; image head owns h_t):
    acc(t | GT f)         top1=0.2437  top5=0.3412
    acc(i | GT f, GT t)   top1=0.3043  top5=0.4222

  gaps (chain - MFD):  text top1=-0.0009 top5=-0.0050   image top1=+0.0431 top5=+0.0344

  DECISION:
    TEXT accuracy matches chain within noise (-0.0009/-0.0050)
    -> NO contention; the t1 drop is elsewhere (0a artifact / scoring). PMQ is NOT
    the lever — redirect Step-1 budget to the ranker.
